<?xml version="1.0" encoding="UTF-8" standalone="no" ?>
<COLLADA version="1.4.1" xmlns="http://www.collada.org/2005/11/COLLADASchema">

  <asset>
    <contributor>
      <authoring_tool>ONSHAPE BY PTC INC, 1.203</authoring_tool>
    </contributor>
    <created>2025-09-03T05:24:38</created>
    <modified>2025-09-03T05:24:38</modified>
    <unit meter="1" name="meters"/>
    <up_axis>Z_UP</up_axis>
  </asset>

  <library_materials>
    <material id="ID9" name="ID9">
      <instance_effect url="#ID9-fx"/>
    </material>
    <material id="ID10" name="ID10">
      <instance_effect url="#ID10-fx"/>
    </material>
    <material id="ID11" name="ID11">
      <instance_effect url="#ID11-fx"/>
    </material>
  </library_materials>

  <library_effects>
    <effect id="ID9-fx" name="ID9">
      <profile_COMMON>
        <technique sid="COMMON">
          <lambert>
            <diffuse>
              <color sid="diffuse">0 0 0 1</color>
            </diffuse>
            <transparent opaque="A_ONE">
              <color sid="transparent">1 1 1 1</color>
            </transparent>
            <transparency>
              <float sid="transparency">1</float>
            </transparency>
          </lambert>
        </technique>
        <extra>
          <technique profile="OTHER">
            <double_sided>1</double_sided>
          </technique>
        </extra>
      </profile_COMMON>
    </effect>
    <effect id="ID10-fx" name="ID10">
      <profile_COMMON>
        <technique sid="COMMON">
          <lambert>
            <diffuse>
              <color sid="diffuse">0.792157 0.819608 0.929412 1</color>
            </diffuse>
            <transparent opaque="A_ONE">
              <color sid="transparent">1 1 1 1</color>
            </transparent>
            <transparency>
              <float sid="transparency">1</float>
            </transparency>
          </lambert>
        </technique>
        <extra>
          <technique profile="OTHER">
            <double_sided>1</double_sided>
          </technique>
        </extra>
      </profile_COMMON>
    </effect>
    <effect id="ID11-fx" name="ID11">
      <profile_COMMON>
        <technique sid="COMMON">
          <lambert>
            <diffuse>
              <color sid="diffuse">0.8 0.772549 0.709804 1</color>
            </diffuse>
            <transparent opaque="A_ONE">
              <color sid="transparent">1 1 1 1</color>
            </transparent>
            <transparency>
              <float sid="transparency">1</float>
            </transparency>
          </lambert>
        </technique>
        <extra>
          <technique profile="OTHER">
            <double_sided>1</double_sided>
          </technique>
        </extra>
      </profile_COMMON>
    </effect>
  </library_effects>

  <library_geometries>
    <geometry id="ID3">
      <mesh>
        <source id="ID4">
          <float_array count="12582" id="ID5">-0.01335 0.0029082 0.000736456 -0.01335 0.00274732 0.00120509 -0.01335 0.00310208 0.000785554 -0.01335 -0.0025115 0.00164084 -0.01335 -0.00235432 0.0021673 -0.01335 -0.00220717 0.00203184 -0.01335 0.00298975 0.000247738 -0.01335 0.00318907 0.000264254 -0.01335 0.00293047 0.00128543 -0.01335 0.0025115 0.00164084 -0.01335 0.00298975 -0.000247738 -0.01335 0.00318907 -0.000264254 -0.01335 0.00235432 0.0021673 -0.01335 0.00267893 0.00175023 -0.01335 0.00220717 0.00203184 -0.01335 0.00196548 0.00252525 -0.01335 0.00184264 0.00236742 -0.01335 0.00152303 0.00281432 -0.01335 0.00310208 -0.000785554 -0.01335 0.0029082 -0.000736456 -0.01335 0.00142784 0.00263842 -0.01335 0.000974098 0.00283745 -0.01335 0.00103904 0.00302662 -0.01335 0.00293047 -0.00128543 -0.01335 0.00274732 -0.00120509 -0.01335 0.00220717 -0.00203184 -0.01335 0.00196548 -0.00252525 -0.01335 0.00184264 -0.00236742 -0.01335 0.00267893 -0.00175023 -0.01335 0.0025115 -0.00164084 -0.01335 0.000526703 -0.00315636 -0.01335 0.000493784 -0.00295908 -0.01335 0.00103904 -0.00302662 -0.01335 -0.000526703 0.00315636 -0.01335 -0.000493784 0.00295908 -0.01335 -0.00103904 0.00302662 -0.01335 -0.000974098 -0.00283745 -0.01335 -0.000526703 -0.00315636 -0.01335 -0.00103904 -0.00302662 -0.01335 -0.00196548 0.00252525 -0.01335 -0.00184264 0.00236742 -0.01335 -0.00196548 -0.00252525 -0.01335 -0.00235432 -0.0021673 -0.01335 -0.00220717 -0.00203184 -0.01335 -0.00293047 0.00128543 -0.01335 -0.00274732 0.00120509 -0.01335 -0.0029082 0.000736456 -0.01335 -0.00310208 -0.000785554 -0.01335 -0.0029082 -0.000736456 -0.01335 -0.00274732 -0.00120509 -0.01335 -0.00318907 -0.000264254 -0.01335 -0.00298975 -0.000247738 -0.01335 -0.00267893 -0.00175023 -0.01335 -0.0025115 -0.00164084 -0.01335 -0.00293047 -0.00128543 -0.01335 -0.00298975 0.000247738 -0.01335 -0.00310208 0.000785554 -0.01335 -0.00318907 0.000264254 -0.01335 -0.00152303 -0.00281432 -0.01335 -0.00142784 -0.00263842 -0.01335 -0.00184264 -0.00236742 -0.01335 -0.000493784 -0.00295908 -0.01335 0 -0.0032 -0.01335 -0.00267893 0.00175023 -0.01335 -0.00152303 0.00281432 -0.01335 -0.00142784 0.00263842 -0.01335 -0.000974098 0.00283745 -0.01335 0.00142784 -0.00263842 -0.01335 0.00152303 -0.00281432 -0.01335 0.000974098 -0.00283745 -0.01335 0 0.003 -0.01335 1.0292e-18 0.0032 -0.01335 0.000526703 0.00315636 -0.01335 0.000493784 0.00295908 -0.01335 0.00235432 -0.0021673 -0.01335 9.64874e-19 -0.003 -0.022 0.00200999 0.00148658 -0.022 0.00223231 0.00112551 -0.022 -0.00121924 -0.00218254 -0.022 0.00157055 -0.00194509 -0.022 0.00121924 -0.00218254 -0.022 0.00212882 -0.00131077 -0.022 0.00187668 -0.00165169 -0.022 0.00083285 -0.00235719 -0.022 0.00231972 -0.000932141 -0.022 0.00244389 -0.000526698 -0.022 0.000422502 -0.00246404 -0.022 0 -0.0025 -0.022 0.00249775 -0.000106103 -0.022 0.00239042 0.000732057 -0.022 -0.000422502 -0.00246404 -0.022 -0.00083285 -0.00235719 -0.022 0.00247975 0.000317545 -0.022 0.00139994 0.00207127 -0.022 -0.00212882 -0.00131077 -0.022 0.00102975 0.00227807 -0.022 -0.00187668 -0.00165169 -0.022 0.00172985 0.00180489 -0.022 -0.00157055 -0.00194509 -0.022 0.000629945 0.00241933 -0.022 -0.00231972 -0.000932141 -0.022 -0.00244389 -0.000526698 -0.022 -0.000629945 0.00241933 -0.022 -0.00247975 0.000317545 -0.022 -0.00239042 0.000732057 -0.022 -0.000212015 0.00249099 -0.022 0.000212015 0.00249099 -0.022 -0.00249775 -0.000106103 -0.022 -0.00139994 0.00207127 -0.022 -0.00200999 0.00148658 -0.022 -0.00172985 0.00180489 -0.022 -0.00223231 0.00112551 -0.022 -0.00102975 0.00227807 -0.01535 0.0022142 0.00231026 -0.01535 0.00179192 0.00265123 -0.01535 0.005 0.00288675 -0.01535 -0.00080633 0.00309675 -0.01535 -0.00131808 0.00291593 -0.01535 -5.38561e-18 0.0057735 -0.01535 -0.00317408 0.000406457 -0.01535 -0.005 0.00288675 -0.01535 -0.00305973 0.000937033 -0.01535 0.00319712 -0.000135812 -0.01535 0.005 -0.00288675 -0.01535 0.00312818 -0.000674174 -0.01535 -0.00240215 -0.00211416 -0.01535 -0.005 -0.00288675 -0.01535 -0.00272489 -0.00167778 -0.01535 7.04889e-18 -0.0057735 -0.01535 0 -0.0032 -0.01535 0.000540803 -0.00315397 -0.01535 0.00106605 -0.00301721 -0.01535 0.00156062 -0.00279365 -0.01535 0.0020103 -0.00248971 -0.01535 0.00272489 -0.00167778 -0.01535 0.00240215 -0.00211416 -0.01535 0.00296924 -0.00119314 -0.01535 0.00317408 0.000406457 -0.01535 0.00285736 0.00144065 -0.01535 0.00305973 0.000937033 -0.01535 0.00257279 0.00190283 -0.01535 0.00131808 0.00291593 -0.01535 0.000271379 0.00318847 -0.01535 0.00080633 0.00309675 -0.01535 -0.000271379 0.00318847 -0.01535 -0.00179192 0.00265123 -0.01535 -0.00257279 0.00190283 -0.01535 -0.0022142 0.00231026 -0.01535 -0.00285736 0.00144065 -0.01535 -0.00319712 -0.000135812 -0.01535 -0.00296924 -0.00119314 -0.01535 -0.00312818 -0.000674174 -0.01535 -0.0020103 -0.00248971 -0.01535 -0.00156062 -0.00279365 -0.01535 -0.000540803 -0.00315397 -0.01535 -0.00106605 -0.00301721 -0.01335 0.0025 -0.00433013 -0.01535 7.04889e-18 -0.0057735 -0.01535 0.005 -0.00288675 -0.01335 1.2582e-18 -0.0057735 -0.01335 0.005 -0.00288675 -0.01335 0.005 -8.88178e-19 -0.01535 0.005 -0.00288675 -0.01535 0.005 0.00288675 -0.01335 0.005 -0.00288675 -0.01335 0.005 0.00288675 -0.01335 0.0025 0.00433013 -0.01535 0.005 0.00288675 -0.01535 -5.38561e-18 0.0057735 -0.01335 0.005 0.00288675 -0.01335 7.03252e-19 0.0057735 -0.01335 -0.0025 0.00433013 -0.01535 -5.38561e-18 0.0057735 -0.01535 -0.005 0.00288675 -0.01335 7.03252e-19 0.0057735 -0.01335 -0.005 0.00288675 -0.01335 -0.005 1.77636e-18 -0.01535 -0.005 0.00288675 -0.01535 -0.005 -0.00288675 -0.01335 -0.005 0.00288675 -0.01335 -0.005 -0.00288675 -0.01335 -0.0025 -0.00433013 -0.01535 -0.005 -0.00288675 -0.01535 7.04889e-18 -0.0057735 -0.01335 -0.005 -0.00288675 -0.01335 1.2582e-18 -0.0057735 -0.01335 -0.000867214 0.00492414 -0.01335 7.03252e-19 0.0057735 -0.01335 -0.00170941 0.00469864 -0.01335 0.000869048 0.00492386 -0.01335 0.00171052 0.0046983 -0.01335 0.0025 0.00433013 -0.01335 1.04334e-06 0.00499994 -0.01335 -0.0025 0.00433013 -0.01335 -0.005 0.00288675 -0.01335 -0.00469846 0.0017101 -0.01335 -0.00433013 0.0025 -0.01335 -0.00383022 0.00321394 -0.01335 -0.00321394 0.00383022 -0.01335 -0.0025 0.00433013 -0.01335 -0.00492404 0.000868241 -0.01335 -0.005 1.77636e-18 -0.01335 -0.00492404 -0.000868241 -0.01335 -0.005 1.77636e-18 -0.01335 -0.005 -0.00288675 -0.01335 -0.00321394 -0.00383022 -0.01335 -0.00383022 -0.00321394 -0.01335 -0.00433013 -0.0025 -0.01335 -0.00469846 -0.0017101 -0.01335 -0.0025 -0.00433013 -0.01335 -0.00171061 -0.00469826 -0.01335 -0.0025 -0.00433013 -0.01335 1.2582e-18 -0.0057735 -0.01335 9.49411e-18 -0.005 -0.01335 -0.000868913 -0.00492387 -0.01335 0.000867693 -0.00492412 -0.01335 0.0025 -0.00433013 -0.01335 0.00170944 -0.00469866 -0.01335 0.005 -0.00288675 -0.01335 0.00492404 -0.000868241 -0.01335 0.00469846 -0.0017101 -0.01335 0.005 -8.88178e-19 -0.01335 0.00321394 -0.00383022 -0.01335 0.0025 -0.00433013 -0.01335 0.00433013 -0.0025 -0.01335 0.00383022 -0.00321394 -0.01335 0.005 0.00288675 -0.01335 0.00383022 0.00321394 -0.01335 0.00433013 0.0025 -0.01335 0.00469846 0.0017101 -0.01335 0.00492404 0.000868241 -0.01335 0.005 -8.88178e-19 -0.01335 0.00321394 0.00383022 -0.01335 0.0025 0.00433013 0.01335 0.00167992 0.00248553 0.01335 0.0022142 0.00231026 0.01335 0.00179192 0.00265123 0.01335 0.00225202 -0.00198202 0.01335 0.00272489 -0.00167778 0.01335 0.00255459 -0.00157292 0.01335 0.00296924 -0.00119314 0.01335 0.00278367 -0.00111857 0.01335 0.00240215 -0.00211416 0.01335 0.0020103 -0.00248971 0.01335 0.00312818 -0.000674174 0.01335 0.00293267 -0.000632038 0.01335 0.00188466 -0.00233411 0.01335 0.00156062 -0.00279365 0.01335 0.00319712 -0.000135812 0.01335 0.0029973 -0.000127324 0.01335 0.00146308 -0.00261904 0.01335 0.000999419 -0.00282863 0.01335 0.00106605 -0.00301721 0.01335 0.0029757 0.000381053 0.01335 0.00317408 0.000406457 0.01335 -0.000540803 -0.00315397 0.01335 0 -0.003 0.01335 -0.000507002 -0.00295685 0.01335 0.0028685 0.000878468 0.01335 0.00305973 0.000937033 0.01335 0.000254418 0.00298919 0.01335 0.00080633 0.00309675 0.01335 0.000271379 0.00318847 0.01335 -0.0020103 -0.00248971 0.01335 -0.00156062 -0.00279365 0.01335 -0.00146308 -0.00261904 0.01335 -0.00278367 -0.00111857 0.01335 -0.00272489 -0.00167778 0.01335 -0.00255459 -0.00157292 0.01335 -0.0029757 0.000381053 0.01335 -0.00319712 -0.000135812 0.01335 -0.0029973 -0.000127324 0.01335 -0.00080633 0.00309675 0.01335 -0.00131808 0.00291593 0.01335 -0.0012357 0.00273369 0.01335 -0.00241199 0.0017839 0.01335 -0.00285736 0.00144065 0.01335 -0.00267878 0.00135061 0.01335 -0.00207582 0.00216587 0.01335 -0.00257279 0.00190283 0.01335 -0.00317408 0.000406457 0.01335 -0.0028685 0.000878468 0.01335 -0.00305973 0.000937033 0.01335 -0.00179192 0.00265123 0.01335 -0.00167992 0.00248553 0.01335 -0.0022142 0.00231026 0.01335 -0.00312818 -0.000674174 0.01335 -0.00293267 -0.000632038 0.01335 -0.000271379 0.00318847 0.01335 -0.000755934 0.0029032 0.01335 -0.00296924 -0.00119314 0.01335 -0.00240215 -0.00211416 0.01335 -0.00225202 -0.00198202 0.01335 -0.000254418 0.00298919 0.01335 0.000755934 0.0029032 0.01335 0.00131808 0.00291593 0.01335 -0.00188466 -0.00233411 0.01335 -0.000999419 -0.00282863 0.01335 -0.00106605 -0.00301721 0.01335 0.0012357 0.00273369 0.01335 0.00241199 0.0017839 0.01335 0.00207582 0.00216587 0.01335 0.00267878 0.00135061 0.01335 0.00285736 0.00144065 0.01335 0.00257279 0.00190283 0.01335 0 -0.0032 0.01335 0.000540803 -0.00315397 0.01335 0.000507002 -0.00295685 0.022 0 -0.0025 0.022 0.0024235 0.000613714 0.022 0.00228943 0.00100424 0.022 0.00228943 -0.00100424 0.022 0.00153553 -0.00197285 0.022 0.00183931 -0.0016932 0.022 0.00209292 -0.00136737 0.022 0.0024235 -0.000613714 0.022 0.00118987 -0.00219868 0.022 0.000811749 -0.00236454 0.022 0.00249146 -0.000206448 0.022 0.00249146 0.000206448 0.022 0.000411486 -0.0024659 0.022 -0.00118987 -0.00219868 0.022 -0.000811749 -0.00236454 0.022 0.00183931 0.0016932 0.022 0.00209292 0.00136737 0.022 -0.000411486 -0.0024659 0.022 0.00153553 0.00197285 0.022 0.00118987 0.00219868 0.022 -0.00153553 -0.00197285 0.022 -0.00228943 -0.00100424 0.022 0.000411486 0.0024659 0.022 -8.04061e-19 0.0025 0.022 -0.00183931 -0.0016932 0.022 0.000811749 0.00236454 0.022 -0.00209292 -0.00136737 0.022 -0.000811749 0.00236454 0.022 -0.00118987 0.00219868 0.022 -0.00249146 0.000206448 0.022 -0.000411486 0.0024659 0.022 -0.00249146 -0.000206448 0.022 -0.0024235 -0.000613714 0.022 -0.00183931 0.0016932 0.022 -0.00209292 0.00136737 0.022 -0.00228943 0.00100424 0.022 -0.0024235 0.000613714 0.022 -0.00153553 0.00197285 0.01535 -0.005 0.00288675 0.01335 -0.005 1.77636e-18 0.01535 -0.005 -0.00288675 0.01335 -0.005 0.00288675 0.01335 -0.005 -0.00288675 0.01535 1.47244e-18 0.0057735 0.01335 -0.0025 0.00433013 0.01535 -0.005 0.00288675 0.01335 8.88178e-19 0.0057735 0.01335 -0.005 0.00288675 0.01535 0.005 0.00288675 0.01335 0.0025 0.00433013 0.01535 1.47244e-18 0.0057735 0.01335 0.005 0.00288675 0.01335 8.88178e-19 0.0057735 0.01535 0.005 -0.00288675 0.01335 0.005 -8.88178e-19 0.01535 0.005 0.00288675 0.01335 0.005 -0.00288675 0.01335 0.005 0.00288675 0.01535 1.64279e-18 -0.0057735 0.01335 0.0025 -0.00433013 0.01535 0.005 -0.00288675 0.01335 3.55271e-18 -0.0057735 0.01335 0.005 -0.00288675 0.01535 -0.005 -0.00288675 0.01335 -0.0025 -0.00433013 0.01535 1.64279e-18 -0.0057735 0.01335 -0.005 -0.00288675 0.01335 3.55271e-18 -0.0057735 0.01335 0.000868913 -0.00492387 0.01335 0.00171061 -0.00469826 0.01335 3.55271e-18 -0.0057735 0.01335 0.0025 -0.00433013 0.01335 -0.000867693 -0.00492412 0.01335 -5.0063e-19 -0.005 0.01335 -0.0025 -0.00433013 0.01335 -0.00170944 -0.00469866 0.01535 0.005 0.00288675 0.01535 0.00305973 0.000937033 0.01535 0.00317408 0.000406457 0.01535 0.00080633 0.00309675 0.01535 0.00131808 0.00291593 0.01535 1.47244e-18 0.0057735 0.01535 -0.005 0.00288675 0.01535 -0.0022142 0.00231026 0.01535 -0.00179192 0.00265123 0.01535 -0.00312818 -0.000674174 0.01535 -0.00319712 -0.000135812 0.01535 -0.005 -0.00288675 0.01535 0.00240215 -0.00211416 0.01535 0.005 -0.00288675 0.01535 0.00272489 -0.00167778 0.01535 1.64279e-18 -0.0057735 0.01535 0 -0.0032 0.01535 -0.000540803 -0.00315397 0.01535 -0.00106605 -0.00301721 0.01535 -0.00156062 -0.00279365 0.01535 -0.0020103 -0.00248971 0.01535 -0.00272489 -0.00167778 0.01535 -0.00240215 -0.00211416 0.01535 -0.00296924 -0.00119314 0.01535 -0.00317408 0.000406457 0.01535 -0.00285736 0.00144065 0.01535 -0.00305973 0.000937033 0.01535 -0.00257279 0.00190283 0.01535 -0.00131808 0.00291593 0.01535 -0.000271379 0.00318847 0.01535 -0.00080633 0.00309675 0.01535 0.000271379 0.00318847 0.01535 0.00179192 0.00265123 0.01535 0.00257279 0.00190283 0.01535 0.0022142 0.00231026 0.01535 0.00285736 0.00144065 0.01535 0.00319712 -0.000135812 0.01535 0.00296924 -0.00119314 0.01535 0.00312818 -0.000674174 0.01535 0.0020103 -0.00248971 0.01535 0.00156062 -0.00279365 0.01535 0.000540803 -0.00315397 0.01535 0.00106605 -0.00301721 0.01335 0.00469846 -0.0017101 0.01335 0.00492404 -0.000868241 0.01335 0.005 -0.00288675 0.01335 0.005 -8.88178e-19 0.01335 0.00383022 -0.00321394 0.01335 0.00433013 -0.0025 0.01335 0.0025 -0.00433013 0.01335 0.00321394 -0.00383022 0.01335 0.00321394 0.00383022 0.01335 0.0025 0.00433013 0.01335 0.005 0.00288675 0.01335 0.00433013 0.0025 0.01335 0.00383022 0.00321394 0.01335 0.00492404 0.000868241 0.01335 0.00469846 0.0017101 0.01335 0.005 -8.88178e-19 0.01335 -0.000869048 0.00492386 0.01335 -0.00171052 0.0046983 0.01335 8.88178e-19 0.0057735 0.01335 -0.0025 0.00433013 0.01335 0.000867214 0.00492414 0.01335 -1.04334e-06 0.00499994 0.01335 0.0025 0.00433013 0.01335 0.00170941 0.00469864 0.01335 -0.00492404 0.000868241 0.01335 -0.005 1.77636e-18 0.01335 -0.005 0.00288675 0.01335 -0.00433013 0.0025 0.01335 -0.00469846 0.0017101 0.01335 -0.00321394 0.00383022 0.01335 -0.00383022 0.00321394 0.01335 -0.0025 0.00433013 0.01335 -0.00383022 -0.00321394 0.01335 -0.00321394 -0.00383022 0.01335 -0.005 -0.00288675 0.01335 -0.0025 -0.00433013 0.01335 -0.00469846 -0.0017101 0.01335 -0.00433013 -0.0025 0.01335 -0.005 1.77636e-18 0.01335 -0.00492404 -0.000868241 0.01315 0.00792152 -0.00170722 0.01315 0.00488778 -0.0010534 0.01315 0.00463945 -0.00186428 0.01315 -0.0031411 -0.00389018 0.01315 -0.00509072 -0.00630474 0.01315 -0.00243847 -0.00436507 0.01315 0.00803777 0.00102928 0.01315 0.00499549 -0.000212206 0.01315 0.0080961 -0.000343918 0.01315 0.00425765 -0.00262154 0.01315 0.00751906 -0.00302141 0.01315 0.0077482 0.00237286 0.01315 0.0049595 0.000635089 0.01315 0.00690028 -0.00424867 0.01315 0.00375336 -0.00330337 0.01315 0.006083 -0.00535371 0.01315 0.00509072 -0.00630474 0.01315 0.0031411 -0.00389018 0.01315 0.00395199 -0.00707438 0.01315 0.00243847 -0.00436507 0.01315 0.0016657 -0.00471439 0.01315 0.00269957 -0.00764052 0.01315 0.00723574 0.00364818 0.01315 0.00478083 0.00146411 0.01315 0 -0.0081034 0.01315 0 -0.005 0.01315 -0.00136948 -0.00798684 0.01315 0.00651511 0.00481855 0.01315 0.00446463 0.00225102 0.01315 -0.00395199 -0.00707438 0.01315 -0.00269957 -0.00764052 0.01315 -0.0016657 -0.00471439 0.01315 0.00125989 0.00483866 0.01315 0.00205951 0.00455614 0.01315 0.0033378 0.00738405 0.01315 -0.00375336 -0.00330337 0.01315 -0.006083 -0.00535371 0.01315 -0.000687217 0.00807421 0.01315 -0.00125989 0.00483866 0.01315 -0.00042403 0.00498199 0.01315 -0.00751906 -0.00302141 0.01315 -0.00488778 -0.0010534 0.01315 -0.00792152 -0.00170722 0.01315 -0.00345969 0.00360978 0.01315 -0.00279987 0.00414255 0.01315 -0.0045377 0.00671375 0.01315 -0.00803777 0.00102928 0.01315 -0.00478083 0.00146411 0.01315 -0.0077482 0.00237286 0.01315 -0.00723574 0.00364818 0.01315 -0.00446463 0.00225102 0.01315 -0.0049595 0.000635089 0.01315 -0.0080961 -0.000343918 0.01315 -0.00651511 0.00481855 0.01315 -0.00401999 0.00297317 0.01315 -0.00499549 -0.000212206 0.01315 -0.00690028 -0.00424867 0.01315 -0.00463945 -0.00186428 0.01315 -0.00560706 0.0058503 0.01315 -0.00205951 0.00455614 0.01315 -0.0033378 0.00738405 0.01315 -0.00425765 -0.00262154 0.01315 -0.00204188 0.00784193 0.01315 0.00204188 0.00784193 0.01315 0.00042403 0.00498199 0.01315 0.000687217 0.00807421 0.01315 -0.000845004 -0.00492808 0.01315 0.00136948 -0.00798684 0.01315 0.000845004 -0.00492808 0.01315 0.00401999 0.00297317 0.01315 0.00560706 0.0058503 0.01315 0.00279987 0.00414255 0.01315 0.00345969 0.00360978 0.01315 0.0045377 0.00671375 0.01295 0.00751906 -0.00302141 0.01295 0.010802 -0.00232801 0.01295 0.00792152 -0.00170722 0.01295 -0.00829493 -0.00730046 0.01295 -0.00694183 -0.00859729 0.01295 -0.00509072 -0.00630474 0.01295 0.0080961 -0.000343918 0.01295 0.01104 -0.000468975 0.01295 0.0102532 -0.00412006 0.01295 0.00690028 -0.00424867 0.01295 0.00803777 0.00102928 0.01295 0.0109605 0.00140355 0.01295 0.0094094 -0.0057936 0.01295 0.006083 -0.00535371 0.01295 0.00829493 -0.00730046 0.01295 0.00694183 -0.00859729 0.01295 0.00509072 -0.00630474 0.01295 0.00538903 -0.00964681 0.01295 0.00395199 -0.00707438 0.01295 0.00269957 -0.00764052 0.01295 0.00368119 -0.0104188 0.01295 0.0077482 0.00237286 0.01295 0.0105656 0.00323569 0.01295 -0.00186746 -0.0108911 0.01295 0 -0.01105 0.01295 0 -0.0081034 0.01295 0.00723574 0.00364818 0.01295 0.00986683 0.00497475 0.01295 -0.00269957 -0.00764052 0.01295 -0.00538903 -0.00964681 0.01295 -0.00368119 -0.0104188 0.01295 0.0033378 0.00738405 0.01295 0.00618772 0.00915503 0.01295 0.00455151 0.0100691 0.01295 -0.006083 -0.00535371 0.01295 -0.00690028 -0.00424867 0.01295 -0.000687217 0.00807421 0.01295 0.000937106 0.0110102 0.01295 -0.000937106 0.0110102 0.01295 -0.00792152 -0.00170722 0.01295 -0.0080961 -0.000343918 0.01295 -0.010802 -0.00232801 0.01295 -0.0045377 0.00671375 0.01295 -0.00455151 0.0100691 0.01295 -0.00618772 0.00915503 0.01295 -0.0077482 0.00237286 0.01295 -0.00723574 0.00364818 0.01295 -0.0105656 0.00323569 0.01295 -0.00986683 0.00497475 0.01295 -0.00651511 0.00481855 0.01295 -0.0109605 0.00140355 0.01295 -0.00803777 0.00102928 0.01295 -0.00888417 0.0065707 0.01295 -0.00560706 0.0058503 0.01295 -0.01104 -0.000468975 0.01295 -0.0102532 -0.00412006 0.01295 -0.00751906 -0.00302141 0.01295 -0.00764592 0.00797762 0.01295 -0.0033378 0.00738405 0.01295 -0.00278436 0.0106934 0.01295 -0.0094094 -0.0057936 0.01295 -0.00395199 -0.00707438 0.01295 -0.00204188 0.00784193 0.01295 0.00278436 0.0106934 0.01295 0.00204188 0.00784193 0.01295 0.000687217 0.00807421 0.01295 -0.00136948 -0.00798684 0.01295 0.00764592 0.00797762 0.01295 0.0045377 0.00671375 0.01295 0.00186746 -0.0108911 0.01295 0.00136948 -0.00798684 0.01295 0.00888417 0.0065707 0.01295 0.00651511 0.00481855 0.01295 0.00560706 0.0058503 0.01015 0.00368119 -0.0104188 0.01015 0.00186746 -0.0108911 0.01015 0.00365287 -0.0106404 0.01015 -0.0109605 0.00140355 0.01015 -0.0112116 0.000929018 0.01015 -0.01104 -0.000468975 0.01015 0 -0.01105 0.01015 -0.00185169 -0.0110966 0.01015 3.61828e-18 -0.01125 0.01015 0.00185169 -0.0110966 0.01015 -0.00365287 -0.0106404 0.01015 -0.00186746 -0.0108911 0.01015 -0.00535441 -0.00989408 0.01015 -0.00368119 -0.0104188 0.01015 -0.00690989 -0.00887783 0.01015 -0.00538903 -0.00964681 0.01015 -0.00827689 -0.00761942 0.01015 -0.00694183 -0.00859729 0.01015 -0.00941812 -0.00615317 0.01015 -0.00829493 -0.00730046 0.01015 -0.0103025 -0.00451907 0.01015 -0.0094094 -0.0057936 0.01015 -0.0109058 -0.00276171 0.01015 -0.0102532 -0.00412006 0.01015 -0.0112116 -0.000929018 0.01015 -0.010802 -0.00232801 0.01015 -0.0109058 0.00276171 0.01015 -0.0105656 0.00323569 0.01015 -0.0103025 0.00451907 0.01015 -0.00986683 0.00497475 0.01015 -0.00941812 0.00615317 0.01015 -0.00888417 0.0065707 0.01015 -0.00827689 0.00761942 0.01015 -0.00764592 0.00797762 0.01015 -0.00690989 0.00887783 0.01015 -0.00618772 0.00915503 0.01015 -0.00535441 0.00989408 0.01015 -0.00455151 0.0100691 0.01015 -0.00365287 0.0106404 0.01015 -0.00278436 0.0106934 0.01015 -0.00185169 0.0110966 0.01015 -0.000937106 0.0110102 0.01015 0 0.01125 0.01015 0.000937106 0.0110102 0.01015 0.00185169 0.0110966 0.01015 0.00278436 0.0106934 0.01015 0.00365287 0.0106404 0.01015 0.00455151 0.0100691 0.01015 0.00535441 0.00989408 0.01015 0.00618772 0.00915503 0.01015 0.00690989 0.00887783 0.01015 0.00764592 0.00797762 0.01015 0.00827689 0.00761942 0.01015 0.00888417 0.0065707 0.01015 0.00941812 0.00615317 0.01015 0.00986683 0.00497475 0.01015 0.0103025 0.00451907 0.01015 0.0105656 0.00323569 0.01015 0.0109058 0.00276171 0.01015 0.0109605 0.00140355 0.01015 0.0112116 0.000929018 0.01015 0.01104 -0.000468975 0.01015 0.0112116 -0.000929018 0.01015 0.010802 -0.00232801 0.01015 0.0109058 -0.00276171 0.01015 0.0102532 -0.00412006 0.01015 0.0103025 -0.00451907 0.01015 0.0094094 -0.0057936 0.01015 0.00941812 -0.00615317 0.01015 0.00829493 -0.00730046 0.01015 0.00827689 -0.00761942 0.01015 0.00694183 -0.00859729 0.01015 0.00690989 -0.00887783 0.01015 0.00538903 -0.00964681 0.01015 0.00535441 -0.00989408 -0.01315 0.00778431 -0.00812201 -0.01315 0.00904497 -0.00668962 -0.01315 0.010668 -0.00982058 -0.01315 0.0104388 0.00419464 -0.01315 0.0140563 0.00355954 -0.01315 0.0109975 0.00237014 -0.01315 0.0144505 0.0011974 -0.01315 0.0112399 0.000477464 -0.01315 0.0121389 0.00793075 -0.01315 0.0132787 0.00582458 -0.01315 0.0095797 0.00589846 -0.01315 0.0144505 -0.0011974 -0.01315 0.0111589 -0.00142895 -0.01315 0.00844506 0.00743259 -0.01315 0.00706748 0.0087529 -0.01315 0.010668 0.00982058 -0.01315 0.0140563 -0.00355954 -0.01315 0.0107569 -0.00329426 -0.01315 0.00690124 0.0127524 -0.01315 0.00890608 0.0114425 -0.01315 0.00548657 0.00982141 -0.01315 0.0132787 -0.00582458 -0.01315 0.0100454 -0.00506479 -0.01315 0.00374782 0.0106074 -0.01315 0.00190126 0.0110882 -0.01315 0.00470814 0.0137143 -0.01315 0.0121389 -0.00793075 -0.01315 -0.00190126 0.0110882 -0.01315 -0.00470814 0.0137143 -0.01315 -0.00238662 0.0143022 -0.01315 0.00629972 -0.00932073 -0.01315 0.00690124 -0.0127524 -0.01315 0.00463389 -0.0102513 -0.01315 -4.66356e-18 -0.0145 -0.01315 -0.000954067 -0.0112095 -0.01315 0.000954067 -0.0112095 -0.01315 -0.00690124 -0.0127524 -0.01315 -0.00629972 -0.00932073 -0.01315 -0.00463389 -0.0102513 -0.01315 -0.00690124 0.0127524 -0.01315 -0.00548657 0.00982141 -0.01315 -0.00890608 0.0114425 -0.01315 -0.00904497 -0.00668962 -0.01315 -0.010668 -0.00982058 -0.01315 -0.0121389 -0.00793075 -0.01315 -0.0095797 0.00589846 -0.01315 -0.0132787 0.00582458 -0.01315 -0.0121389 0.00793075 -0.01315 -0.0140563 -0.00355954 -0.01315 -0.0144505 -0.0011974 -0.01315 -0.0111589 -0.00142895 -0.01315 -0.0144505 0.0011974 -0.01315 -0.0112399 0.000477464 -0.01315 -0.0132787 -0.00582458 -0.01315 -0.0100454 -0.00506479 -0.01315 -0.0107569 -0.00329426 -0.01315 -0.0140563 0.00355954 -0.01315 -0.0109975 0.00237014 -0.01315 -0.00890608 -0.0114425 -0.01315 -0.00778431 -0.00812201 -0.01315 -0.0104388 0.00419464 -0.01315 -0.010668 0.00982058 -0.01315 -0.00844506 0.00743259 -0.01315 -0.00283475 -0.010887 -0.01315 -0.00470814 -0.0137143 -0.01315 -0.00706748 0.0087529 -0.01315 -0.00238662 -0.0143022 -0.01315 0.00238662 -0.0143022 -0.01315 0.00283475 -0.010887 -0.01315 -0.00374782 0.0106074 -0.01315 0 0.01125 -0.01315 0.00470814 -0.0137143 -0.01315 0.00890608 -0.0114425 -0.01315 0 0.0145 -0.01315 0.00238662 0.0143022 0.01015 -0.013243 -0.0121911 0.01015 -0.0108847 -0.00957978 0.01015 -0.015069 -0.00984507 0.01015 -0.0174492 0.00441874 0.01015 -0.0138644 0.00424593 0.01015 -0.0164839 0.00723052 0.01015 -0.0179385 0.00148643 0.01015 -0.0143826 0.00184176 0.01015 -0.0129474 0.00652795 0.01015 -0.015069 0.00984507 0.01015 -0.0179385 -0.00148643 0.01015 -0.0144869 -0.000615397 0.01015 -0.011658 0.00862218 0.01015 -0.013243 0.0121911 0.01015 -0.0141746 -0.00305485 0.01015 -0.0174492 -0.00441874 0.01015 -0.0100331 0.0104684 0.01015 -0.0110558 0.0142045 0.01015 -0.0164839 -0.00723052 0.01015 -0.0134544 -0.00540642 0.01015 -0.00811963 0.0120134 0.01015 -0.00856705 0.0158305 0.01015 -0.0123472 -0.00760246 0.01015 -5.78924e-18 0.018 0.01015 -0.0029627 0.0177545 0.01015 -0.00122969 0.0144478 0.01015 -0.0110558 -0.0142045 0.01015 -0.00910919 -0.0112815 0.01015 -0.00483053 -0.0136717 0.01015 -0.00584459 -0.0170247 0.01015 -0.00245051 -0.0142914 0.01015 0 -0.018 0.01015 0.0029627 -0.0177545 0.01015 0 -0.0145 0.01015 0.00597257 0.0132128 0.01015 0.00856705 0.0158305 0.01015 0.00584459 0.0170247 0.01015 0.0108847 -0.00957978 0.01015 0.00910919 -0.0112815 0.01015 0.013243 -0.0121911 0.01015 0.0129474 0.00652795 0.01015 0.0164839 0.00723052 0.01015 0.015069 0.00984507 0.01015 0.0179385 -0.00148643 0.01015 0.0144869 -0.000615397 0.01015 0.0141746 -0.00305485 0.01015 0.0179385 0.00148643 0.01015 0.0143826 0.00184176 0.01015 0.0123472 -0.00760246 0.01015 0.015069 -0.00984507 0.01015 0.0164839 -0.00723052 0.01015 0.0174492 -0.00441874 0.01015 0.0134544 -0.00540642 0.01015 0.0138644 0.00424593 0.01015 0.0174492 0.00441874 0.01015 0.0110558 -0.0142045 0.01015 0.00707158 -0.0126587 0.01015 0.00856705 -0.0158305 0.01015 0.013243 0.0121911 0.01015 0.011658 0.00862218 0.01015 0.00245051 -0.0142914 0.01015 0.00584459 -0.0170247 0.01015 0.00483053 -0.0136717 0.01015 -0.0029627 -0.0177545 0.01015 0.0110558 0.0142045 0.01015 0.00811963 0.0120134 0.01015 0.0029627 0.0177545 0.01015 0.00365368 0.0140321 0.01015 -0.00856705 -0.0158305 0.01015 0.00122969 0.0144478 0.01015 -0.00365368 0.0140321 0.01015 -0.00584459 0.0170247 0.01015 -0.00707158 -0.0126587 0.01015 -0.00597257 0.0132128 0.01015 0.0100331 0.0104684 -0.01215 0.00823803 0.0182246 -0.01215 0.0124676 0.0184464 -0.01215 0.0111995 0.0165702 -0.01215 0.0170306 -0.0104861 -0.01215 0.0206591 -0.00830149 -0.01215 0.0189589 -0.0116735 -0.01215 0.0185578 -0.00745713 -0.01215 0.0217649 -0.00469068 -0.01215 0.0167134 -0.0147096 -0.01215 0.0150134 -0.0132135 -0.01215 0.0195511 -0.00421359 -0.01215 0.0222445 -0.000944935 -0.01215 0.0108583 -0.0194373 -0.01215 0.0125644 -0.0155607 -0.01215 0.0139871 -0.0173226 -0.01215 0.019982 -0.000848824 -0.01215 0.0220842 0.002828 -0.01215 0.0097539 -0.0174603 -0.01215 0.00741722 -0.0209928 -0.01215 0.0066628 -0.0188575 -0.01215 0.019838 0.00254036 -0.01215 0.0212886 0.00651958 -0.01215 -0.00376273 -0.0219443 -0.01215 -0.00338002 -0.0197123 -0.01215 0 -0.02 -0.01215 0.0198806 0.0100236 -0.01215 0.0191233 0.00585646 -0.01215 -0.00169612 0.019928 -0.01215 0.00188817 0.0221844 -0.01215 0.00169612 0.019928 -0.01215 -0.0097539 -0.0174603 -0.01215 -0.0066628 -0.0188575 -0.01215 -0.0108583 -0.0194373 -0.01215 -0.0170306 -0.0104861 -0.01215 -0.0167134 -0.0147096 -0.01215 -0.0189589 -0.0116735 -0.01215 -0.019982 -0.000848824 -0.01215 -0.0217649 -0.00469068 -0.01215 -0.0222445 -0.000944935 -0.01215 -0.00823803 0.0182246 -0.01215 -0.0111995 0.0165702 -0.01215 -0.00917081 0.0202881 -0.01215 -0.0178585 0.00900408 -0.01215 -0.0212886 0.00651958 -0.01215 -0.0198806 0.0100236 -0.01215 -0.0179007 0.0132393 -0.01215 -0.0160799 0.0118927 -0.01215 -0.0220842 0.002828 -0.01215 -0.019838 0.00254036 -0.01215 -0.0191233 0.00585646 -0.01215 -0.0124676 0.0184464 -0.01215 -0.0138388 0.0144391 -0.01215 -0.0154057 0.016074 -0.01215 -0.0195511 -0.00421359 -0.01215 -0.0206591 -0.00830149 -0.01215 -0.00503956 0.0193547 -0.01215 -0.00561018 0.0215462 -0.01215 -0.0185578 -0.00745713 -0.01215 -0.0150134 -0.0132135 -0.01215 -0.0125644 -0.0155607 -0.01215 -0.00188817 0.0221844 -0.01215 0.00561018 0.0215462 -0.01215 0.00503956 0.0193547 -0.01215 -0.0139871 -0.0173226 -0.01215 0.00917081 0.0202881 -0.01215 0.0138388 0.0144391 -0.01215 0.0154057 0.016074 -0.01215 -0.00741722 -0.0209928 -0.01215 0.0179007 0.0132393 -0.01215 0.0178585 0.00900408 -0.01215 0.0160799 0.0118927 -0.01215 0 -0.0222646 -0.01215 0.00338002 -0.0197123 -0.01215 0.00376273 -0.0219443 0.01215 0.00823803 0.0182246 0.01215 0.0111995 0.0165702 0.01215 0.0124676 0.0184464 0.01215 0.0170306 -0.0104861 0.01215 0.0189589 -0.0116735 0.01215 0.0206591 -0.00830149 0.01215 0.0217649 -0.00469068 0.01215 0.0185578 -0.00745713 0.01215 0.0150134 -0.0132135 0.01215 0.0167134 -0.0147096 0.01215 0.0195511 -0.00421359 0.01215 0.0222445 -0.000944935 0.01215 0.0108583 -0.0194373 0.01215 0.0139871 -0.0173226 0.01215 0.0125644 -0.0155607 0.01215 0.019982 -0.000848824 0.01215 0.0220842 0.002828 0.01215 0.0097539 -0.0174603 0.01215 0.0066628 -0.0188575 0.01215 0.00741722 -0.0209928 0.01215 0.019838 0.00254036 0.01215 0.0212886 0.00651958 0.01215 -0.00376273 -0.0219443 0.01215 0 -0.02 0.01215 -0.00338002 -0.0197123 0.01215 0.0198806 0.0100236 0.01215 0.0191233 0.00585646 0.01215 -0.00169612 0.019928 0.01215 0.00169612 0.019928 0.01215 0.00188817 0.0221844 0.01215 -0.0097539 -0.0174603 0.01215 -0.0108583 -0.0194373 0.01215 -0.0066628 -0.0188575 0.01215 -0.0170306 -0.0104861 0.01215 -0.0189589 -0.0116735 0.01215 -0.0167134 -0.0147096 0.01215 -0.019982 -0.000848824 0.01215 -0.0222445 -0.000944935 0.01215 -0.0217649 -0.00469068 0.01215 -0.00823803 0.0182246 0.01215 -0.00917081 0.0202881 0.01215 -0.0111995 0.0165702 0.01215 -0.0178585 0.00900408 0.01215 -0.0198806 0.0100236 0.01215 -0.0212886 0.00651958 0.01215 -0.0160799 0.0118927 0.01215 -0.0179007 0.0132393 0.01215 -0.0220842 0.002828 0.01215 -0.019838 0.00254036 0.01215 -0.0191233 0.00585646 0.01215 -0.0124676 0.0184464 0.01215 -0.0138388 0.0144391 0.01215 -0.0154057 0.016074 0.01215 -0.0206591 -0.00830149 0.01215 -0.0195511 -0.00421359 0.01215 -0.00503956 0.0193547 0.01215 -0.00561018 0.0215462 0.01215 -0.0185578 -0.00745713 0.01215 -0.0150134 -0.0132135 0.01215 -0.0125644 -0.0155607 0.01215 -0.00188817 0.0221844 0.01215 0.00503956 0.0193547 0.01215 0.00561018 0.0215462 0.01215 -0.0139871 -0.0173226 0.01215 0.00917081 0.0202881 0.01215 0.0138388 0.0144391 0.01215 0.0154057 0.016074 0.01215 -0.00741722 -0.0209928 0.01215 0.0179007 0.0132393 0.01215 0.0178585 0.00900408 0.01215 0.0160799 0.0118927 0.01215 0 -0.0222646 0.01215 0.00376273 -0.0219443 0.01215 0.00338002 -0.0197123 -0.01015 0.010668 -0.00982058 -0.01015 0.0121389 -0.00793075 -0.01015 0.013243 -0.0121911 -0.01015 0.0174492 0.00441874 -0.01015 0.0140563 0.00355954 -0.01015 0.0132787 0.00582458 -0.01015 0.0179385 0.00148643 -0.01015 0.0144505 0.0011974 -0.01015 0.0121389 0.00793075 -0.01015 0.0164839 0.00723052 -0.01015 0.0179385 -0.00148643 -0.01015 0.0144505 -0.0011974 -0.01015 0.010668 0.00982058 -0.01015 0.013243 0.0121911 -0.01015 0.0174492 -0.00441874 -0.01015 0.0140563 -0.00355954 -0.01015 0.00856705 0.0158305 -0.01015 0.0110558 0.0142045 -0.01015 0.00890608 0.0114425 -0.01015 0.0164839 -0.00723052 -0.01015 0.0132787 -0.00582458 -0.01015 0.00690124 0.0127524 -0.01015 0.00470814 0.0137143 -0.01015 0.00584459 0.0170247 -0.01015 0.015069 -0.00984507 -0.01015 -0.00238662 0.0143022 -0.01015 -0.00584459 0.0170247 -0.01015 -0.0029627 0.0177545 -0.01015 0.0110558 -0.0142045 -0.01015 0.00856705 -0.0158305 -0.01015 0.00690124 -0.0127524 -0.01015 0 -0.0145 -0.01015 0.0029627 -0.0177545 -0.01015 -5.78924e-18 -0.018 -0.01015 -0.00856705 -0.0158305 -0.01015 -0.00690124 -0.0127524 -0.01015 -0.00584459 -0.0170247 -0.01015 -0.00856705 0.0158305 -0.01015 -0.00690124 0.0127524 -0.01015 -0.0110558 0.0142045 -0.01015 -0.0121389 -0.00793075 -0.01015 -0.013243 -0.0121911 -0.01015 -0.015069 -0.00984507 -0.01015 -0.0132787 0.00582458 -0.01015 -0.015069 0.00984507 -0.01015 -0.0121389 0.00793075 -0.01015 -0.0179385 -0.00148643 -0.01015 -0.0144505 -0.0011974 -0.01015 -0.0140563 -0.00355954 -0.01015 -0.0179385 0.00148643 -0.01015 -0.0144505 0.0011974 -0.01015 -0.0132787 -0.00582458 -0.01015 -0.0164839 -0.00723052 -0.01015 -0.0174492 -0.00441874 -0.01015 -0.0174492 0.00441874 -0.01015 -0.0140563 0.00355954 -0.01015 -0.0110558 -0.0142045 -0.01015 -0.010668 -0.00982058 -0.01015 -0.0164839 0.00723052 -0.01015 -0.013243 0.0121911 -0.01015 -0.010668 0.00982058 -0.01015 -0.00890608 -0.0114425 -0.01015 -0.00470814 -0.0137143 -0.01015 -0.0029627 -0.0177545 -0.01015 -0.00890608 0.0114425 -0.01015 0.015069 0.00984507 -0.01015 -0.00238662 -0.0143022 -0.01015 0.00238662 -0.0143022 -0.01015 0.00584459 -0.0170247 -0.01015 -0.00470814 0.0137143 -0.01015 -4.66356e-18 0.0145 -0.01015 0.00470814 -0.0137143 -0.01015 0.00890608 -0.0114425 -0.01015 0 0.018 -0.01015 0.0029627 0.0177545 -0.01015 0.00238662 0.0143022 -0.01015 0.00678705 -0.00872 -0.01015 0.00778431 -0.00812201 -0.01015 0.00629972 -0.00932073 -0.01015 0.0111589 -0.00142895 -0.01015 0.0107569 -0.00329426 -0.01015 0.0107119 -0.00271261 -0.01015 0.00283475 -0.010887 -0.01015 0.000954067 -0.0112095 -0.01015 0.00181877 -0.0108993 -0.01015 -0.000954067 -0.0112095 -0.01015 0 -0.01105 -0.01015 0.00463389 -0.0102513 -0.01015 0.00358793 -0.0104513 -0.01015 0.00525922 -0.00971819 -0.01015 0.00904497 -0.00668962 -0.01015 0.00812975 -0.00748396 -0.01015 0.0101193 -0.00443873 -0.01015 0.0100454 -0.00506479 -0.01015 0.00925069 -0.00604378 -0.01015 0 0.01125 -0.01015 -3.55395e-18 0.01105 -0.01015 -0.00181877 0.0108993 -0.01015 0.00190126 0.0110882 -0.01015 0.00181877 0.0108993 -0.01015 -0.00190126 0.0110882 -0.01015 -0.00358793 0.0104513 -0.01015 -0.00374782 0.0106074 -0.01015 -0.00525922 0.00971819 -0.01015 -0.00548657 0.00982141 -0.01015 -0.00678705 0.00872 -0.01015 -0.00706748 0.0087529 -0.01015 -0.00812975 0.00748396 -0.01015 -0.00844506 0.00743259 -0.01015 -0.00925069 0.00604378 -0.01015 -0.0095797 0.00589846 -0.01015 -0.0101193 0.00443873 -0.01015 -0.0104388 0.00419464 -0.01015 -0.0107119 0.00271261 -0.01015 -0.0109975 0.00237014 -0.01015 -0.0110123 0.000912502 -0.01015 -0.0112399 0.000477464 -0.01015 -0.0110123 -0.000912502 -0.01015 -0.0111589 -0.00142895 -0.01015 -0.0107119 -0.00271261 -0.01015 -0.0107569 -0.00329426 -0.01015 -0.0101193 -0.00443873 -0.01015 -0.0100454 -0.00506479 -0.01015 -0.00925069 -0.00604378 -0.01015 -0.00904497 -0.00668962 -0.01015 -0.00812975 -0.00748396 -0.01015 -0.00778431 -0.00812201 -0.01015 -0.00678705 -0.00872 -0.01015 -0.00629972 -0.00932073 -0.01015 -0.00525922 -0.00971819 -0.01015 -0.00463389 -0.0102513 -0.01015 -0.00358793 -0.0104513 -0.01015 -0.00283475 -0.010887 -0.01015 -0.00181877 -0.0108993 -0.01015 0.0112399 0.000477464 -0.01015 0.0110123 -0.000912502 -0.01015 0.0109975 0.00237014 -0.01015 0.0110123 0.000912502 -0.01015 0.0104388 0.00419464 -0.01015 0.0107119 0.00271261 -0.01015 0.0095797 0.00589846 -0.01015 0.0101193 0.00443873 -0.01015 0.00844506 0.00743259 -0.01015 0.00925069 0.00604378 -0.01015 0.00706748 0.0087529 -0.01015 0.00812975 0.00748396 -0.01015 0.00548657 0.00982141 -0.01015 0.00678705 0.00872 -0.01015 0.00374782 0.0106074 -0.01015 0.00525922 0.00971819 -0.01015 0.00358793 0.0104513 -0.01295 0.00596187 -0.00548829 -0.01295 0.00812975 -0.00748396 -0.01295 0.00678705 -0.00872 -0.01295 0.0107119 0.00271261 -0.01295 0.0110123 0.000912502 -0.01295 0.00785544 0.00198927 -0.01295 0.0110123 -0.000912502 -0.01295 0.00807573 0.000669174 -0.01295 0.0101193 0.00443873 -0.01295 0.00742088 0.0032551 -0.01295 0.0067839 0.00443214 -0.01295 0.0107119 -0.00271261 -0.01295 0.00807573 -0.000669174 -0.01295 0.00596187 0.00548829 -0.01295 0.00812975 0.00748396 -0.01295 0.0101193 -0.00443873 -0.01295 0.00785544 -0.00198927 -0.01295 0.00525922 0.00971819 -0.01295 0.00678705 0.00872 -0.01295 0.00497721 0.00639472 -0.01295 0.00925069 -0.00604378 -0.01295 0.00742088 -0.0032551 -0.01295 0.00385679 0.00712673 -0.01295 0.00263117 0.00766434 -0.01295 0.00358793 0.0104513 -0.01295 0.0067839 -0.00443214 -0.01295 -0.00133378 0.00799288 -0.01295 -0.00358793 0.0104513 -0.01295 -0.00181877 0.0108993 -0.01295 0.00385679 -0.00712673 -0.01295 0.00497721 -0.00639472 -0.01295 -3.55395e-18 -0.01105 -0.01295 -0.00133378 -0.00799288 -0.01295 0 -0.0081034 -0.01295 -0.00525922 -0.00971819 -0.01295 -0.00497721 -0.00639472 -0.01295 -0.00385679 -0.00712673 -0.01295 -0.0067839 -0.00443214 -0.01295 -0.00925069 -0.00604378 -0.01295 -0.0101193 -0.00443873 -0.01295 -0.0067839 0.00443214 -0.01295 -0.00925069 0.00604378 -0.01295 -0.00812975 0.00748396 -0.01295 -0.0110123 -0.000912502 -0.01295 -0.0110123 0.000912502 -0.01295 -0.00807573 -0.000669174 -0.01295 -0.0107119 0.00271261 -0.01295 -0.00807573 0.000669174 -0.01295 -0.0107119 -0.00271261 -0.01295 -0.00742088 -0.0032551 -0.01295 -0.00785544 -0.00198927 -0.01295 -0.0101193 0.00443873 -0.01295 -0.00785544 0.00198927 -0.01295 -0.00596187 -0.00548829 -0.01295 -0.00812975 -0.00748396 -0.01295 -0.00742088 0.0032551 -0.01295 -0.00678705 0.00872 -0.01295 -0.00596187 0.00548829 -0.01295 -0.00678705 -0.00872 -0.01295 -0.00263117 -0.00766434 -0.01295 -0.00358793 -0.0104513 -0.01295 -0.00385679 0.00712673 -0.01295 -0.00497721 0.00639472 -0.01295 -0.00525922 0.00971819 -0.01295 -0.00263117 0.00766434 -0.01295 -0.00181877 -0.0108993 -0.01295 0.00181877 -0.0108993 -0.01295 0.00133378 -0.00799288 -0.01295 0.00263117 -0.00766434 -0.01295 0.00525922 -0.00971819 -0.01295 0.00358793 -0.0104513 -0.01295 0 0.01105 -0.01295 0.00181877 0.0108993 -0.01295 0.00133378 0.00799288 -0.01295 -2.60625e-18 0.0081034 -0.01295 0.00925069 0.00604378 0.01315 0.0134544 -0.00540642 0.01315 0.0141746 -0.00305485 0.01315 0.0109058 -0.00276171 0.01315 -0.00910919 -0.0112815 0.01315 -0.00690989 -0.00887783 0.01315 -0.00827689 -0.00761942 0.01315 0.0112116 -0.000929018 0.01315 0.0144869 -0.000615397 0.01315 0.0123472 -0.00760246 0.01315 0.0103025 -0.00451907 0.01315 0.0112116 0.000929018 0.01315 0.0143826 0.00184176 0.01315 0.0108847 -0.00957978 0.01315 0.00941812 -0.00615317 0.01315 0.00827689 -0.00761942 0.01315 0.00910919 -0.0112815 0.01315 0.00690989 -0.00887783 0.01315 0.00707158 -0.0126587 0.01315 0.00535441 -0.00989408 0.01315 0.00365287 -0.0106404 0.01315 0.00483053 -0.0136717 0.01315 0.0109058 0.00276171 0.01315 0.0138644 0.00424593 0.01315 -0.00245051 -0.0142914 0.01315 0 -0.0145 0.01315 0 -0.01125 0.01315 0.0129474 0.00652795 0.01315 0.0103025 0.00451907 0.01315 -0.00535441 -0.00989408 0.01315 -0.00483053 -0.0136717 0.01315 -0.00365287 -0.0106404 0.01315 0.00535441 0.00989408 0.01315 0.00597257 0.0132128 0.01315 0.00365287 0.0106404 0.01315 -0.0108847 -0.00957978 0.01315 -0.00941812 -0.00615317 0.01315 3.61828e-18 0.01125 0.01315 -0.00122969 0.0144478 0.01315 -0.00185169 0.0110966 0.01315 -0.0109058 -0.00276171 0.01315 -0.0112116 -0.000929018 0.01315 -0.0141746 -0.00305485 0.01315 -0.00535441 0.00989408 0.01315 -0.00811963 0.0120134 0.01315 -0.00690989 0.00887783 0.01315 -0.0109058 0.00276171 0.01315 -0.0103025 0.00451907 0.01315 -0.0138644 0.00424593 0.01315 -0.0129474 0.00652795 0.01315 -0.00941812 0.00615317 0.01315 -0.0143826 0.00184176 0.01315 -0.0112116 0.000929018 0.01315 -0.011658 0.00862218 0.01315 -0.00827689 0.00761942 0.01315 -0.0144869 -0.000615397 0.01315 -0.0134544 -0.00540642 0.01315 -0.0103025 -0.00451907 0.01315 -0.0100331 0.0104684 0.01315 -0.00365287 0.0106404 0.01315 -0.00597257 0.0132128 0.01315 -0.0123472 -0.00760246 0.01315 -0.00707158 -0.0126587 0.01315 -0.00365368 0.0140321 0.01315 0.00185169 0.0110966 0.01315 0.00122969 0.0144478 0.01315 0.00811963 0.0120134 0.01315 0.00690989 0.00887783 0.01315 -0.00185169 -0.0110966 0.01315 0.00245051 -0.0142914 0.01315 0.00185169 -0.0110966 0.01315 0.00941812 0.00615317 0.01315 0.011658 0.00862218 0.01315 0.0100331 0.0104684 0.01315 0.00827689 0.00761942 0.01315 0.00365368 0.0140321 -0.01315 0.00367862 -0.00338641 -0.01315 0.00596187 -0.00548829 -0.01315 0.00497721 -0.00639472 -0.01315 0.00785544 0.00198927 -0.01315 0.00807573 0.000669174 -0.01315 0.004847 0.00122743 -0.01315 0.00807573 -0.000669174 -0.01315 0.00498292 0.000412897 -0.01315 0.00742088 0.0032551 -0.01315 0.00457887 0.00200848 -0.01315 0.00418583 0.00273474 -0.01315 0.00785544 -0.00198927 -0.01315 0.00498292 -0.000412897 -0.01315 0.00367862 0.00338641 -0.01315 0.00596187 0.00548829 -0.01315 0.00742088 -0.0032551 -0.01315 0.004847 -0.00122743 -0.01315 0.00385679 0.00712673 -0.01315 0.00497721 0.00639472 -0.01315 0.00307106 0.0039457 -0.01315 0.0067839 -0.00443214 -0.01315 0.00457887 -0.00200848 -0.01315 0.00237974 0.00439737 -0.01315 0.0016235 0.00472909 -0.01315 0.00263117 0.00766434 -0.01315 0.00418583 -0.00273474 -0.01315 -0.000822973 0.00493181 -0.01315 -0.00263117 0.00766434 -0.01315 -0.00133378 0.00799288 -0.01315 0.00237974 -0.00439737 -0.01315 0.00307106 -0.0039457 -0.01315 -2.60625e-18 -0.0081034 -0.01315 -0.000822973 -0.00493181 -0.01315 0 -0.005 -0.01315 -0.00385679 -0.00712673 -0.01315 -0.00307106 -0.0039457 -0.01315 -0.00237974 -0.00439737 -0.01315 -0.00418583 -0.00273474 -0.01315 -0.0067839 -0.00443214 -0.01315 -0.00742088 -0.0032551 -0.01315 -0.00418583 0.00273474 -0.01315 -0.0067839 0.00443214 -0.01315 -0.00596187 0.00548829 -0.01315 -0.00807573 -0.000669174 -0.01315 -0.00807573 0.000669174 -0.01315 -0.00498292 -0.000412897 -0.01315 -0.00785544 0.00198927 -0.01315 -0.00498292 0.000412897 -0.01315 -0.00785544 -0.00198927 -0.01315 -0.00457887 -0.00200848 -0.01315 -0.004847 -0.00122743 -0.01315 -0.00742088 0.0032551 -0.01315 -0.004847 0.00122743 -0.01315 -0.00367862 -0.00338641 -0.01315 -0.00596187 -0.00548829 -0.01315 -0.00457887 0.00200848 -0.01315 -0.00497721 0.00639472 -0.01315 -0.00367862 0.00338641 -0.01315 -0.00497721 -0.00639472 -0.01315 -0.0016235 -0.00472909 -0.01315 -0.00263117 -0.00766434 -0.01315 -0.00237974 0.00439737 -0.01315 -0.00307106 0.0039457 -0.01315 -0.00385679 0.00712673 -0.01315 -0.0016235 0.00472909 -0.01315 -0.00133378 -0.00799288 -0.01315 0.00133378 -0.00799288 -0.01315 0.000822973 -0.00493181 -0.01315 0.0016235 -0.00472909 -0.01315 0.00385679 -0.00712673 -0.01315 0.00263117 -0.00766434 -0.01315 0 0.0081034 -0.01315 0.00133378 0.00799288 -0.01315 0.000822973 0.00493181 -0.01315 -1.60812e-18 0.005 -0.01315 0.0067839 0.00443214 -0.00354813 0.023405 -0.00940491 0.00354813 0.0246578 -0.00531416 0.00354813 0.023405 -0.00940491 0.00354813 -0.00213914 0.0251331 0.00354813 -0.00635588 0.02441 0.0105729 -0.00398637 0.023889 0.00354813 0.0214789 -0.0132251 -0.00354813 0.0214789 -0.0132251 -0.00354813 0.0246578 -0.00531416 -0.00354813 0.0252012 -0.00107053 0.00354813 0.0252012 -0.00107053 0.00354813 0.0189349 -0.0166648 -0.00354813 0.0189349 -0.0166648 -0.00354813 0.0158462 -0.0196251 0.00354813 0.0158462 -0.0196251 0.00354813 0.0123016 -0.0220209 -0.00354813 0.0123016 -0.0220209 0.00354813 0.0084031 -0.0237831 -0.00354813 0.0084031 -0.0237831 -0.00354813 0.00426287 -0.0248611 0.00354813 0.00426287 -0.0248611 -0.0105729 0.00409309 -0.023871 -0.0105729 -3.11208e-17 -0.0242194 -0.00354813 -5.09848e-17 -0.0252239 -0.0105729 0.00806843 -0.0228359 0.0105729 0.00398637 -0.023889 0.0105729 9.60973e-18 -0.0242194 0.00354813 -5.09848e-17 -0.0252239 -0.00354813 0.0250196 0.00320389 0.00354813 0.0250196 0.00320389 0.00354813 0.0241183 0.00738615 -0.00354813 0.0241183 0.00738615 -0.00354813 0.0225231 0.0113559 0.00354813 0.0225231 0.0113559 -0.00354813 0.02028 0.014999 0.00354813 0.02028 0.014999 0.00354813 0.0174534 0.0182106 -0.00354813 0.0174534 0.0182106 -0.00354813 0.0141248 0.0208983 0.00354813 0.0141248 0.0208983 -0.00354813 0.0103898 0.0229848 0.00354813 0.0103898 0.0229848 0.0105729 0.0115271 0.0213003 -0.00354813 0.00635588 0.02441 0.00354813 0.00635588 0.02441 0.0105729 0.00786401 0.0229071 -0.00354813 0.00213914 0.0251331 0.00354813 0.00213914 0.0251331 0.0105729 0.00398637 0.023889 -0.00354813 -0.00213914 0.0251331 -0.00354813 -0.0174534 0.0182106 0.00354813 -0.0174534 0.0182106 -0.00354813 -0.0141248 0.0208983 -0.00354813 -0.00635588 0.02441 -0.00354813 -0.0241183 0.00738615 0.00354813 -0.0241183 0.00738615 -0.00354813 -0.0225231 0.0113559 0.0105729 -0.0148758 0.0191125 0.00354813 -0.0141248 0.0208983 0.00354813 -0.0246578 -0.00531416 -0.00354813 -0.0252012 -0.00107053 -0.00354813 -0.0246578 -0.00531416 0.00354813 -0.0225231 0.0113559 0.0105729 -0.0221794 0.0097288 -0.00354813 -0.0214789 -0.0132251 -0.00354813 -0.0189349 -0.0166648 0.00354813 -0.0189349 -0.0166648 0.0105729 -0.0241366 -0.00200002 0.00354813 -0.0252012 -0.00107053 0.00354813 -0.0158462 -0.0196251 0.0105729 -0.0178188 -0.0164033 0.0105729 -0.0202756 -0.0132467 0.00354813 -0.0214789 -0.0132251 0.00354813 -0.0084031 -0.0237831 0.0105729 -0.0115271 -0.0213003 0.00354813 -0.0123016 -0.0220209 0.0105729 -0.0148758 -0.0191125 0.0105729 -0.00398637 -0.023889 0.00354813 -0.00426287 -0.0248611 0.0105729 -0.00786401 -0.0229071 -0.00354813 -0.00426287 -0.0248611 -0.0105729 -0.00409309 -0.023871 -0.00354813 -0.0084031 -0.0237831 -0.00354813 -0.0123016 -0.0220209 -0.00354813 -0.0158462 -0.0196251 0.00354813 -0.023405 -0.00940491 0.0105729 -0.0234782 -0.0059455 0.0105729 -0.0221794 -0.0097288 -0.00354813 -0.023405 -0.00940491 0.00354813 -0.0250196 0.00320389 0.0105729 -0.0234782 0.0059455 0.0105729 -0.0241366 0.00200002 -0.00354813 -0.0250196 0.00320389 0.0105729 -0.0178188 0.0164033 0.00354813 -0.02028 0.014999 0.0105729 -0.0202756 0.0132467 -0.00354813 -0.02028 0.014999 0.00354813 -0.0103898 0.0229848 0.0105729 -0.00786401 0.0229071 0.0105729 -0.0115271 0.0213003 -0.00354813 -0.0103898 0.0229848 0.0105729 4.59882e-17 0.0242194 0.0105729 0.00786401 -0.0229071 -0.0105729 0.0118117 -0.0211438 0.0105729 0.0115271 -0.0213003 -0.0105729 0.0152151 -0.0188435 0.0105729 0.0148758 -0.0191125 -0.0105729 0.0181808 -0.0160011 0.0105729 0.0178188 -0.0164033 -0.0105729 0.0206235 -0.0126984 0.0105729 0.0202756 -0.0132467 -0.0105729 0.0224729 -0.00903034 0.0105729 0.0221794 -0.0097288 -0.0105729 0.0236758 -0.00510252 0.0105729 0.0234782 -0.0059455 -0.0105729 0.0241975 -0.0010279 0.0105729 0.0241366 -0.00200002 -0.0105729 0.0240232 0.00307629 0.0105729 0.0241366 0.00200002 -0.0105729 0.0231577 0.00709198 0.0105729 0.0234782 0.0059455 -0.0105729 0.0216261 0.0109036 0.0105729 0.0221794 0.0097288 -0.0105729 0.0194723 0.0144016 0.0105729 0.0202756 0.0132467 -0.0105729 0.0167583 0.0174853 0.0105729 0.0178188 0.0164033 -0.0105729 0.0135622 0.020066 0.0105729 0.0148758 0.0191125 -0.0105729 0.00997598 0.0220694 -0.0105729 0.00610274 0.0234379 -0.0105729 0.00205394 0.0241321 -0.0105729 -0.00205394 0.0241321 -0.0105729 -0.00610274 0.0234379 -0.0105729 -0.00997598 0.0220694 -0.0105729 -0.0135622 0.020066 -0.0105729 -0.0167583 0.0174853 -0.0105729 -0.0194723 0.0144016 -0.0105729 -0.0216261 0.0109036 -0.0105729 -0.0231577 0.00709198 -0.0105729 -0.0240232 0.00307629 -0.0105729 -0.0241975 -0.0010279 -0.0105729 -0.0236758 -0.00510252 -0.0105729 -0.0224729 -0.00903034 -0.0105729 -0.0206235 -0.0126984 -0.0105729 -0.0181808 -0.0160011 -0.0105729 -0.0152151 -0.0188435 -0.0105729 -0.0118117 -0.0211438 -0.0105729 -0.00806843 -0.0228359 -0.0118963 0.0222208 0.00680504 -0.0118963 0.0207511 0.0104625 -0.0117066 0.021002 0.010589 -0.010897 -0.00407627 -0.0237729 -0.0105729 -3.11208e-17 -0.0242194 -0.0105729 -0.00409309 -0.023871 -0.0117066 0.0224894 0.00688731 -0.0118963 0.0230512 0.00295182 -0.0114721 0.0212206 0.0106992 -0.0117066 0.0233299 0.00298751 -0.0118963 0.0232185 -0.00098631 -0.0114721 0.0227236 0.00695901 -0.0118963 0.0227178 -0.00489607 -0.0117066 0.0234992 -0.000998234 -0.0114721 0.0235728 0.00301861 -0.0117066 0.0229925 -0.00495526 -0.0118963 0.0215636 -0.00866498 -0.0114721 0.0237438 -0.00100863 -0.0117066 0.0218243 -0.00876973 -0.0118963 0.0197891 -0.0121846 -0.0114721 0.0232319 -0.00500685 -0.0118963 0.0174452 -0.0153537 -0.0117066 0.0200283 -0.0123319 -0.0114721 0.0220515 -0.00886103 -0.0117066 0.0176561 -0.0155393 -0.0118963 0.0145995 -0.0180811 -0.0114721 0.0202368 -0.0124603 -0.0117066 0.014776 -0.0182997 -0.0118963 0.0113338 -0.0202884 -0.0114721 0.0178399 -0.0157011 -0.0118963 0.00774198 -0.0219119 -0.0117066 0.0114708 -0.0205336 -0.0114721 0.0149298 -0.0184902 -0.0117066 0.00783558 -0.0221769 -0.0118963 0.00392749 -0.0229052 -0.0114721 0.0115902 -0.0207474 -0.0117066 0.00397497 -0.0231821 -0.0118963 -4.69736e-17 -0.0232394 -0.0114721 0.00791715 -0.0224077 -0.0121213 -0.0141993 -0.0175855 -0.01215 -0.0139871 -0.0173226 -0.0121213 -0.0110231 -0.0197322 -0.01215 0.00376273 -0.0219443 -0.0121213 0.00381982 -0.0222773 -0.01215 0 -0.0222646 -0.0120359 -4.63491e-17 -0.0229305 -0.0121213 -4.56859e-17 -0.0226024 -0.0120359 0.00387527 -0.0226006 -0.0121213 0.00752975 -0.0213113 -0.0121213 0.0110231 -0.0197322 -0.01215 0.00741722 -0.0209928 -0.01215 0.0108583 -0.0194373 -0.0114721 0.00401635 -0.0234234 -0.0117066 -4.75415e-17 -0.0235204 -0.0114721 -4.80364e-17 -0.0237653 -0.0111996 0.00405044 -0.0236223 -0.010897 -4.87531e-17 -0.0241198 -0.0111996 -4.84442e-17 -0.023967 -0.010897 0.00407627 -0.0237729 -0.0105729 0.00409309 -0.023871 -0.0118963 0.0186844 0.0138189 -0.0117066 0.0189103 0.013986 -0.0114721 0.0191072 0.0141316 -0.0117066 0.0162747 0.0169807 -0.0118963 0.0160803 0.0167779 -0.0114721 0.0164441 0.0171575 -0.0118963 0.0130135 0.0192541 -0.0117066 0.0131708 0.0194869 -0.0114721 0.0133079 0.0196897 -0.0117066 0.00968808 0.0214325 -0.0114721 0.00978894 0.0216556 -0.0117066 0.00592662 0.0227615 -0.0114721 0.00598832 0.0229984 -0.0118963 0.00957236 0.0211764 -0.0114721 0.00201543 0.0236796 -0.0117066 0.00199467 0.0234357 -0.0118963 0.00585583 0.0224896 -0.0117066 -0.00199467 0.0234357 -0.0114721 -0.00201543 0.0236796 -0.0118963 0.00197084 0.0231557 -0.0117066 -0.00592662 0.0227615 -0.0114721 -0.00598832 0.0229984 -0.0118963 -0.00197084 0.0231557 -0.0114721 -0.00978894 0.0216556 -0.0117066 -0.00968808 0.0214325 -0.0118963 -0.00585583 0.0224896 -0.0117066 -0.0131708 0.0194869 -0.0114721 -0.0133079 0.0196897 -0.0118963 -0.00957236 0.0211764 -0.0117066 -0.0162747 0.0169807 -0.0114721 -0.0164441 0.0171575 -0.0118963 -0.0130135 0.0192541 -0.0114721 -0.0191072 0.0141316 -0.0117066 -0.0189103 0.013986 -0.0118963 -0.0160803 0.0167779 -0.0117066 -0.021002 0.010589 -0.0114721 -0.0212206 0.0106992 -0.0118963 -0.0186844 0.0138189 -0.0117066 -0.0224894 0.00688731 -0.0114721 -0.0227236 0.00695901 -0.0118963 -0.0207511 0.0104625 -0.0114721 -0.0235728 0.00301861 -0.0117066 -0.0233299 0.00298751 -0.0118963 -0.0222208 0.00680504 -0.0117066 -0.0234992 -0.000998234 -0.0114721 -0.0237438 -0.00100863 -0.0118963 -0.0230512 0.00295182 -0.0117066 -0.0229925 -0.00495526 -0.0114721 -0.0232319 -0.00500685 -0.0118963 -0.0232185 -0.00098631 -0.0114721 -0.0220515 -0.00886103 -0.0117066 -0.0218243 -0.00876973 -0.0118963 -0.0227178 -0.00489607 -0.0118963 -0.0145995 -0.0180811 -0.0117066 -0.014776 -0.0182997 -0.0118963 -0.0174452 -0.0153537 -0.0114721 -0.0178399 -0.0157011 -0.0117066 -0.0200283 -0.0123319 -0.0117066 -0.0176561 -0.0155393 -0.0121213 -0.016967 -0.0149328 -0.01215 -0.0167134 -0.0147096 -0.0121213 -0.00752975 -0.0213113 -0.0120359 -0.00763906 -0.0216206 -0.0121213 -0.00381982 -0.0222773 -0.0120359 -0.00387527 -0.0226006 -0.01215 -0.00376273 -0.0219443 -0.0118963 -0.0215636 -0.00866498 -0.0118963 -0.0197891 -0.0121846 -0.0114721 -0.0202368 -0.0124603 -0.0111996 -0.0150566 -0.0186472 -0.0114721 -0.0149298 -0.0184902 -0.010897 -0.0117631 -0.021057 -0.010897 -0.0151526 -0.0187661 -0.0105729 -0.00806843 -0.0228359 -0.010897 -0.00803528 -0.022742 -0.0111996 -0.0116886 -0.0209235 -0.0121213 0.0192466 -0.0118506 -0.01215 0.0167134 -0.0147096 -0.01215 0.0189589 -0.0116735 -0.0121213 0.0141993 -0.0175855 -0.01215 0.0139871 -0.0173226 -0.0111996 0.00798436 -0.022598 -0.0120359 0.00763906 -0.0216206 -0.010897 0.00803528 -0.022742 -0.0105729 0.00806843 -0.0228359 -0.0120359 0.0111831 -0.0200186 -0.0111996 0.0116886 -0.0209235 -0.010897 0.0117631 -0.021057 -0.0105729 0.0118117 -0.0211438 -0.0121213 0.016967 -0.0149328 -0.0120359 0.0144054 -0.0178407 -0.0111996 0.0150566 -0.0186472 -0.010897 0.0151526 -0.0187661 -0.0105729 0.0152151 -0.0188435 -0.01215 0.0206591 -0.00830149 -0.01215 0.0217649 -0.00469068 -0.0121213 0.0220951 -0.00476185 -0.0121213 0.0209725 -0.00842744 -0.0111996 0.0179914 -0.0158344 -0.0120359 0.0172133 -0.0151496 -0.010897 0.0181061 -0.0159354 -0.0105729 0.0181808 -0.0160011 -0.01215 0.0222445 -0.000944935 -0.0121213 0.022582 -0.000959272 -0.0120359 0.019526 -0.0120226 -0.0111996 0.0204086 -0.0125661 -0.010897 0.0205387 -0.0126462 -0.0105729 0.0206235 -0.0126984 -0.01215 0.0220842 0.002828 -0.0121213 0.0224193 0.00287091 -0.0120359 0.0212769 -0.00854978 -0.0111996 0.0222387 -0.00893625 -0.010897 0.0223805 -0.00899324 -0.0105729 0.0224729 -0.00903034 -0.0120359 0.0224158 -0.00483098 -0.0111996 0.0234291 -0.00504935 -0.010897 0.0235785 -0.00508155 -0.0105729 0.0236758 -0.00510252 -0.0121213 0.0216116 0.00661849 -0.01215 0.0212886 0.00651958 -0.0111996 0.0239454 -0.00101719 -0.0120359 0.0229098 -0.000973197 -0.010897 0.0240981 -0.00102367 -0.0105729 0.0241975 -0.0010279 -0.01215 0.0198806 0.0100236 -0.01215 0.0179007 0.0132393 -0.0121213 0.0181723 0.0134401 -0.0121213 0.0201823 0.0101757 -0.0111996 0.0237729 0.00304424 -0.0120359 0.0227448 0.00291258 -0.010897 0.0239245 0.00306365 -0.0105729 0.0240232 0.00307629 -0.0120359 0.0219254 0.00671457 -0.0111996 0.0229165 0.00701809 -0.010897 0.0230626 0.00706284 -0.0105729 0.0231577 0.00709198 -0.01215 0.0124676 0.0184464 -0.0121213 0.0126568 0.0187263 -0.01215 0.0154057 0.016074 -0.0121213 0.0156395 0.0163179 -0.0111996 0.0214008 0.01079 -0.0120359 0.0204752 0.0103234 -0.010897 0.0215372 0.0108588 -0.0105729 0.0216261 0.0109036 -0.0120359 0.018436 0.0136352 -0.0111996 0.0192694 0.0142516 -0.010897 0.0193923 0.0143425 -0.0105729 0.0194723 0.0144016 -0.01215 0.00561018 0.0215462 -0.0121213 0.0056953 0.0218731 -0.01215 0.00917081 0.0202881 -0.0121213 0.00930995 0.0205959 -0.0111996 0.0165837 0.0173031 -0.0120359 0.0158665 0.0165548 -0.010897 0.0166895 0.0174135 -0.0105729 0.0167583 0.0174853 -0.0120359 0.0128405 0.0189981 -0.0111996 0.0134209 0.0198569 -0.010897 0.0135065 0.0199835 -0.0105729 0.0135622 0.020066 -0.01215 -0.00561018 0.0215462 -0.0121213 -0.0056953 0.0218731 -0.01215 -0.00188817 0.0221844 -0.0121213 0.00191682 0.022521 -0.01215 0.00188817 0.0221844 -0.0111996 0.00987204 0.0218394 -0.0120359 0.00944509 0.0208949 -0.010897 0.00993499 0.0219787 -0.0105729 0.00997598 0.0220694 -0.0120359 0.00577798 0.0221906 -0.0111996 0.00603916 0.0231937 -0.010897 0.00607767 0.0233416 -0.0105729 0.00610274 0.0234379 -0.0121213 -0.00191682 0.022521 -0.0120359 0.00194464 0.0228479 -0.0111996 0.00203254 0.0238807 -0.010897 0.0020455 0.0240329 -0.0105729 0.00205394 0.0241321 -0.01215 -0.0124676 0.0184464 -0.01215 -0.0154057 0.016074 -0.0121213 -0.0156395 0.0163179 -0.0120359 -0.00194464 0.0228479 -0.0111996 -0.00203254 0.0238807 -0.010897 -0.0020455 0.0240329 -0.0105729 -0.00205394 0.0241321 -0.0121213 -0.00930995 0.0205959 -0.01215 -0.00917081 0.0202881 -0.0120359 -0.00577798 0.0221906 -0.0111996 -0.00603916 0.0231937 -0.010897 -0.00607767 0.0233416 -0.0105729 -0.00610274 0.0234379 -0.0121213 -0.0126568 0.0187263 -0.0120359 -0.00944509 0.0208949 -0.0111996 -0.00987204 0.0218394 -0.010897 -0.00993499 0.0219787 -0.0105729 -0.00997598 0.0220694 -0.0120359 -0.0128405 0.0189981 -0.0111996 -0.0134209 0.0198569 -0.010897 -0.0135065 0.0199835 -0.0105729 -0.0135622 0.020066 -0.0121213 -0.0181723 0.0134401 -0.01215 -0.0179007 0.0132393 -0.01215 -0.0212886 0.00651958 -0.01215 -0.0220842 0.002828 -0.0121213 -0.0224193 0.00287091 -0.0121213 -0.0201823 0.0101757 -0.01215 -0.0198806 0.0100236 -0.0111996 -0.0165837 0.0173031 -0.0120359 -0.0158665 0.0165548 -0.010897 -0.0166895 0.0174135 -0.0105729 -0.0167583 0.0174853 -0.0120359 -0.018436 0.0136352 -0.0111996 -0.0192694 0.0142516 -0.010897 -0.0193923 0.0143425 -0.0105729 -0.0194723 0.0144016 -0.0121213 -0.0216116 0.00661849 -0.0120359 -0.0204752 0.0103234 -0.0111996 -0.0214008 0.01079 -0.010897 -0.0215372 0.0108588 -0.0105729 -0.0216261 0.0109036 -0.01215 -0.0217649 -0.00469068 -0.0121213 -0.0220951 -0.00476185 -0.01215 -0.0222445 -0.000944935 -0.0121213 -0.022582 -0.000959272 -0.0111996 -0.0229165 0.00701809 -0.0120359 -0.0219254 0.00671457 -0.010897 -0.0230626 0.00706284 -0.0105729 -0.0231577 0.00709198 -0.01215 -0.0206591 -0.00830149 -0.01215 -0.0189589 -0.0116735 -0.0121213 -0.0192466 -0.0118506 -0.0120359 -0.0227448 0.00291258 -0.0111996 -0.0237729 0.00304424 -0.010897 -0.0239245 0.00306365 -0.0105729 -0.0240232 0.00307629 -0.0120359 -0.0229098 -0.000973197 -0.0111996 -0.0239454 -0.00101719 -0.010897 -0.0240981 -0.00102367 -0.0105729 -0.0241975 -0.0010279 -0.0121213 -0.0209725 -0.00842744 -0.0120359 -0.0224158 -0.00483098 -0.0111996 -0.0234291 -0.00504935 -0.010897 -0.0235785 -0.00508155 -0.0105729 -0.0236758 -0.00510252 -0.01215 -0.0108583 -0.0194373 -0.0111996 -0.0222387 -0.00893625 -0.0120359 -0.0212769 -0.00854978 -0.010897 -0.0223805 -0.00899324 -0.0105729 -0.0224729 -0.00903034 -0.0120359 -0.019526 -0.0120226 -0.0111996 -0.0204086 -0.0125661 -0.010897 -0.0205387 -0.0126462 -0.0105729 -0.0206235 -0.0126984 -0.0120359 -0.0172133 -0.0151496 -0.0111996 -0.0179914 -0.0158344 -0.010897 -0.0181061 -0.0159354 -0.0105729 -0.0181808 -0.0160011 -0.0120359 -0.0144054 -0.0178407 -0.0114721 -0.0115902 -0.0207474 -0.0114721 -0.00791715 -0.0224077 -0.0111996 -0.00798436 -0.022598 -0.0105729 -0.0152151 -0.0188435 -0.01215 -0.00741722 -0.0209928 -0.0118963 -0.0113338 -0.0202884 -0.0117066 -0.0114708 -0.0205336 -0.0120359 -0.0111831 -0.0200186 -0.0105729 -0.0118117 -0.0211438 -0.0118963 -0.00392749 -0.0229052 -0.0118963 -0.00774198 -0.0219119 -0.0117066 -0.00783558 -0.0221769 -0.0117066 -0.00397497 -0.0231821 -0.0114721 -0.00401635 -0.0234234 -0.0111996 -0.00405044 -0.0236223 0.0114721 0.0212206 0.0106992 0.0117066 0.021002 0.010589 0.0117066 0.0224894 0.00688731 0.0117066 0.0233299 0.00298751 0.0114721 0.0227236 0.00695901 0.0120359 0.0219254 0.00671457 0.0118963 0.0222208 0.00680504 0.0118963 0.0207511 0.0104625 0.0117066 0.0234992 -0.000998234 0.0114721 0.0235728 0.00301861 0.0120359 0.0227448 0.00291258 0.0118963 0.0230512 0.00295182 0.0114721 0.0237438 -0.00100863 0.0117066 0.0229925 -0.00495526 0.0118963 0.0232185 -0.00098631 0.0120359 0.0229098 -0.000973197 0.0117066 0.0218243 -0.00876973 0.0114721 0.0232319 -0.00500685 0.0120359 0.0224158 -0.00483098 0.0118963 0.0227178 -0.00489607 0.0117066 0.0200283 -0.0123319 0.0114721 0.0220515 -0.00886103 0.0120359 0.0212769 -0.00854978 0.0118963 0.0215636 -0.00866498 0.0114721 0.0202368 -0.0124603 0.0117066 0.0176561 -0.0155393 0.0118963 0.0197891 -0.0121846 0.0120359 0.019526 -0.0120226 0.0117066 0.014776 -0.0182997 0.0114721 0.0178399 -0.0157011 0.0120359 0.0172133 -0.0151496 0.0118963 0.0174452 -0.0153537 0.0117066 0.0114708 -0.0205336 0.0114721 0.0149298 -0.0184902 0.010897 -0.0151526 -0.0187661 0.010897 -0.0181061 -0.0159354 0.0105729 -0.0178188 -0.0164033 0.0114721 0.0115902 -0.0207474 0.0117066 0.00783558 -0.0221769 0.0120359 0.0144054 -0.0178407 0.0118963 0.0145995 -0.0180811 0.0117066 0.00397497 -0.0231821 0.0114721 0.00791715 -0.0224077 0.0120359 0.0111831 -0.0200186 0.0118963 0.0113338 -0.0202884 0.0120359 0.00387527 -0.0226006 0.0118963 0.00392749 -0.0229052 0.0118963 0.00774198 -0.0219119 0.0120359 0.00763906 -0.0216206 0.0111996 0.00405044 -0.0236223 0.0114721 0.00401635 -0.0234234 0.0114721 -5.82081e-18 -0.0237653 0.0105729 9.60973e-18 -0.0242194 0.0105729 0.00398637 -0.023889 0.010897 -5.90766e-18 -0.0241198 0.010897 0.00407627 -0.0237729 0.0111996 -5.87022e-18 -0.023967 0.0105729 0.00786401 -0.0229071 0.0117066 -5.76084e-18 -0.0235204 0.0120359 -2.59827e-17 -0.0229305 0.0118963 -2.63328e-17 -0.0232394 0.0121213 -2.56109e-17 -0.0226024 0.01215 0 -0.0222646 0.0121213 0.00381982 -0.0222773 0.0114721 0.0191072 0.0141316 0.0117066 0.0189103 0.013986 0.0118963 0.0186844 0.0138189 0.0120359 0.0204752 0.0103234 0.0114721 0.0164441 0.0171575 0.0117066 0.0162747 0.0169807 0.0118963 0.0160803 0.0167779 0.0120359 0.018436 0.0136352 0.0120359 0.0128405 0.0189981 0.0118963 0.0130135 0.0192541 0.0118963 0.00957236 0.0211764 0.0120359 0.0158665 0.0165548 0.0114721 0.0133079 0.0196897 0.0117066 0.0131708 0.0194869 0.0118963 0.00585583 0.0224896 0.0120359 0.00944509 0.0208949 0.0120359 0.00577798 0.0221906 0.0118963 0.00197084 0.0231557 0.0114721 0.00978894 0.0216556 0.0117066 0.00968808 0.0214325 0.0118963 -0.00197084 0.0231557 0.0120359 0.00194464 0.0228479 0.0114721 0.00598832 0.0229984 0.0117066 0.00592662 0.0227615 0.0118963 -0.00585583 0.0224896 0.0120359 -0.00194464 0.0228479 0.0117066 0.00199467 0.0234357 0.0114721 0.00201543 0.0236796 0.0118963 -0.00957236 0.0211764 0.0120359 -0.00577798 0.0221906 0.0114721 -0.00201543 0.0236796 0.0117066 -0.00199467 0.0234357 0.0118963 -0.0130135 0.0192541 0.0120359 -0.00944509 0.0208949 0.0114721 -0.00598832 0.0229984 0.0117066 -0.00592662 0.0227615 0.0118963 -0.0160803 0.0167779 0.0120359 -0.0128405 0.0189981 0.0117066 -0.00968808 0.0214325 0.0114721 -0.00978894 0.0216556 0.0118963 -0.0186844 0.0138189 0.0120359 -0.0158665 0.0165548 0.0114721 -0.0133079 0.0196897 0.0117066 -0.0131708 0.0194869 0.0118963 -0.0207511 0.0104625 0.0120359 -0.018436 0.0136352 0.0114721 -0.0164441 0.0171575 0.0117066 -0.0162747 0.0169807 0.0117066 -0.0189103 0.013986 0.0114721 -0.0191072 0.0141316 0.0114721 -0.0212206 0.0106992 0.0117066 -0.021002 0.010589 0.0118963 -0.0222208 0.00680504 0.0120359 -0.0204752 0.0103234 0.0117066 -0.0224894 0.00688731 0.0114721 -0.0227236 0.00695901 0.0118963 -0.0230512 0.00295182 0.0120359 -0.0219254 0.00671457 0.0114721 -0.0235728 0.00301861 0.0117066 -0.0233299 0.00298751 0.0118963 -0.0232185 -0.00098631 0.0120359 -0.0227448 0.00291258 0.0114721 -0.0237438 -0.00100863 0.0117066 -0.0234992 -0.000998234 0.0118963 -0.0227178 -0.00489607 0.0120359 -0.0229098 -0.000973197 0.0117066 -0.0229925 -0.00495526 0.0114721 -0.0232319 -0.00500685 0.0118963 -0.0215636 -0.00866498 0.0120359 -0.0224158 -0.00483098 0.0114721 -0.0220515 -0.00886103 0.0117066 -0.0218243 -0.00876973 0.0118963 -0.0197891 -0.0121846 0.0120359 -0.0212769 -0.00854978 0.0105729 -0.0148758 -0.0191125 0.010897 -0.0117631 -0.021057 0.0114721 -0.0178399 -0.0157011 0.0117066 -0.0200283 -0.0123319 0.0114721 -0.0202368 -0.0124603 0.010897 -0.00803528 -0.022742 0.0105729 -0.00786401 -0.0229071 0.0111996 -0.00405044 -0.0236223 0.010897 -0.00407627 -0.0237729 0.0111996 -0.00798436 -0.022598 0.0120359 -0.00763906 -0.0216206 0.0120359 -0.0111831 -0.0200186 0.0118963 -0.00774198 -0.0219119 0.0111996 -0.0179914 -0.0158344 0.0117066 -0.0176561 -0.0155393 0.0120359 -0.019526 -0.0120226 0.0118963 -0.0174452 -0.0153537 0.0120359 -0.0144054 -0.0178407 0.0121213 -0.0141993 -0.0175855 0.0121213 -0.00381982 -0.0222773 0.0121213 -0.00752975 -0.0213113 0.0120359 -0.00387527 -0.0226006 0.01215 -0.00741722 -0.0209928 0.01215 -0.00376273 -0.0219443 0.0105729 0.0115271 -0.0213003 0.010897 0.00803528 -0.022742 0.0105729 -0.00398637 -0.023889 0.010897 0.0117631 -0.021057 0.0111996 0.00798436 -0.022598 0.01215 0.00376273 -0.0219443 0.0121213 0.00752975 -0.0213113 0.0105729 0.0148758 -0.0191125 0.010897 0.0151526 -0.0187661 0.0111996 0.0116886 -0.0209235 0.01215 0.00741722 -0.0209928 0.0121213 0.0110231 -0.0197322 0.0105729 0.0178188 -0.0164033 0.010897 0.0181061 -0.0159354 0.0111996 0.0150566 -0.0186472 0.0121213 0.0141993 -0.0175855 0.01215 0.0108583 -0.0194373 0.0105729 0.0202756 -0.0132467 0.010897 0.0205387 -0.0126462 0.0111996 0.0179914 -0.0158344 0.0121213 0.016967 -0.0149328 0.01215 0.0139871 -0.0173226 0.0105729 0.0221794 -0.0097288 0.010897 0.0223805 -0.00899324 0.0111996 0.0204086 -0.0125661 0.01215 0.0167134 -0.0147096 0.0121213 0.0192466 -0.0118506 0.0105729 0.0234782 -0.0059455 0.010897 0.0235785 -0.00508155 0.0111996 0.0222387 -0.00893625 0.0121213 0.0209725 -0.00842744 0.01215 0.0189589 -0.0116735 0.0105729 0.0241366 -0.00200002 0.010897 0.0240981 -0.00102367 0.0111996 0.0234291 -0.00504935 0.0121213 0.0220951 -0.00476185 0.01215 0.0206591 -0.00830149 0.0105729 0.0241366 0.00200002 0.010897 0.0239245 0.00306365 0.0111996 0.0239454 -0.00101719 0.0121213 0.022582 -0.000959272 0.01215 0.0217649 -0.00469068 0.0105729 0.0234782 0.0059455 0.010897 0.0230626 0.00706284 0.0111996 0.0237729 0.00304424 0.0121213 0.0224193 0.00287091 0.01215 0.0222445 -0.000944935 0.0105729 0.0221794 0.0097288 0.010897 0.0215372 0.0108588 0.0111996 0.0229165 0.00701809 0.0121213 0.0216116 0.00661849 0.01215 0.0220842 0.002828 0.0105729 0.0202756 0.0132467 0.010897 0.0193923 0.0143425 0.0111996 0.0214008 0.01079 0.0121213 0.0201823 0.0101757 0.01215 0.0212886 0.00651958 0.0105729 0.0178188 0.0164033 0.010897 0.0166895 0.0174135 0.0111996 0.0192694 0.0142516 0.0121213 0.0181723 0.0134401 0.01215 0.0198806 0.0100236 0.0105729 0.0148758 0.0191125 0.010897 0.0135065 0.0199835 0.0111996 0.0165837 0.0173031 0.0121213 0.0156395 0.0163179 0.01215 0.0179007 0.0132393 0.0105729 0.0115271 0.0213003 0.010897 0.00993499 0.0219787 0.0111996 0.0134209 0.0198569 0.0121213 0.0126568 0.0187263 0.01215 0.0154057 0.016074 0.0105729 0.00786401 0.0229071 0.010897 0.00607767 0.0233416 0.0111996 0.00987204 0.0218394 0.0121213 0.00930995 0.0205959 0.01215 0.0124676 0.0184464 0.0105729 0.00398637 0.023889 0.010897 0.0020455 0.0240329 0.0111996 0.00603916 0.0231937 0.0121213 0.0056953 0.0218731 0.01215 0.00917081 0.0202881 0.0105729 4.59882e-17 0.0242194 0.010897 -0.0020455 0.0240329 0.0111996 0.00203254 0.0238807 0.0121213 0.00191682 0.022521 0.01215 0.00561018 0.0215462 0.0105729 -0.00398637 0.023889 0.010897 -0.00607767 0.0233416 0.0111996 -0.00203254 0.0238807 0.01215 0.00188817 0.0221844 0.0121213 -0.00191682 0.022521 0.0105729 -0.00786401 0.0229071 0.010897 -0.00993499 0.0219787 0.0111996 -0.00603916 0.0231937 0.0121213 -0.0056953 0.0218731 0.01215 -0.00188817 0.0221844 0.0105729 -0.0115271 0.0213003 0.010897 -0.0135065 0.0199835 0.0111996 -0.00987204 0.0218394 0.0121213 -0.00930995 0.0205959 0.01215 -0.00561018 0.0215462 0.0105729 -0.0148758 0.0191125 0.010897 -0.0166895 0.0174135 0.0111996 -0.0134209 0.0198569 0.01215 -0.00917081 0.0202881 0.0121213 -0.0126568 0.0187263 0.0105729 -0.0178188 0.0164033 0.010897 -0.0193923 0.0143425 0.0111996 -0.0165837 0.0173031 0.01215 -0.0124676 0.0184464 0.0121213 -0.0156395 0.0163179 0.0105729 -0.0202756 0.0132467 0.010897 -0.0215372 0.0108588 0.0111996 -0.0192694 0.0142516 0.0121213 -0.0181723 0.0134401 0.01215 -0.0154057 0.016074 0.0105729 -0.0221794 0.0097288 0.010897 -0.0230626 0.00706284 0.0111996 -0.0214008 0.01079 0.01215 -0.0179007 0.0132393 0.0121213 -0.0201823 0.0101757 0.0105729 -0.0234782 0.0059455 0.010897 -0.0239245 0.00306365 0.0111996 -0.0229165 0.00701809 0.01215 -0.0198806 0.0100236 0.0121213 -0.0216116 0.00661849 0.0105729 -0.0241366 0.00200002 0.010897 -0.0240981 -0.00102367 0.0111996 -0.0237729 0.00304424 0.0121213 -0.0224193 0.00287091 0.01215 -0.0212886 0.00651958 0.0105729 -0.0241366 -0.00200002 0.010897 -0.0235785 -0.00508155 0.0111996 -0.0239454 -0.00101719 0.0121213 -0.022582 -0.000959272 0.01215 -0.0220842 0.002828 0.0105729 -0.0234782 -0.0059455 0.010897 -0.0223805 -0.00899324 0.0111996 -0.0234291 -0.00504935 0.01215 -0.0222445 -0.000944935 0.0121213 -0.0220951 -0.00476185 0.0105729 -0.0221794 -0.0097288 0.010897 -0.0205387 -0.0126462 0.0111996 -0.0222387 -0.00893625 0.01215 -0.0217649 -0.00469068 0.0121213 -0.0209725 -0.00842744 0.0105729 -0.0202756 -0.0132467 0.0111996 -0.0204086 -0.0125661 0.0121213 -0.0192466 -0.0118506 0.01215 -0.0206591 -0.00830149 0.0117066 -0.0114708 -0.0205336 0.0114721 -0.0115902 -0.0207474 0.0114721 -0.00791715 -0.0224077 0.0120359 -0.0172133 -0.0151496 0.0118963 -0.0145995 -0.0180811 0.0121213 -0.016967 -0.0149328 0.01215 -0.0189589 -0.0116735 0.0114721 -0.0149298 -0.0184902 0.0111996 -0.0150566 -0.0186472 0.0117066 -0.014776 -0.0182997 0.01215 -0.0167134 -0.0147096 0.0105729 -0.0115271 -0.0213003 0.0111996 -0.0116886 -0.0209235 0.0118963 -0.0113338 -0.0202884 0.01215 -0.0139871 -0.0173226 0.0121213 -0.0110231 -0.0197322 0.0117066 -0.00783558 -0.0221769 0.01215 -0.0108583 -0.0194373 0.0114721 -0.00401635 -0.0234234 0.0117066 -0.00397497 -0.0231821 0.0118963 -0.00392749 -0.0229052 -0.0113256 0.0183654 -0.000780153 -0.011058 0.0182016 -0.000773193 -0.0113256 0.0182331 0.00233484 -0.0115642 -0.0172455 -0.00692983 -0.0115642 -0.0158263 -0.00974466 -0.011768 -0.0160295 -0.00986979 -0.0113256 0.0179694 -0.0038727 -0.011058 0.0178091 -0.00383815 -0.0115642 0.0184352 0.00236073 -0.0115642 0.018569 -0.000788803 -0.011058 0.0169043 -0.00679269 -0.0113256 0.0170564 -0.00685384 -0.0115642 0.0181686 -0.00391564 -0.0113256 0.0156528 -0.0096378 -0.011058 0.0155131 -0.00955182 -0.0115642 0.0172455 -0.00692983 -0.0113256 0.0137988 -0.0121445 -0.011058 0.0136757 -0.0120362 -0.0115642 0.0158263 -0.00974466 -0.011058 0.0114449 -0.0141742 -0.0113256 0.0115479 -0.0143018 -0.0115642 0.0139518 -0.0122792 -0.0113256 0.00896479 -0.0160477 -0.011058 0.00888482 -0.0159046 -0.0115642 0.011676 -0.0144604 -0.0113256 0.00612376 -0.0173319 -0.011058 0.00606914 -0.0171773 -0.0115642 0.00906419 -0.0162257 -0.011058 0.00307885 -0.0179559 -0.0113256 0.00310657 -0.0181176 -0.0115642 0.00619167 -0.0175241 -0.0113256 -2.08287e-17 -0.018382 -0.011058 -2.06429e-17 -0.018218 -0.0115642 0.00314101 -0.0183184 -0.010768 0.00305856 -0.0178376 -0.010768 -2.05069e-17 -0.0180979 -0.01015 -5.78924e-18 -0.018 -0.01015 0.0029627 -0.0177545 -0.0104629 0.00304618 -0.0177654 -0.011058 -0.00307885 -0.0179559 -0.011058 -0.00606914 -0.0171773 -0.010768 -0.00602913 -0.0170641 -0.01015 0.00584459 -0.0170247 -0.0104629 0.00600472 -0.016995 -0.0104629 -2.04238e-17 -0.0180246 -0.0115642 -3.75672e-17 -0.0185858 -0.0104629 -0.0153485 -0.00945044 -0.01015 -0.015069 -0.00984507 -0.0104629 -0.0135306 -0.0119084 -0.011768 0.00318134 -0.0185537 -0.011932 0.00322657 -0.0188174 -0.011768 -3.80496e-17 -0.0188244 -0.011932 -3.85904e-17 -0.019092 -0.0120521 0.00327557 -0.0191032 -0.0121254 0.00332714 -0.0194039 -0.0121254 -3.97933e-17 -0.0196871 -0.0120521 -3.91765e-17 -0.019382 -0.01215 0.00338002 -0.0197123 -0.01215 0 -0.02 -0.011058 0.0180704 0.00231401 -0.0113256 0.0175762 0.00538266 -0.0115642 0.0177711 0.00544234 -0.0113256 0.0164137 0.00827563 -0.011058 0.0174194 0.00533464 -0.0115642 0.0165957 0.00836739 -0.011058 0.0162673 0.00820181 -0.0113256 0.014779 0.0109305 -0.0115642 0.0149429 0.0110517 -0.011058 0.0146472 0.010833 -0.0113256 0.0127192 0.013271 -0.0115642 0.0128602 0.0134181 -0.0115642 0.0104076 0.0153985 -0.0115642 0.00765551 0.0169359 -0.0113256 0.0102934 0.0152296 -0.011058 0.0126057 0.0131526 -0.0113256 0.00757155 0.0167502 -0.0115642 0.00468321 0.0179861 -0.011058 0.0102016 0.0150938 -0.0113256 0.00463185 0.0177888 -0.0115642 0.00157618 0.0185188 -0.011058 0.00750401 0.0166007 -0.0115642 -0.00157618 0.0185188 -0.0113256 0.0015589 0.0183157 -0.011058 0.00459053 0.0176301 -0.0113256 -0.00463185 0.0177888 -0.0113256 -0.0015589 0.0183157 -0.011058 -0.00154499 0.0181524 -0.011058 0.00154499 0.0181524 -0.011058 -0.00459053 0.0176301 -0.0113256 -0.00757155 0.0167502 -0.0115642 -0.00468321 0.0179861 -0.011058 -0.00750401 0.0166007 -0.0113256 -0.0102934 0.0152296 -0.0115642 -0.00765551 0.0169359 -0.0113256 -0.0127192 0.013271 -0.011058 -0.0102016 0.0150938 -0.0115642 -0.0104076 0.0153985 -0.011058 -0.0126057 0.0131526 -0.0113256 -0.014779 0.0109305 -0.0115642 -0.0128602 0.0134181 -0.011058 -0.0146472 0.010833 -0.0113256 -0.0164137 0.00827563 -0.0115642 -0.0149429 0.0110517 -0.011058 -0.0182016 -0.000773193 -0.0113256 -0.0179694 -0.0038727 -0.0113256 -0.0183654 -0.000780153 -0.0115642 -0.0165957 0.00836739 -0.011058 -0.0162673 0.00820181 -0.0113256 -0.0175762 0.00538266 -0.0115642 -0.0177711 0.00544234 -0.0113256 -0.0182331 0.00233484 -0.011058 -0.0174194 0.00533464 -0.0115642 -0.0184352 0.00236073 -0.0113256 -0.0170564 -0.00685384 -0.011058 -0.0169043 -0.00679269 -0.0113256 -0.0156528 -0.0096378 -0.0115642 -0.018569 -0.000788803 -0.01015 -0.013243 -0.0121911 -0.0104629 -0.0113234 -0.0140238 -0.011058 -0.0178091 -0.00383815 -0.0104629 -0.00879052 -0.0157358 -0.0104629 -0.00600472 -0.016995 -0.011058 -0.0114449 -0.0141742 -0.0113256 -0.0115479 -0.0143018 -0.011058 -0.0136757 -0.0120362 -0.0104629 -0.00304618 -0.0177654 -0.011058 -0.0155131 -0.00955182 -0.01015 -0.0029627 -0.0177545 -0.010768 -0.00305856 -0.0178376 -0.011058 -0.0180704 0.00231401 -0.011768 -0.0184019 -0.00396592 -0.011768 -0.017467 -0.00701881 -0.011932 -0.0177153 -0.00711858 -0.0115642 -0.0181686 -0.00391564 -0.0120521 -0.00945249 -0.0169207 -0.011932 -0.00931108 -0.0166676 -0.0120521 -0.0064569 -0.0182748 -0.0120521 -0.0121761 -0.0150799 -0.011932 -0.0143319 -0.0126136 -0.011932 -0.011994 -0.0148543 -0.011932 -0.0162574 -0.0100101 -0.0121254 -0.00960131 -0.0171871 -0.0121254 -0.00655857 -0.0185626 -0.0121254 -0.0123678 -0.0153173 -0.0121254 -0.00332714 -0.0194039 -0.01215 -0.00338002 -0.0197123 -0.01015 0.00856705 -0.0158305 -0.0104629 0.00879052 -0.0157358 -0.010768 0.00602913 -0.0170641 -0.011932 0.00636031 -0.0180014 -0.011768 0.00627117 -0.0177491 -0.0120521 0.0064569 -0.0182748 -0.0121254 0.00655857 -0.0185626 -0.01215 0.0066628 -0.0188575 -0.01015 0.0110558 -0.0142045 -0.0104629 0.0113234 -0.0140238 -0.010768 0.00882625 -0.0157997 -0.011768 0.00918058 -0.016434 -0.011932 0.00931108 -0.0166676 -0.0120521 0.00945249 -0.0169207 -0.0121254 0.00960131 -0.0171871 -0.01215 0.0097539 -0.0174603 -0.01015 0.013243 -0.0121911 -0.0104629 0.0135306 -0.0119084 -0.010768 0.0113695 -0.0140808 -0.011932 0.011994 -0.0148543 -0.011768 0.0118259 -0.0146461 -0.0120521 0.0121761 -0.0150799 -0.0121254 0.0123678 -0.0153173 -0.01215 0.0125644 -0.0155607 -0.01015 0.015069 -0.00984507 -0.0104629 0.0153485 -0.00945044 -0.010768 0.0135856 -0.0119568 -0.011932 0.0143319 -0.0126136 -0.011768 0.014131 -0.0124368 -0.0120521 0.0145495 -0.0128052 -0.0121254 0.0147786 -0.0130068 -0.01215 0.0150134 -0.0132135 -0.01015 0.0164839 -0.00723052 -0.0104629 0.0167248 -0.0067206 -0.010768 0.0154109 -0.00948885 -0.011932 0.0162574 -0.0100101 -0.011768 0.0160295 -0.00986979 -0.0120521 0.0165043 -0.0101621 -0.0121254 0.0167642 -0.0103221 -0.01215 0.0170306 -0.0104861 -0.01015 0.0174492 -0.00441874 -0.0104629 0.0176201 -0.00379741 -0.010768 0.0167928 -0.00674791 -0.011768 0.017467 -0.00701881 -0.011932 0.0177153 -0.00711858 -0.0120521 0.0179843 -0.00722669 -0.0121254 0.0182675 -0.00734047 -0.01215 0.0185578 -0.00745713 -0.01015 0.0179385 -0.00148643 -0.0104629 0.0180084 -0.000764987 -0.010768 0.0176917 -0.00381285 -0.011768 0.0184019 -0.00396592 -0.011932 0.0186635 -0.00402229 -0.0120521 0.0189469 -0.00408338 -0.0121254 0.0192453 -0.00414767 -0.01215 0.0195511 -0.00421359 -0.01015 0.0179385 0.00148643 -0.0104629 0.0178786 0.00228945 -0.010768 0.0180816 -0.000768096 -0.011768 0.0188075 -0.000798931 -0.011932 0.0190748 -0.000810288 -0.0120521 0.0193645 -0.000822594 -0.0121254 0.0196694 -0.000835546 -0.01215 0.019982 -0.000848824 -0.01015 0.0174492 0.00441874 -0.0104629 0.0172345 0.00527802 -0.010768 0.0179513 0.00229875 -0.011768 0.018672 0.00239104 -0.011932 0.0189374 0.00242503 -0.0120521 0.019225 0.00246186 -0.0121254 0.0195277 0.00250062 -0.01215 0.019838 0.00254036 -0.01015 0.0164839 0.00723052 -0.0104629 0.0160947 0.00811475 -0.010768 0.0173046 0.00529947 -0.011768 0.0179993 0.00551222 -0.011932 0.0182552 0.00559058 -0.0120521 0.0185324 0.00567548 -0.0121254 0.0188242 0.00576484 -0.01215 0.0191233 0.00585646 -0.01015 0.015069 0.00984507 -0.0104629 0.0144917 0.010718 -0.010768 0.0161601 0.00814774 -0.011932 0.0170478 0.0085953 -0.011768 0.0168088 0.00847483 -0.0120521 0.0173067 0.00872583 -0.0121254 0.0175791 0.00886322 -0.01215 0.0178585 0.00900408 -0.01015 0.013243 0.0121911 -0.0104629 0.0124719 0.013013 -0.010768 0.0145506 0.0107616 -0.011768 0.0151348 0.0111936 -0.011932 0.0153499 0.0113527 -0.0120521 0.015583 0.0115252 -0.0121254 0.0158284 0.0117066 -0.01215 0.0160799 0.0118927 -0.01015 0.0110558 0.0142045 -0.0104629 0.0100933 0.0149336 -0.010768 0.0125226 0.0130659 -0.011932 0.0132105 0.0137836 -0.011768 0.0130254 0.0135904 -0.0120521 0.0134111 0.0139929 -0.0121254 0.0136223 0.0142132 -0.01215 0.0138388 0.0144391 -0.01015 0.00856705 0.0158305 -0.0104629 0.00742437 0.0164246 -0.010768 0.0101344 0.0149943 -0.011768 0.0105412 0.0155962 -0.011932 0.010691 0.0158179 -0.0120521 0.0108534 0.0160581 -0.0121254 0.0110243 0.016311 -0.01215 0.0111995 0.0165702 -0.01015 0.00584459 0.0170247 -0.0104629 0.00454181 0.017443 -0.010768 0.00745454 0.0164913 -0.011932 0.00786403 0.0173972 -0.011768 0.00775381 0.0171534 -0.0120521 0.00798346 0.0176614 -0.0121254 0.00810915 0.0179395 -0.01215 0.00823803 0.0182246 -0.01015 0.0029627 0.0177545 -0.0104629 0.00152859 0.0179597 -0.010768 0.00456027 0.0175139 -0.011768 0.00474334 0.018217 -0.011932 0.00481077 0.018476 -0.0120521 0.00488383 0.0187566 -0.0121254 0.00496073 0.0190519 -0.01215 0.00503956 0.0193547 -0.01015 0 0.018 -0.0104629 -0.00152859 0.0179597 -0.010768 0.00153481 0.0180327 -0.011932 0.00161912 0.0190232 -0.011768 0.00159642 0.0187566 -0.0120521 0.00164371 0.0193121 -0.0121254 0.00166959 0.0196162 -0.01215 0.00169612 0.019928 -0.01015 -0.0029627 0.0177545 -0.0104629 -0.00454181 0.017443 -0.010768 -0.00153481 0.0180327 -0.011768 -0.00159642 0.0187566 -0.011932 -0.00161912 0.0190232 -0.0120521 -0.00164371 0.0193121 -0.0121254 -0.00166959 0.0196162 -0.01215 -0.00169612 0.019928 -0.01015 -0.00584459 0.0170247 -0.0104629 -0.00742437 0.0164246 -0.010768 -0.00456027 0.0175139 -0.011932 -0.00481077 0.018476 -0.011768 -0.00474334 0.018217 -0.0120521 -0.00488383 0.0187566 -0.0121254 -0.00496073 0.0190519 -0.01215 -0.00503956 0.0193547 -0.01015 -0.00856705 0.0158305 -0.0104629 -0.0100933 0.0149336 -0.010768 -0.00745454 0.0164913 -0.011768 -0.00775381 0.0171534 -0.011932 -0.00786403 0.0173972 -0.0120521 -0.00798346 0.0176614 -0.0121254 -0.00810915 0.0179395 -0.01215 -0.00823803 0.0182246 -0.01015 -0.0110558 0.0142045 -0.0104629 -0.0124719 0.013013 -0.010768 -0.0101344 0.0149943 -0.011932 -0.010691 0.0158179 -0.011768 -0.0105412 0.0155962 -0.0120521 -0.0108534 0.0160581 -0.0121254 -0.0110243 0.016311 -0.01215 -0.0111995 0.0165702 -0.01015 -0.013243 0.0121911 -0.0104629 -0.0144917 0.010718 -0.010768 -0.0125226 0.0130659 -0.011932 -0.0132105 0.0137836 -0.011768 -0.0130254 0.0135904 -0.0120521 -0.0134111 0.0139929 -0.0121254 -0.0136223 0.0142132 -0.01215 -0.0138388 0.0144391 -0.01015 -0.015069 0.00984507 -0.0104629 -0.0160947 0.00811475 -0.010768 -0.0145506 0.0107616 -0.011768 -0.0151348 0.0111936 -0.011932 -0.0153499 0.0113527 -0.0120521 -0.015583 0.0115252 -0.0121254 -0.0158284 0.0117066 -0.01215 -0.0160799 0.0118927 -0.01015 -0.0164839 0.00723052 -0.0104629 -0.0172345 0.00527802 -0.010768 -0.0161601 0.00814774 -0.011768 -0.0168088 0.00847483 -0.011932 -0.0170478 0.0085953 -0.0120521 -0.0173067 0.00872583 -0.0121254 -0.0175791 0.00886322 -0.01215 -0.0178585 0.00900408 -0.01015 -0.0174492 0.00441874 -0.0104629 -0.0178786 0.00228945 -0.010768 -0.0173046 0.00529947 -0.011932 -0.0182552 0.00559058 -0.011768 -0.0179993 0.00551222 -0.0120521 -0.0185324 0.00567548 -0.0121254 -0.0188242 0.00576484 -0.01215 -0.0191233 0.00585646 -0.01015 -0.0179385 0.00148643 -0.0104629 -0.0180084 -0.000764987 -0.010768 -0.0179513 0.00229875 -0.011768 -0.018672 0.00239104 -0.011932 -0.0189374 0.00242503 -0.0120521 -0.019225 0.00246186 -0.0121254 -0.0195277 0.00250062 -0.01215 -0.019838 0.00254036 -0.01015 -0.0179385 -0.00148643 -0.0104629 -0.0176201 -0.00379741 -0.010768 -0.0180816 -0.000768096 -0.011768 -0.0188075 -0.000798931 -0.011932 -0.0190748 -0.000810288 -0.0120521 -0.0193645 -0.000822594 -0.0121254 -0.0196694 -0.000835546 -0.01215 -0.019982 -0.000848824 -0.01015 -0.0174492 -0.00441874 -0.0104629 -0.0167248 -0.0067206 -0.010768 -0.0176917 -0.00381285 -0.011932 -0.0186635 -0.00402229 -0.0120521 -0.0189469 -0.00408338 -0.0121254 -0.0192453 -0.00414767 -0.01215 -0.0195511 -0.00421359 -0.01015 -0.0164839 -0.00723052 -0.010768 -0.0167928 -0.00674791 -0.0120521 -0.0179843 -0.00722669 -0.0121254 -0.0182675 -0.00734047 -0.01215 -0.0185578 -0.00745713 -0.01015 -0.0110558 -0.0142045 -0.010768 -0.0154109 -0.00948885 -0.011768 -0.014131 -0.0124368 -0.0120521 -0.0165043 -0.0101621 -0.0121254 -0.0167642 -0.0103221 -0.01215 -0.0170306 -0.0104861 -0.0113256 -0.0137988 -0.0121445 -0.010768 -0.0135856 -0.0119568 -0.0115642 -0.0139518 -0.0122792 -0.0120521 -0.0145495 -0.0128052 -0.0121254 -0.0147786 -0.0130068 -0.01215 -0.0150134 -0.0132135 -0.0115642 -0.011676 -0.0144604 -0.010768 -0.0113695 -0.0140808 -0.011768 -0.0118259 -0.0146461 -0.011932 -0.00636031 -0.0180014 -0.01215 -0.0125644 -0.0155607 -0.01015 -0.00856705 -0.0158305 -0.011058 -0.00888482 -0.0159046 -0.0113256 -0.00896479 -0.0160477 -0.010768 -0.00882625 -0.0157997 -0.0115642 -0.00906419 -0.0162257 -0.011768 -0.00918058 -0.016434 -0.01215 -0.0097539 -0.0174603 -0.01015 -0.00584459 -0.0170247 -0.0113256 -0.00612376 -0.0173319 -0.0115642 -0.00619167 -0.0175241 -0.011768 -0.00627117 -0.0177491 -0.01215 -0.0066628 -0.0188575 -0.0113256 -0.00310657 -0.0181176 -0.0115642 -0.00314101 -0.0183184 -0.011768 -0.00318134 -0.0185537 -0.011932 -0.00322657 -0.0188174 -0.0120521 -0.00327557 -0.0191032 0.01215 0.00338002 -0.0197123 0.0121254 -2.23076e-17 -0.0196871 0.01215 0 -0.02 0.0115642 0.00468321 0.0179861 0.0113256 0.00463185 0.0177888 0.0113256 0.00757155 0.0167502 0.01215 0.0066628 -0.0188575 0.0121254 0.00332714 -0.0194039 0.011768 0.00918058 -0.016434 0.0115642 0.00619167 -0.0175241 0.011768 0.00627117 -0.0177491 0.01215 0.0097539 -0.0174603 0.0121254 0.00655857 -0.0185626 0.011768 -2.13301e-17 -0.0188244 0.011932 -2.16333e-17 -0.019092 0.011932 0.00322657 -0.0188174 0.0120521 0.00327557 -0.0191032 0.0120521 -2.19619e-17 -0.019382 0.011768 0.00318134 -0.0185537 0.0115642 -2.10597e-17 -0.0185858 0.0113256 -2.08287e-17 -0.018382 0.0115642 0.00314101 -0.0183184 0.0113256 0.00310657 -0.0181176 0.011058 0.00307885 -0.0179559 0.011058 -2.06429e-17 -0.018218 0.010768 -2.05069e-17 -0.0180979 0.010768 0.00305856 -0.0178376 0.01015 0 -0.018 0.0104629 -2.04238e-17 -0.0180246 0.0104629 0.00304618 -0.0177654 0.011768 0.0118259 -0.0146461 0.0115642 0.00906419 -0.0162257 0.011768 0.014131 -0.0124368 0.0115642 0.011676 -0.0144604 0.011768 0.0160295 -0.00986979 0.0115642 0.0139518 -0.0122792 0.0115642 0.0158263 -0.00974466 0.011768 0.017467 -0.00701881 0.011768 0.0184019 -0.00396592 0.0115642 0.0172455 -0.00692983 0.0115642 0.0181686 -0.00391564 0.011768 0.0188075 -0.000798931 0.011768 0.018672 0.00239104 0.0115642 0.018569 -0.000788803 0.011768 0.0179993 0.00551222 0.0115642 0.0184352 0.00236073 0.0113256 0.0182331 0.00233484 0.0113256 0.0183654 -0.000780153 0.0115642 0.0177711 0.00544234 0.0113256 0.0175762 0.00538266 0.0113256 0.0164137 0.00827563 0.0115642 0.0165957 0.00836739 0.011768 0.0168088 0.00847483 0.0115642 0.0149429 0.0110517 0.0113256 0.014779 0.0109305 0.011768 0.0151348 0.0111936 0.0115642 0.0128602 0.0134181 0.0113256 0.0127192 0.013271 0.011768 0.0130254 0.0135904 0.0113256 0.0102934 0.0152296 0.0115642 0.0104076 0.0153985 0.011768 0.0105412 0.0155962 0.0115642 0.00157618 0.0185188 0.011768 -0.00159642 0.0187566 0.0115642 -0.00157618 0.0185188 0.011768 0.00775381 0.0171534 0.0115642 0.00765551 0.0169359 0.0115642 -0.0104076 0.0153985 0.0115642 -0.00765551 0.0169359 0.011768 -0.0105412 0.0155962 0.0115642 -0.00468321 0.0179861 0.011768 -0.00474334 0.018217 0.0115642 -0.0149429 0.0110517 0.011768 -0.0168088 0.00847483 0.0115642 -0.0165957 0.00836739 0.0113256 -0.014779 0.0109305 0.0113256 -0.0127192 0.013271 0.0115642 -0.018569 -0.000788803 0.011768 -0.0184019 -0.00396592 0.0115642 -0.0181686 -0.00391564 0.0115642 -0.0177711 0.00544234 0.011768 -0.0179993 0.00551222 0.011058 -0.0155131 -0.00955182 0.011058 -0.0136757 -0.0120362 0.010768 -0.0154109 -0.00948885 0.0113256 -0.0179694 -0.0038727 0.0115642 -0.0172455 -0.00692983 0.0113256 -0.0170564 -0.00685384 0.011768 -0.017467 -0.00701881 0.011932 -0.0162574 -0.0100101 0.011768 -0.0160295 -0.00986979 0.011768 -0.0188075 -0.000798931 0.011932 -0.0186635 -0.00402229 0.01215 -0.0066628 -0.0188575 0.0121254 -0.00655857 -0.0185626 0.0121254 -0.00960131 -0.0171871 0.0121254 -0.0123678 -0.0153173 0.01215 -0.0097539 -0.0174603 0.0120521 -0.00327557 -0.0191032 0.0121254 -0.00332714 -0.0194039 0.01215 -0.00338002 -0.0197123 0.011768 -0.014131 -0.0124368 0.0115642 -0.0139518 -0.0122792 0.0115642 -0.0158263 -0.00974466 0.011932 -0.0143319 -0.0126136 0.0104629 -0.00600472 -0.016995 0.01015 -0.00856705 -0.0158305 0.0104629 -0.00879052 -0.0157358 0.0113256 -0.0156528 -0.0096378 0.0113256 -0.0137988 -0.0121445 0.0104629 -0.00304618 -0.0177654 0.01015 -0.0029627 -0.0177545 0.01015 -0.00584459 -0.0170247 0.0104629 -0.0113234 -0.0140238 0.010768 -0.0113695 -0.0140808 0.010768 -0.00882625 -0.0157997 0.011058 -0.0169043 -0.00679269 0.010768 -0.0167928 -0.00674791 0.0115642 -0.0184352 0.00236073 0.0113256 -0.0183654 -0.000780153 0.0113256 -0.0182331 0.00233484 0.011768 -0.018672 0.00239104 0.0113256 -0.0175762 0.00538266 0.0113256 -0.0164137 0.00827563 0.0115642 -0.0128602 0.0134181 0.011768 -0.0151348 0.0111936 0.0113256 -0.0102934 0.0152296 0.011768 -0.0130254 0.0135904 0.011768 -0.00775381 0.0171534 0.0113256 -0.00757155 0.0167502 0.0113256 -0.00463185 0.0177888 0.0113256 -0.0015589 0.0183157 0.0113256 0.0015589 0.0183157 0.011768 0.00474334 0.018217 0.011768 0.00159642 0.0187566 0.01215 0.0150134 -0.0132135 0.0121254 0.0123678 -0.0153173 0.01215 0.0125644 -0.0155607 0.011932 0.00636031 -0.0180014 0.0120521 0.0064569 -0.0182748 0.0120521 0.00945249 -0.0169207 0.011058 0.00606914 -0.0171773 0.0104629 0.00600472 -0.016995 0.010768 0.00602913 -0.0170641 0.0113256 0.00612376 -0.0173319 0.01015 0.0029627 -0.0177545 0.0121254 0.00960131 -0.0171871 0.011932 0.00931108 -0.0166676 0.011058 0.00888482 -0.0159046 0.0104629 0.00879052 -0.0157358 0.010768 0.00882625 -0.0157997 0.0113256 0.00896479 -0.0160477 0.01015 0.00584459 -0.0170247 0.01015 0.00856705 -0.0158305 0.0121254 0.0147786 -0.0130068 0.0120521 0.0121761 -0.0150799 0.011932 0.011994 -0.0148543 0.011058 0.0114449 -0.0141742 0.0104629 0.0113234 -0.0140238 0.010768 0.0113695 -0.0140808 0.0113256 0.0115479 -0.0143018 0.01015 0.0110558 -0.0142045 0.01215 0.0170306 -0.0104861 0.01215 0.0185578 -0.00745713 0.01215 0.0195511 -0.00421359 0.0121254 0.0182675 -0.00734047 0.011932 0.0162574 -0.0100101 0.0120521 0.0165043 -0.0101621 0.0120521 0.0179843 -0.00722669 0.0120521 0.0145495 -0.0128052 0.011932 0.0143319 -0.0126136 0.011058 0.0136757 -0.0120362 0.0104629 0.0135306 -0.0119084 0.010768 0.0135856 -0.0119568 0.0113256 0.0137988 -0.0121445 0.01015 0.013243 -0.0121911 0.0121254 0.0167642 -0.0103221 0.01215 0.0191233 0.00585646 0.01215 0.0178585 0.00900408 0.0121254 0.0188242 0.00576484 0.011058 0.0155131 -0.00955182 0.0104629 0.0153485 -0.00945044 0.010768 0.0154109 -0.00948885 0.0113256 0.0156528 -0.0096378 0.01015 0.015069 -0.00984507 0.0121254 0.0192453 -0.00414767 0.011932 0.0177153 -0.00711858 0.011058 0.0169043 -0.00679269 0.0104629 0.0167248 -0.0067206 0.010768 0.0167928 -0.00674791 0.0113256 0.0170564 -0.00685384 0.01015 0.0164839 -0.00723052 0.0121254 0.0196694 -0.000835546 0.01215 0.019982 -0.000848824 0.0120521 0.0189469 -0.00408338 0.011932 0.0186635 -0.00402229 0.011058 0.0178091 -0.00383815 0.0104629 0.0176201 -0.00379741 0.010768 0.0176917 -0.00381285 0.0113256 0.0179694 -0.0038727 0.01015 0.0174492 -0.00441874 0.0121254 0.0195277 0.00250062 0.01215 0.019838 0.00254036 0.0120521 0.0173067 0.00872583 0.0120521 0.015583 0.0115252 0.011932 0.0170478 0.0085953 0.0120521 0.0193645 -0.000822594 0.011932 0.0190748 -0.000810288 0.011058 0.0182016 -0.000773193 0.0104629 0.0180084 -0.000764987 0.010768 0.0180816 -0.000768096 0.01015 0.0179385 -0.00148643 0.0120521 0.019225 0.00246186 0.011932 0.0189374 0.00242503 0.011058 0.0180704 0.00231401 0.0104629 0.0178786 0.00228945 0.010768 0.0179513 0.00229875 0.01015 0.0179385 0.00148643 0.01215 -0.00169612 0.019928 0.01215 -0.00503956 0.0193547 0.0121254 -0.00166959 0.0196162 0.01215 0.0160799 0.0118927 0.0121254 0.0175791 0.00886322 0.011932 0.0182552 0.00559058 0.0120521 0.0185324 0.00567548 0.011058 0.0174194 0.00533464 0.0104629 0.0172345 0.00527802 0.010768 0.0173046 0.00529947 0.01015 0.0174492 0.00441874 0.0121254 0.0158284 0.0117066 0.011058 0.0162673 0.00820181 0.0104629 0.0160947 0.00811475 0.010768 0.0161601 0.00814774 0.01015 0.0164839 0.00723052 0.01215 0.0138388 0.0144391 0.0121254 0.0136223 0.0142132 0.011932 0.0153499 0.0113527 0.010768 0.0145506 0.0107616 0.0104629 0.0144917 0.010718 0.011058 0.0146472 0.010833 0.01015 0.015069 0.00984507 0.0121254 0.0110243 0.016311 0.01215 0.0111995 0.0165702 0.0120521 -0.00798346 0.0176614 0.0120521 -0.0108534 0.0160581 0.011932 -0.00786403 0.0173972 0.0120521 0.0134111 0.0139929 0.011932 0.0132105 0.0137836 0.010768 0.0125226 0.0130659 0.0104629 0.0124719 0.013013 0.011058 0.0126057 0.0131526 0.01015 0.013243 0.0121911 0.01215 0.00823803 0.0182246 0.0121254 0.00810915 0.0179395 0.0120521 0.0108534 0.0160581 0.011932 0.010691 0.0158179 0.010768 0.0101344 0.0149943 0.0104629 0.0100933 0.0149336 0.011058 0.0102016 0.0150938 0.01015 0.0110558 0.0142045 0.01215 0.00503956 0.0193547 0.0121254 0.00496073 0.0190519 0.0120521 0.00798346 0.0176614 0.011932 0.00786403 0.0173972 0.010768 0.00745454 0.0164913 0.0104629 0.00742437 0.0164246 0.011058 0.00750401 0.0166007 0.01015 0.00856705 0.0158305 0.01215 0.00169612 0.019928 0.0121254 0.00166959 0.0196162 0.0120521 0.00488383 0.0187566 0.011932 0.00481077 0.018476 0.010768 0.00456027 0.0175139 0.0104629 0.00454181 0.017443 0.011058 0.00459053 0.0176301 0.01015 0.00584459 0.0170247 0.0120521 0.00164371 0.0193121 0.011932 0.00161912 0.0190232 0.010768 0.00153481 0.0180327 0.0104629 0.00152859 0.0179597 0.011058 0.00154499 0.0181524 0.01015 0.0029627 0.0177545 0.0121254 -0.00810915 0.0179395 0.01215 -0.00823803 0.0182246 0.01215 -0.0111995 0.0165702 0.0121254 -0.00496073 0.0190519 0.011932 -0.00161912 0.0190232 0.0120521 -0.00164371 0.0193121 0.010768 -0.00153481 0.0180327 0.01015 -5.78924e-18 0.018 0.0104629 -0.00152859 0.0179597 0.011058 -0.00154499 0.0181524 0.01215 -0.0138388 0.0144391 0.0121254 -0.0110243 0.016311 0.0120521 -0.00488383 0.0187566 0.011932 -0.00481077 0.018476 0.010768 -0.00456027 0.0175139 0.01015 -0.0029627 0.0177545 0.0104629 -0.00454181 0.017443 0.011058 -0.00459053 0.0176301 0.01215 -0.0160799 0.0118927 0.0121254 -0.0136223 0.0142132 0.010768 -0.00745454 0.0164913 0.01015 -0.00584459 0.0170247 0.0104629 -0.00742437 0.0164246 0.011058 -0.00750401 0.0166007 0.011932 -0.010691 0.0158179 0.010768 -0.0101344 0.0149943 0.01015 -0.00856705 0.0158305 0.0104629 -0.0100933 0.0149336 0.011058 -0.0102016 0.0150938 0.01215 -0.0178585 0.00900408 0.01215 -0.0191233 0.00585646 0.0121254 -0.0175791 0.00886322 0.0120521 -0.0134111 0.0139929 0.011932 -0.0132105 0.0137836 0.010768 -0.0125226 0.0130659 0.01015 -0.0110558 0.0142045 0.0104629 -0.0124719 0.013013 0.011058 -0.0126057 0.0131526 0.0121254 -0.0158284 0.0117066 0.0121254 -0.0188242 0.00576484 0.01215 -0.019838 0.00254036 0.0120521 -0.0173067 0.00872583 0.0120521 -0.0185324 0.00567548 0.011932 -0.0170478 0.0085953 0.0120521 -0.015583 0.0115252 0.011932 -0.0153499 0.0113527 0.010768 -0.0145506 0.0107616 0.01015 -0.013243 0.0121911 0.0104629 -0.0144917 0.010718 0.011058 -0.0146472 0.010833 0.01215 -0.019982 -0.000848824 0.01215 -0.0195511 -0.00421359 0.0121254 -0.0196694 -0.000835546 0.010768 -0.0161601 0.00814774 0.01015 -0.015069 0.00984507 0.0104629 -0.0160947 0.00811475 0.011058 -0.0162673 0.00820181 0.0121254 -0.0195277 0.00250062 0.011932 -0.0182552 0.00559058 0.010768 -0.0173046 0.00529947 0.01015 -0.0164839 0.00723052 0.0104629 -0.0172345 0.00527802 0.011058 -0.0174194 0.00533464 0.01215 -0.0185578 -0.00745713 0.0121254 -0.0192453 -0.00414767 0.0120521 -0.0193645 -0.000822594 0.0120521 -0.0189469 -0.00408338 0.011932 -0.0190748 -0.000810288 0.0120521 -0.019225 0.00246186 0.011932 -0.0189374 0.00242503 0.011058 -0.0180704 0.00231401 0.010768 -0.0179513 0.00229875 0.01015 -0.0174492 0.00441874 0.0104629 -0.0178786 0.00228945 0.01215 -0.0150134 -0.0132135 0.0121254 -0.0167642 -0.0103221 0.01215 -0.0170306 -0.0104861 0.011058 -0.0182016 -0.000773193 0.010768 -0.0180816 -0.000768096 0.01015 -0.0179385 0.00148643 0.0104629 -0.0180084 -0.000764987 0.0121254 -0.0182675 -0.00734047 0.011932 -0.0177153 -0.00711858 0.011058 -0.0178091 -0.00383815 0.010768 -0.0176917 -0.00381285 0.01015 -0.0179385 -0.00148643 0.0104629 -0.0176201 -0.00379741 0.0120521 -0.0179843 -0.00722669 0.01015 -0.0174492 -0.00441874 0.0104629 -0.0167248 -0.0067206 0.01215 -0.0125644 -0.0155607 0.0121254 -0.0147786 -0.0130068 0.0120521 -0.0165043 -0.0101621 0.01015 -0.0164839 -0.00723052 0.0104629 -0.0153485 -0.00945044 0.0120521 -0.0145495 -0.0128052 0.011058 -0.0114449 -0.0141742 0.010768 -0.0135856 -0.0119568 0.01015 -0.015069 -0.00984507 0.0104629 -0.0135306 -0.0119084 0.011768 -0.00918058 -0.016434 0.011932 -0.00931108 -0.0166676 0.011932 -0.00636031 -0.0180014 0.011932 -0.011994 -0.0148543 0.011768 -0.0118259 -0.0146461 0.0120521 -0.0121761 -0.0150799 0.0115642 -0.011676 -0.0144604 0.0113256 -0.0115479 -0.0143018 0.01015 -0.013243 -0.0121911 0.0120521 -0.00945249 -0.0169207 0.0115642 -0.00906419 -0.0162257 0.0113256 -0.00896479 -0.0160477 0.011058 -0.00888482 -0.0159046 0.01015 -0.0110558 -0.0142045 0.011768 -0.00627117 -0.0177491 0.0120521 -0.0064569 -0.0182748 0.0115642 -0.00619167 -0.0175241 0.0113256 -0.00612376 -0.0173319 0.011058 -0.00606914 -0.0171773 0.010768 -0.00602913 -0.0170641 0.010768 -0.00305856 -0.0178376 0.011932 -0.00322657 -0.0188174 0.011768 -0.00318134 -0.0185537 0.0115642 -0.00314101 -0.0183184 0.0113256 -0.00310657 -0.0181176 0.011058 -0.00307885 -0.0179559 -0.01015 0.0144505 -0.0011974 -0.01315 0.0144505 -0.0011974 -0.01315 0.0144505 0.0011974 -0.01315 -0.00238662 0.0143022 -0.01015 -4.66356e-18 0.0145 -0.01315 0 0.0145 -0.01015 0.0140563 -0.00355954 -0.01315 0.0140563 -0.00355954 -0.01315 0.0132787 -0.00582458 -0.01015 0.0132787 -0.00582458 -0.01015 0.0121389 -0.00793075 -0.01315 0.0121389 -0.00793075 -0.01015 0.010668 -0.00982058 -0.01315 0.010668 -0.00982058 -0.01315 0.00890608 -0.0114425 -0.01015 0.00890608 -0.0114425 -0.01015 0.00690124 -0.0127524 -0.01315 0.00690124 -0.0127524 -0.01015 0.00470814 -0.0137143 -0.01315 0.00470814 -0.0137143 -0.01315 0.00238662 -0.0143022 -0.01015 0.00238662 -0.0143022 -0.01015 0 -0.0145 -0.01315 -4.66356e-18 -0.0145 -0.01015 0.0144505 0.0011974 -0.01315 0.0140563 0.00355954 -0.01015 0.0140563 0.00355954 -0.01315 0.0132787 0.00582458 -0.01015 0.0132787 0.00582458 -0.01015 0.0121389 0.00793075 -0.01315 0.0121389 0.00793075 -0.01315 0.010668 0.00982058 -0.01015 0.010668 0.00982058 -0.01315 0.00890608 0.0114425 -0.01015 0.00890608 0.0114425 -0.01015 0.00690124 0.0127524 -0.01315 0.00690124 0.0127524 -0.01315 0.00470814 0.0137143 -0.01015 0.00470814 0.0137143 -0.01315 0.00238662 0.0143022 -0.01015 0.00238662 0.0143022 -0.01315 -0.00890608 0.0114425 -0.01015 -0.00690124 0.0127524 -0.01315 -0.00690124 0.0127524 -0.01315 -0.00470814 0.0137143 -0.01015 -0.00470814 0.0137143 -0.01015 -0.00238662 0.0143022 -0.01015 -0.0121389 0.00793075 -0.01315 -0.0121389 0.00793075 -0.01315 -0.0132787 0.00582458 -0.01015 -0.00890608 0.0114425 -0.01315 -0.010668 0.00982058 -0.01015 -0.010668 0.00982058 -0.01315 -0.0144505 0.0011974 -0.01315 -0.0144505 -0.0011974 -0.01015 -0.0144505 0.0011974 -0.01315 -0.0140563 0.00355954 -0.01015 -0.0140563 0.00355954 -0.01015 -0.0132787 0.00582458 -0.01315 -0.0121389 -0.00793075 -0.01015 -0.0132787 -0.00582458 -0.01315 -0.0132787 -0.00582458 -0.01015 -0.0140563 -0.00355954 -0.01015 -0.0144505 -0.0011974 -0.01315 -0.0140563 -0.00355954 -0.01015 -0.00890608 -0.0114425 -0.01015 -0.010668 -0.00982058 -0.01315 -0.00890608 -0.0114425 -0.01015 -0.0121389 -0.00793075 -0.01315 -0.010668 -0.00982058 -0.01315 -0.00690124 -0.0127524 -0.01015 -0.00690124 -0.0127524 -0.01315 -0.00470814 -0.0137143 -0.01015 -0.00470814 -0.0137143 -0.01015 -0.00238662 -0.0143022 -0.01315 -0.00238662 -0.0143022 0.01315 0.00122969 0.0144478 0.01015 -0.00122969 0.0144478 0.01315 -0.00122969 0.0144478 0.01315 -0.00365368 0.0140321 0.01015 -0.00365368 0.0140321 0.01015 -0.00597257 0.0132128 0.01315 -0.00597257 0.0132128 0.01015 -0.00811963 0.0120134 0.01315 -0.00811963 0.0120134 0.01315 -0.0100331 0.0104684 0.01015 -0.0100331 0.0104684 0.01015 -0.011658 0.00862218 0.01315 -0.011658 0.00862218 0.01015 -0.0129474 0.00652795 0.01315 -0.0129474 0.00652795 0.01315 -0.0138644 0.00424593 0.01015 -0.0138644 0.00424593 0.01015 -0.0143826 0.00184176 0.01315 -0.0143826 0.00184176 0.01015 -0.0144869 -0.000615397 0.01315 -0.0144869 -0.000615397 0.01315 -0.0141746 -0.00305485 0.01015 -0.0141746 -0.00305485 0.01015 -0.0134544 -0.00540642 0.01315 -0.0134544 -0.00540642 0.01015 -0.0123472 -0.00760246 0.01315 -0.0123472 -0.00760246 0.01315 -0.0108847 -0.00957978 0.01015 -0.0108847 -0.00957978 0.01015 -0.00910919 -0.0112815 0.01315 -0.00910919 -0.0112815 0.01015 -0.00707158 -0.0126587 0.01315 -0.00707158 -0.0126587 0.01315 -0.00483053 -0.0136717 0.01015 -0.00483053 -0.0136717 0.01015 -0.00245051 -0.0142914 0.01315 -0.00245051 -0.0142914 0.01015 0 -0.0145 0.01315 0 -0.0145 0.01015 0.00122969 0.0144478 0.01315 0.00365368 0.0140321 0.01015 0.00365368 0.0140321 0.01315 0.00597257 0.0132128 0.01015 0.00597257 0.0132128 0.01015 0.00811963 0.0120134 0.01315 0.00811963 0.0120134 0.01315 0.0100331 0.0104684 0.01015 0.0100331 0.0104684 0.01315 0.011658 0.00862218 0.01015 0.011658 0.00862218 0.01015 0.0129474 0.00652795 0.01315 0.0129474 0.00652795 0.01315 0.0138644 0.00424593 0.01015 0.0138644 0.00424593 0.01315 0.0143826 0.00184176 0.01015 0.0143826 0.00184176 0.01015 0.0144869 -0.000615397 0.01315 0.0144869 -0.000615397 0.01315 0.0141746 -0.00305485 0.01015 0.0141746 -0.00305485 0.01315 0.0134544 -0.00540642 0.01015 0.0134544 -0.00540642 0.01015 0.0123472 -0.00760246 0.01315 0.0123472 -0.00760246 0.01315 0.0108847 -0.00957978 0.01015 0.0108847 -0.00957978 0.01315 0.00910919 -0.0112815 0.01015 0.00910919 -0.0112815 0.01015 0.00707158 -0.0126587 0.01315 0.00707158 -0.0126587 0.01315 0.00483053 -0.0136717 0.01015 0.00483053 -0.0136717 0.01315 0.00245051 -0.0142914 0.01015 0.00245051 -0.0142914 -0.01015 0.00190126 0.0110882 -0.01015 0 0.01125 -0.01315 0 0.01125 -0.01015 0.00706748 0.0087529 -0.01015 0.00548657 0.00982141 -0.01315 0.00548657 0.00982141 -0.01015 0.00374782 0.0106074 -0.01315 0.00190126 0.0110882 -0.01315 0.00374782 0.0106074 -0.01315 0.0095797 0.00589846 -0.01015 0.0104388 0.00419464 -0.01015 0.0095797 0.00589846 -0.01315 0.00706748 0.0087529 -0.01315 0.00844506 0.00743259 -0.01015 0.00844506 0.00743259 -0.01015 0.0112399 0.000477464 -0.01315 0.0112399 0.000477464 -0.01015 0.0111589 -0.00142895 -0.01015 0.0109975 0.00237014 -0.01315 0.0104388 0.00419464 -0.01315 0.0109975 0.00237014 -0.01015 0.00904497 -0.00668962 -0.01015 0.0100454 -0.00506479 -0.01315 0.0100454 -0.00506479 -0.01315 0.0107569 -0.00329426 -0.01015 0.0107569 -0.00329426 -0.01315 0.0111589 -0.00142895 -0.01315 0.00629972 -0.00932073 -0.01015 0.00463389 -0.0102513 -0.01015 0.00629972 -0.00932073 -0.01315 0.00904497 -0.00668962 -0.01315 0.00778431 -0.00812201 -0.01015 0.00778431 -0.00812201 -0.01015 0.000954067 -0.0112095 -0.01315 0.000954067 -0.0112095 -0.01015 -0.000954067 -0.0112095 -0.01015 0.00283475 -0.010887 -0.01315 0.00463389 -0.0102513 -0.01315 0.00283475 -0.010887 -0.01015 -0.00629972 -0.00932073 -0.01015 -0.00463389 -0.0102513 -0.01315 -0.00463389 -0.0102513 -0.01315 -0.00283475 -0.010887 -0.01015 -0.00283475 -0.010887 -0.01315 -0.000954067 -0.0112095 -0.01315 -0.00904497 -0.00668962 -0.01015 -0.0100454 -0.00506479 -0.01015 -0.00904497 -0.00668962 -0.01315 -0.00629972 -0.00932073 -0.01315 -0.00778431 -0.00812201 -0.01015 -0.00778431 -0.00812201 -0.01015 -0.0111589 -0.00142895 -0.01315 -0.0111589 -0.00142895 -0.01015 -0.0112399 0.000477464 -0.01015 -0.0107569 -0.00329426 -0.01315 -0.0100454 -0.00506479 -0.01315 -0.0107569 -0.00329426 -0.01315 -0.0112399 0.000477464 -0.01315 -0.0109975 0.00237014 -0.01015 -0.0109975 0.00237014 -0.01315 -0.0104388 0.00419464 -0.01015 -0.0104388 0.00419464 -0.01015 -0.0095797 0.00589846 -0.01315 -0.0095797 0.00589846 -0.01315 -0.00844506 0.00743259 -0.01015 -0.00844506 0.00743259 -0.01315 -0.00706748 0.0087529 -0.01015 -0.00706748 0.0087529 -0.01015 -0.00548657 0.00982141 -0.01315 -0.00548657 0.00982141 -0.01315 -0.00374782 0.0106074 -0.01015 -0.00374782 0.0106074 -0.01315 -0.00190126 0.0110882 -0.01015 -0.00190126 0.0110882 -0.01015 0.0110123 -0.000912502 -0.01295 0.0110123 -0.000912502 -0.01295 0.0110123 0.000912502 -0.01295 -0.00181877 0.0108993 -0.01015 -3.55395e-18 0.01105 -0.01295 0 0.01105 -0.01015 0.0107119 -0.00271261 -0.01295 0.0107119 -0.00271261 -0.01295 0.0101193 -0.00443873 -0.01015 0.0101193 -0.00443873 -0.01015 0.00925069 -0.00604378 -0.01295 0.00925069 -0.00604378 -0.01015 0.00812975 -0.00748396 -0.01295 0.00812975 -0.00748396 -0.01295 0.00678705 -0.00872 -0.01015 0.00678705 -0.00872 -0.01015 0.00525922 -0.00971819 -0.01295 0.00525922 -0.00971819 -0.01015 0.00358793 -0.0104513 -0.01295 0.00358793 -0.0104513 -0.01295 0.00181877 -0.0108993 -0.01015 0.00181877 -0.0108993 -0.01015 0 -0.01105 -0.01295 -3.55395e-18 -0.01105 -0.01015 0.0110123 0.000912502 -0.01295 0.0107119 0.00271261 -0.01015 0.0107119 0.00271261 -0.01295 0.0101193 0.00443873 -0.01015 0.0101193 0.00443873 -0.01015 0.00925069 0.00604378 -0.01295 0.00925069 0.00604378 -0.01295 0.00812975 0.00748396 -0.01015 0.00812975 0.00748396 -0.01295 0.00678705 0.00872 -0.01015 0.00678705 0.00872 -0.01015 0.00525922 0.00971819 -0.01295 0.00525922 0.00971819 -0.01295 0.00358793 0.0104513 -0.01015 0.00358793 0.0104513 -0.01295 0.00181877 0.0108993 -0.01015 0.00181877 0.0108993 -0.01295 -0.00678705 0.00872 -0.01015 -0.00525922 0.00971819 -0.01295 -0.00525922 0.00971819 -0.01295 -0.00358793 0.0104513 -0.01015 -0.00358793 0.0104513 -0.01015 -0.00181877 0.0108993 -0.01015 -0.00925069 0.00604378 -0.01295 -0.00925069 0.00604378 -0.01295 -0.0101193 0.00443873 -0.01015 -0.00678705 0.00872 -0.01295 -0.00812975 0.00748396 -0.01015 -0.00812975 0.00748396 -0.01295 -0.0110123 0.000912502 -0.01295 -0.0110123 -0.000912502 -0.01015 -0.0110123 0.000912502 -0.01295 -0.0107119 0.00271261 -0.01015 -0.0107119 0.00271261 -0.01015 -0.0101193 0.00443873 -0.01295 -0.00925069 -0.00604378 -0.01015 -0.0101193 -0.00443873 -0.01295 -0.0101193 -0.00443873 -0.01015 -0.0107119 -0.00271261 -0.01015 -0.0110123 -0.000912502 -0.01295 -0.0107119 -0.00271261 -0.01015 -0.00678705 -0.00872 -0.01015 -0.00812975 -0.00748396 -0.01295 -0.00678705 -0.00872 -0.01015 -0.00925069 -0.00604378 -0.01295 -0.00812975 -0.00748396 -0.01295 -0.00525922 -0.00971819 -0.01015 -0.00525922 -0.00971819 -0.01295 -0.00358793 -0.0104513 -0.01015 -0.00358793 -0.0104513 -0.01015 -0.00181877 -0.0108993 -0.01295 -0.00181877 -0.0108993 -0.01295 0.00807573 -0.000669174 -0.01315 0.00807573 -0.000669174 -0.01315 0.00807573 0.000669174 -0.01315 -0.00133378 0.00799288 -0.01295 -2.60625e-18 0.0081034 -0.01315 0 0.0081034 -0.01295 0.00785544 -0.00198927 -0.01315 0.00785544 -0.00198927 -0.01315 0.00742088 -0.0032551 -0.01295 0.00742088 -0.0032551 -0.01295 0.0067839 -0.00443214 -0.01315 0.0067839 -0.00443214 -0.01295 0.00596187 -0.00548829 -0.01315 0.00596187 -0.00548829 -0.01315 0.00497721 -0.00639472 -0.01295 0.00497721 -0.00639472 -0.01295 0.00385679 -0.00712673 -0.01315 0.00385679 -0.00712673 -0.01295 0.00263117 -0.00766434 -0.01315 0.00263117 -0.00766434 -0.01315 0.00133378 -0.00799288 -0.01295 0.00133378 -0.00799288 -0.01295 0 -0.0081034 -0.01315 -2.60625e-18 -0.0081034 -0.01295 0.00807573 0.000669174 -0.01315 0.00785544 0.00198927 -0.01295 0.00785544 0.00198927 -0.01315 0.00742088 0.0032551 -0.01295 0.00742088 0.0032551 -0.01295 0.0067839 0.00443214 -0.01315 0.0067839 0.00443214 -0.01315 0.00596187 0.00548829 -0.01295 0.00596187 0.00548829 -0.01315 0.00497721 0.00639472 -0.01295 0.00497721 0.00639472 -0.01295 0.00385679 0.00712673 -0.01315 0.00385679 0.00712673 -0.01315 0.00263117 0.00766434 -0.01295 0.00263117 0.00766434 -0.01315 0.00133378 0.00799288 -0.01295 0.00133378 0.00799288 -0.01315 -0.00497721 0.00639472 -0.01295 -0.00385679 0.00712673 -0.01315 -0.00385679 0.00712673 -0.01315 -0.00263117 0.00766434 -0.01295 -0.00263117 0.00766434 -0.01295 -0.00133378 0.00799288 -0.01295 -0.0067839 0.00443214 -0.01315 -0.0067839 0.00443214 -0.01315 -0.00742088 0.0032551 -0.01295 -0.00497721 0.00639472 -0.01315 -0.00596187 0.00548829 -0.01295 -0.00596187 0.00548829 -0.01315 -0.00807573 0.000669174 -0.01315 -0.00807573 -0.000669174 -0.01295 -0.00807573 0.000669174 -0.01315 -0.00785544 0.00198927 -0.01295 -0.00785544 0.00198927 -0.01295 -0.00742088 0.0032551 -0.01315 -0.0067839 -0.00443214 -0.01295 -0.00742088 -0.0032551 -0.01315 -0.00742088 -0.0032551 -0.01295 -0.00785544 -0.00198927 -0.01295 -0.00807573 -0.000669174 -0.01315 -0.00785544 -0.00198927 -0.01295 -0.00497721 -0.00639472 -0.01295 -0.00596187 -0.00548829 -0.01315 -0.00497721 -0.00639472 -0.01295 -0.0067839 -0.00443214 -0.01315 -0.00596187 -0.00548829 -0.01315 -0.00385679 -0.00712673 -0.01295 -0.00385679 -0.00712673 -0.01315 -0.00263117 -0.00766434 -0.01295 -0.00263117 -0.00766434 -0.01295 -0.00133378 -0.00799288 -0.01315 -0.00133378 -0.00799288 0.01015 -0.0112116 -0.000929018 0.01015 -0.0112116 0.000929018 0.01315 -0.0112116 0.000929018 0.01315 0 -0.01125 0.01015 0.00185169 -0.0110966 0.01015 3.61828e-18 -0.01125 0.01015 -0.0109058 0.00276171 0.01315 -0.0109058 0.00276171 0.01315 -0.0103025 0.00451907 0.01015 -0.0103025 0.00451907 0.01015 -0.00941812 0.00615317 0.01315 -0.00941812 0.00615317 0.01015 -0.00827689 0.00761942 0.01315 -0.00827689 0.00761942 0.01315 -0.00690989 0.00887783 0.01015 -0.00690989 0.00887783 0.01015 -0.00535441 0.00989408 0.01315 -0.00535441 0.00989408 0.01015 -0.00365287 0.0106404 0.01315 -0.00365287 0.0106404 0.01315 -0.00185169 0.0110966 0.01015 -0.00185169 0.0110966 0.01315 3.61828e-18 0.01125 0.01015 0 0.01125 0.01315 -0.0112116 -0.000929018 0.01015 -0.0109058 -0.00276171 0.01315 -0.0109058 -0.00276171 0.01315 -0.0103025 -0.00451907 0.01015 -0.0103025 -0.00451907 0.01315 -0.00941812 -0.00615317 0.01015 -0.00941812 -0.00615317 0.01015 -0.00827689 -0.00761942 0.01315 -0.00827689 -0.00761942 0.01315 -0.00690989 -0.00887783 0.01015 -0.00690989 -0.00887783 0.01315 -0.00535441 -0.00989408 0.01015 -0.00535441 -0.00989408 0.01015 -0.00365287 -0.0106404 0.01315 -0.00365287 -0.0106404 0.01315 -0.00185169 -0.0110966 0.01015 -0.00185169 -0.0110966 0.01315 0.00365287 -0.0106404 0.01015 0.00365287 -0.0106404 0.01315 0.00185169 -0.0110966 0.01315 0.00827689 -0.00761942 0.01015 0.00827689 -0.00761942 0.01315 0.00690989 -0.00887783 0.01315 0.00535441 -0.00989408 0.01015 0.00690989 -0.00887783 0.01015 0.00535441 -0.00989408 0.01315 0.0103025 -0.00451907 0.01315 0.0109058 -0.00276171 0.01015 0.0109058 -0.00276171 0.01015 0.00941812 -0.00615317 0.01315 0.00941812 -0.00615317 0.01015 0.0103025 -0.00451907 0.01015 0.0109058 0.00276171 0.01315 0.0112116 0.000929018 0.01315 0.0109058 0.00276171 0.01015 0.0112116 0.000929018 0.01015 0.0112116 -0.000929018 0.01315 0.0112116 -0.000929018 0.01315 0.00827689 0.00761942 0.01015 0.00827689 0.00761942 0.01315 0.00941812 0.00615317 0.01315 0.0103025 0.00451907 0.01015 0.00941812 0.00615317 0.01015 0.0103025 0.00451907 0.01015 0.00535441 0.00989408 0.01015 0.00690989 0.00887783 0.01315 0.00690989 0.00887783 0.01315 0.00535441 0.00989408 0.01015 0.00365287 0.0106404 0.01315 0.00365287 0.0106404 0.01015 0.00185169 0.0110966 0.01315 0.00185169 0.0110966 0.01295 0.000937106 0.0110102 0.01015 -0.000937106 0.0110102 0.01295 -0.000937106 0.0110102 0.01295 -0.00278436 0.0106934 0.01015 -0.00278436 0.0106934 0.01015 -0.00455151 0.0100691 0.01295 -0.00455151 0.0100691 0.01015 -0.00618772 0.00915503 0.01295 -0.00618772 0.00915503 0.01295 -0.00764592 0.00797762 0.01015 -0.00764592 0.00797762 0.01015 -0.00888417 0.0065707 0.01295 -0.00888417 0.0065707 0.01015 -0.00986683 0.00497475 0.01295 -0.00986683 0.00497475 0.01295 -0.0105656 0.00323569 0.01015 -0.0105656 0.00323569 0.01015 -0.0109605 0.00140355 0.01295 -0.0109605 0.00140355 0.01015 -0.01104 -0.000468975 0.01295 -0.01104 -0.000468975 0.01295 -0.010802 -0.00232801 0.01015 -0.010802 -0.00232801 0.01015 -0.0102532 -0.00412006 0.01295 -0.0102532 -0.00412006 0.01015 -0.0094094 -0.0057936 0.01295 -0.0094094 -0.0057936 0.01295 -0.00829493 -0.00730046 0.01015 -0.00829493 -0.00730046 0.01015 -0.00694183 -0.00859729 0.01295 -0.00694183 -0.00859729 0.01015 -0.00538903 -0.00964681 0.01295 -0.00538903 -0.00964681 0.01295 -0.00368119 -0.0104188 0.01015 -0.00368119 -0.0104188 0.01015 -0.00186746 -0.0108911 0.01295 -0.00186746 -0.0108911 0.01015 0 -0.01105 0.01295 0 -0.01105 0.01015 0.000937106 0.0110102 0.01295 0.00278436 0.0106934 0.01015 0.00278436 0.0106934 0.01295 0.00455151 0.0100691 0.01015 0.00455151 0.0100691 0.01015 0.00618772 0.00915503 0.01295 0.00618772 0.00915503 0.01295 0.00764592 0.00797762 0.01015 0.00764592 0.00797762 0.01295 0.00888417 0.0065707 0.01015 0.00888417 0.0065707 0.01015 0.00986683 0.00497475 0.01295 0.00986683 0.00497475 0.01295 0.0105656 0.00323569 0.01015 0.0105656 0.00323569 0.01295 0.0109605 0.00140355 0.01015 0.0109605 0.00140355 0.01015 0.01104 -0.000468975 0.01295 0.01104 -0.000468975 0.01295 0.010802 -0.00232801 0.01015 0.010802 -0.00232801 0.01295 0.0102532 -0.00412006 0.01015 0.0102532 -0.00412006 0.01015 0.0094094 -0.0057936 0.01295 0.0094094 -0.0057936 0.01295 0.00829493 -0.00730046 0.01015 0.00829493 -0.00730046 0.01295 0.00694183 -0.00859729 0.01015 0.00694183 -0.00859729 0.01015 0.00538903 -0.00964681 0.01295 0.00538903 -0.00964681 0.01295 0.00368119 -0.0104188 0.01015 0.00368119 -0.0104188 0.01295 0.00186746 -0.0108911 0.01015 0.00186746 -0.0108911 0.01315 0.000687217 0.00807421 0.01295 -0.000687217 0.00807421 0.01315 -0.000687217 0.00807421 0.01315 -0.00204188 0.00784193 0.01295 -0.00204188 0.00784193 0.01295 -0.0033378 0.00738405 0.01315 -0.0033378 0.00738405 0.01295 -0.0045377 0.00671375 0.01315 -0.0045377 0.00671375 0.01315 -0.00560706 0.0058503 0.01295 -0.00560706 0.0058503 0.01295 -0.00651511 0.00481855 0.01315 -0.00651511 0.00481855 0.01295 -0.00723574 0.00364818 0.01315 -0.00723574 0.00364818 0.01315 -0.0077482 0.00237286 0.01295 -0.0077482 0.00237286 0.01295 -0.00803777 0.00102928 0.01315 -0.00803777 0.00102928 0.01295 -0.0080961 -0.000343918 0.01315 -0.0080961 -0.000343918 0.01315 -0.00792152 -0.00170722 0.01295 -0.00792152 -0.00170722 0.01295 -0.00751906 -0.00302141 0.01315 -0.00751906 -0.00302141 0.01295 -0.00690028 -0.00424867 0.01315 -0.00690028 -0.00424867 0.01315 -0.006083 -0.00535371 0.01295 -0.006083 -0.00535371 0.01295 -0.00509072 -0.00630474 0.01315 -0.00509072 -0.00630474 0.01295 -0.00395199 -0.00707438 0.01315 -0.00395199 -0.00707438 0.01315 -0.00269957 -0.00764052 0.01295 -0.00269957 -0.00764052 0.01295 -0.00136948 -0.00798684 0.01315 -0.00136948 -0.00798684 0.01295 0 -0.0081034 0.01315 0 -0.0081034 0.01295 0.000687217 0.00807421 0.01315 0.00204188 0.00784193 0.01295 0.00204188 0.00784193 0.01315 0.0033378 0.00738405 0.01295 0.0033378 0.00738405 0.01295 0.0045377 0.00671375 0.01315 0.0045377 0.00671375 0.01315 0.00560706 0.0058503 0.01295 0.00560706 0.0058503 0.01315 0.00651511 0.00481855 0.01295 0.00651511 0.00481855 0.01295 0.00723574 0.00364818 0.01315 0.00723574 0.00364818 0.01315 0.0077482 0.00237286 0.01295 0.0077482 0.00237286 0.01315 0.00803777 0.00102928 0.01295 0.00803777 0.00102928 0.01295 0.0080961 -0.000343918 0.01315 0.0080961 -0.000343918 0.01315 0.00792152 -0.00170722 0.01295 0.00792152 -0.00170722 0.01315 0.00751906 -0.00302141 0.01295 0.00751906 -0.00302141 0.01295 0.00690028 -0.00424867 0.01315 0.00690028 -0.00424867 0.01315 0.006083 -0.00535371 0.01295 0.006083 -0.00535371 0.01315 0.00509072 -0.00630474 0.01295 0.00509072 -0.00630474 0.01295 0.00395199 -0.00707438 0.01315 0.00395199 -0.00707438 0.01315 0.00269957 -0.00764052 0.01295 0.00269957 -0.00764052 0.01315 0.00136948 -0.00798684 0.01295 0.00136948 -0.00798684 -0.01315 0.00498292 0.000412897 -0.01315 0.00498292 -0.000412897 -0.01335 0.005 -8.88178e-19 -0.01315 -0.000822973 0.00493181 -0.01335 1.04334e-06 0.00499994 -0.01335 -0.000867214 0.00492414 -0.01335 0.00492404 -0.000868241 -0.01315 0.004847 -0.00122743 -0.01315 0.00457887 -0.00200848 -0.01335 0.00469846 -0.0017101 -0.01315 0.00418583 -0.00273474 -0.01335 0.00433013 -0.0025 -0.01335 0.00383022 -0.00321394 -0.01315 0.00367862 -0.00338641 -0.01315 0.00307106 -0.0039457 -0.01335 0.00321394 -0.00383022 -0.01315 0.00237974 -0.00439737 -0.01335 0.0025 -0.00433013 -0.01335 0.00170944 -0.00469866 -0.01315 0.0016235 -0.00472909 -0.01315 0.000822973 -0.00493181 -0.01335 0.000867693 -0.00492412 -0.01315 0 -0.005 -0.01335 9.49411e-18 -0.005 -0.01335 0.00492404 0.000868241 -0.01315 0.004847 0.00122743 -0.01335 0.00469846 0.0017101 -0.01315 0.00457887 0.00200848 -0.01315 0.00418583 0.00273474 -0.01335 0.00433013 0.0025 -0.01335 0.00383022 0.00321394 -0.01315 0.00367862 0.00338641 -0.01335 0.00321394 0.00383022 -0.01315 0.00307106 0.0039457 -0.01315 0.00237974 0.00439737 -0.01335 0.0025 0.00433013 -0.01335 0.00171052 0.0046983 -0.01315 0.0016235 0.00472909 -0.01335 0.000869048 0.00492386 -0.01315 0.000822973 0.00493181 -0.01315 -1.60812e-18 0.005 -0.01335 -0.00321394 0.00383022 -0.01315 -0.00307106 0.0039457 -0.01335 -0.0025 0.00433013 -0.01335 -0.00170941 0.00469864 -0.01315 -0.00237974 0.00439737 -0.01315 -0.0016235 0.00472909 -0.01315 -0.00457887 0.00200848 -0.01335 -0.00433013 0.0025 -0.01335 -0.00469846 0.0017101 -0.01315 -0.00367862 0.00338641 -0.01335 -0.00383022 0.00321394 -0.01315 -0.00418583 0.00273474 -0.01335 -0.005 1.77636e-18 -0.01335 -0.00492404 -0.000868241 -0.01315 -0.00498292 -0.000412897 -0.01335 -0.00492404 0.000868241 -0.01315 -0.00498292 0.000412897 -0.01315 -0.004847 0.00122743 -0.01335 -0.00383022 -0.00321394 -0.01315 -0.00418583 -0.00273474 -0.01335 -0.00433013 -0.0025 -0.01315 -0.00457887 -0.00200848 -0.01315 -0.004847 -0.00122743 -0.01335 -0.00469846 -0.0017101 -0.01335 -0.0025 -0.00433013 -0.01315 -0.00307106 -0.0039457 -0.01335 -0.00321394 -0.00383022 -0.01315 -0.00367862 -0.00338641 -0.01335 -0.00171061 -0.00469826 -0.01315 -0.00237974 -0.00439737 -0.01315 -0.0016235 -0.00472909 -0.01335 -0.000868913 -0.00492387 -0.01315 -0.000822973 -0.00493181 0.01335 -1.04334e-06 0.00499994 0.01315 0.00042403 0.00498199 0.01315 -0.00042403 0.00498199 0.01315 -0.00125989 0.00483866 0.01335 -0.000869048 0.00492386 0.01315 -0.00205951 0.00455614 0.01335 -0.00171052 0.0046983 0.01335 -0.0025 0.00433013 0.01315 -0.00279987 0.00414255 0.01315 -0.00345969 0.00360978 0.01335 -0.00321394 0.00383022 0.01315 -0.00401999 0.00297317 0.01335 -0.00383022 0.00321394 0.01335 -0.00433013 0.0025 0.01315 -0.00446463 0.00225102 0.01315 -0.00478083 0.00146411 0.01335 -0.00469846 0.0017101 0.01315 -0.0049595 0.000635089 0.01335 -0.00492404 0.000868241 0.01335 -0.005 1.77636e-18 0.01315 -0.00499549 -0.000212206 0.01315 -0.00488778 -0.0010534 0.01335 -0.00492404 -0.000868241 0.01315 -0.00463945 -0.00186428 0.01335 -0.00469846 -0.0017101 0.01335 -0.00433013 -0.0025 0.01315 -0.00425765 -0.00262154 0.01315 -0.00375336 -0.00330337 0.01335 -0.00383022 -0.00321394 0.01315 -0.0031411 -0.00389018 0.01335 -0.00321394 -0.00383022 0.01335 -0.0025 -0.00433013 0.01315 -0.00243847 -0.00436507 0.01315 -0.0016657 -0.00471439 0.01335 -0.00170944 -0.00469866 0.01315 -0.000845004 -0.00492808 0.01335 -0.000867693 -0.00492412 0.01335 -5.0063e-19 -0.005 0.01315 0 -0.005 0.01335 0.000867214 0.00492414 0.01315 0.00125989 0.00483866 0.01335 0.00170941 0.00469864 0.01315 0.00205951 0.00455614 0.01315 0.00279987 0.00414255 0.01335 0.0025 0.00433013 0.01335 0.00321394 0.00383022 0.01315 0.00345969 0.00360978 0.01335 0.00383022 0.00321394 0.01315 0.00401999 0.00297317 0.01315 0.00446463 0.00225102 0.01335 0.00433013 0.0025 0.01335 0.00469846 0.0017101 0.01315 0.00478083 0.00146411 0.01335 0.00492404 0.000868241 0.01315 0.0049595 0.000635089 0.01315 0.00499549 -0.000212206 0.01335 0.005 -8.88178e-19 0.01335 0.00492404 -0.000868241 0.01315 0.00488778 -0.0010534 0.01335 0.00469846 -0.0017101 0.01315 0.00463945 -0.00186428 0.01315 0.00425765 -0.00262154 0.01335 0.00433013 -0.0025 0.01335 0.00383022 -0.00321394 0.01315 0.00375336 -0.00330337 0.01335 0.00321394 -0.00383022 0.01315 0.0031411 -0.00389018 0.01315 0.00243847 -0.00436507 0.01335 0.0025 -0.00433013 0.01335 0.00171061 -0.00469826 0.01315 0.0016657 -0.00471439 0.01335 0.000868913 -0.00492387 0.01315 0.000845004 -0.00492808 0.01535 -0.00106605 -0.00301721 0.01335 -0.000540803 -0.00315397 0.01335 -0.00106605 -0.00301721 0.01335 0 -0.0032 0.01535 -0.000540803 -0.00315397 0.01535 0 -0.0032 0.01335 -0.0020103 -0.00248971 0.01335 -0.00240215 -0.00211416 0.01535 -0.00240215 -0.00211416 0.01535 -0.0020103 -0.00248971 0.01535 -0.00156062 -0.00279365 0.01335 -0.00156062 -0.00279365 0.01535 -0.00312818 -0.000674174 0.01335 -0.00296924 -0.00119314 0.01335 -0.00312818 -0.000674174 0.01535 -0.00296924 -0.00119314 0.01535 -0.00272489 -0.00167778 0.01335 -0.00272489 -0.00167778 0.01335 -0.00305973 0.000937033 0.01535 -0.00305973 0.000937033 0.01335 -0.00317408 0.000406457 0.01335 -0.00319712 -0.000135812 0.01535 -0.00317408 0.000406457 0.01535 -0.00319712 -0.000135812 0.01335 -0.00257279 0.00190283 0.01335 -0.0022142 0.00231026 0.01535 -0.0022142 0.00231026 0.01535 -0.00285736 0.00144065 0.01335 -0.00285736 0.00144065 0.01535 -0.00257279 0.00190283 0.01535 -0.00080633 0.00309675 0.01335 -0.00131808 0.00291593 0.01335 -0.00080633 0.00309675 0.01535 -0.00131808 0.00291593 0.01535 -0.00179192 0.00265123 0.01335 -0.00179192 0.00265123 0.01335 0.00080633 0.00309675 0.01535 0.00080633 0.00309675 0.01335 0.000271379 0.00318847 0.01335 -0.000271379 0.00318847 0.01535 0.000271379 0.00318847 0.01535 -0.000271379 0.00318847 0.01335 0.00179192 0.00265123 0.01335 0.0022142 0.00231026 0.01535 0.0022142 0.00231026 0.01535 0.00131808 0.00291593 0.01335 0.00131808 0.00291593 0.01535 0.00179192 0.00265123 0.01535 0.00305973 0.000937033 0.01335 0.00285736 0.00144065 0.01335 0.00305973 0.000937033 0.01535 0.00285736 0.00144065 0.01535 0.00257279 0.00190283 0.01335 0.00257279 0.00190283 0.01535 0.00312818 -0.000674174 0.01535 0.00319712 -0.000135812 0.01335 0.00319712 -0.000135812 0.01335 0.00317408 0.000406457 0.01535 0.00317408 0.000406457 0.01335 0.00312818 -0.000674174 0.01535 0.00296924 -0.00119314 0.01335 0.00296924 -0.00119314 0.01535 0.00272489 -0.00167778 0.01535 0.00240215 -0.00211416 0.01335 0.00272489 -0.00167778 0.01335 0.00240215 -0.00211416 0.01535 0.0020103 -0.00248971 0.01335 0.0020103 -0.00248971 0.01535 0.00156062 -0.00279365 0.01535 0.00106605 -0.00301721 0.01335 0.00156062 -0.00279365 0.01335 0.00106605 -0.00301721 0.01535 0.000540803 -0.00315397 0.01335 0.000540803 -0.00315397 0.0215 0.00298975 -0.000247738 0.0215 0.00298975 0.000247738 0.022 0.00249146 0.000206448 0.022 0 -0.0025 0.022 -0.000411486 -0.0024659 0.0215 -0.000493921 -0.00295906 0.022 0.0024235 0.000613714 0.0215 0.0029082 0.000736456 0.0215 0.00274732 0.00120509 0.022 0.00228943 0.00100424 0.0215 0.0025115 0.00164084 0.022 0.00209292 0.00136737 0.022 0.00183931 0.0016932 0.0215 0.00220717 0.00203184 0.0215 0.00184264 0.00236742 0.022 0.00153553 0.00197285 0.0215 0.00142784 0.00263842 0.022 0.00118987 0.00219868 0.022 0.000811749 0.00236454 0.0215 0.000974098 0.00283745 0.0215 0.000493784 0.00295908 0.022 0.000411486 0.0024659 0.0215 0 0.003 0.022 -8.04061e-19 0.0025 0.022 0.00249146 -0.000206448 0.0215 0.0029082 -0.000736456 0.022 0.0024235 -0.000613714 0.0215 0.00274732 -0.00120509 0.0215 0.0025115 -0.00164084 0.022 0.00228943 -0.00100424 0.022 0.00209292 -0.00136737 0.0215 0.00220717 -0.00203184 0.022 0.00183931 -0.0016932 0.0215 0.00184264 -0.00236742 0.0215 0.00142784 -0.00263842 0.022 0.00153553 -0.00197285 0.022 0.00118987 -0.00219868 0.0215 0.000974098 -0.00283745 0.022 0.000811749 -0.00236454 0.0215 0.000493784 -0.00295908 0.0215 -9.64874e-19 -0.003 0.022 0.000411486 -0.0024659 0.0215 -0.00142724 -0.00263867 0.0215 -0.000973636 -0.00283755 0.022 -0.000811749 -0.00236454 0.0215 -0.0025109 -0.0016416 0.0215 -0.00220651 -0.00203244 0.022 -0.00183931 -0.0016932 0.0215 -0.00184197 -0.00236784 0.022 -0.00118987 -0.00219868 0.022 -0.00153553 -0.00197285 0.0215 -0.00290788 -0.000737425 0.022 -0.0024235 -0.000613714 0.0215 -0.0029896 -0.000248736 0.022 -0.00209292 -0.00136737 0.022 -0.00228943 -0.00100424 0.0215 -0.00274684 -0.00120597 0.022 -0.0024235 0.000613714 0.0215 -0.00274762 0.0012043 0.0215 -0.00290838 0.000735554 0.022 -0.00249146 0.000206448 0.0215 -0.00298977 0.000246763 0.022 -0.00249146 -0.000206448 0.0215 -0.00184305 0.00236708 0.0215 -0.0022076 0.00203135 0.022 -0.00183931 0.0016932 0.0215 -0.00251189 0.0016402 0.022 -0.00228943 0.00100424 0.022 -0.00209292 0.00136737 0.022 -0.00153553 0.00197285 0.0215 -0.0014282 0.00263822 0.022 -0.00118987 0.00219868 0.0215 -0.000974359 0.00283736 0.0215 -0.000493921 0.00295906 0.022 -0.000811749 0.00236454 0.022 -0.000411486 0.0024659 0.0215 0 0.003 0.01335 0.000254418 0.00298919 0.01335 -0.000254418 0.00298919 0.0215 0.000493784 0.00295908 0.01335 0.000755934 0.0029032 0.01335 0.0012357 0.00273369 0.0215 0.000974098 0.00283745 0.0215 0.00142784 0.00263842 0.01335 0.00167992 0.00248553 0.0215 0.00184264 0.00236742 0.01335 0.00207582 0.00216587 0.01335 0.00241199 0.0017839 0.0215 0.00220717 0.00203184 0.0215 0.0025115 0.00164084 0.01335 0.00267878 0.00135061 0.0215 0.00274732 0.00120509 0.01335 0.0028685 0.000878468 0.01335 0.0029757 0.000381053 0.0215 0.0029082 0.000736456 0.0215 0.00298975 0.000247738 0.01335 0.0029973 -0.000127324 0.0215 0.00298975 -0.000247738 0.01335 0.00293267 -0.000632038 0.0215 0.0029082 -0.000736456 0.0215 0.00274732 -0.00120509 0.01335 0.00278367 -0.00111857 0.0215 0.0025115 -0.00164084 0.01335 0.00255459 -0.00157292 0.01335 0.00225202 -0.00198202 0.0215 0.00220717 -0.00203184 0.0215 0.00184264 -0.00236742 0.01335 0.00188466 -0.00233411 0.0215 0.00142784 -0.00263842 0.01335 0.00146308 -0.00261904 0.01335 0.000999419 -0.00282863 0.0215 0.000974098 -0.00283745 0.0215 0.000493784 -0.00295908 0.01335 0.000507002 -0.00295685 0.0215 -9.64874e-19 -0.003 0.01335 0 -0.003 0.0215 -0.000493921 0.00295906 0.01335 -0.000755934 0.0029032 0.0215 -0.000974359 0.00283736 0.01335 -0.0012357 0.00273369 0.0215 -0.0014282 0.00263822 0.0215 -0.00184305 0.00236708 0.01335 -0.00167992 0.00248553 0.01335 -0.00207582 0.00216587 0.0215 -0.0022076 0.00203135 0.01335 -0.00241199 0.0017839 0.0215 -0.00251189 0.0016402 0.0215 -0.00274762 0.0012043 0.01335 -0.00267878 0.00135061 0.01335 -0.0028685 0.000878468 0.0215 -0.00290838 0.000735554 0.01335 -0.0029757 0.000381053 0.0215 -0.00298977 0.000246763 0.0215 -0.0029896 -0.000248736 0.01335 -0.0029973 -0.000127324 0.01335 -0.00293267 -0.000632038 0.0215 -0.00290788 -0.000737425 0.01335 -0.00278367 -0.00111857 0.0215 -0.00274684 -0.00120597 0.0215 -0.0025109 -0.0016416 0.01335 -0.00255459 -0.00157292 0.01335 -0.00225202 -0.00198202 0.0215 -0.00220651 -0.00203244 0.01335 -0.00188466 -0.00233411 0.0215 -0.00184197 -0.00236784 0.0215 -0.00142724 -0.00263867 0.01335 -0.00146308 -0.00261904 0.01335 -0.000999419 -0.00282863 0.0215 -0.000973636 -0.00283755 0.01335 -0.000507002 -0.00295685 0.0215 -0.000493921 -0.00295906 -0.01335 0.00318907 0.000264254 -0.01535 0.00319712 -0.000135812 -0.01335 0.00318907 -0.000264254 -0.01535 -0.000271379 0.00318847 -0.01535 0.000271379 0.00318847 -0.01335 1.0292e-18 0.0032 -0.01535 0.00312818 -0.000674174 -0.01335 0.00310208 -0.000785554 -0.01335 0.00293047 -0.00128543 -0.01535 0.00296924 -0.00119314 -0.01535 0.00272489 -0.00167778 -0.01335 0.00267893 -0.00175023 -0.01535 0.00240215 -0.00211416 -0.01335 0.00235432 -0.0021673 -0.01335 0.00196548 -0.00252525 -0.01535 0.0020103 -0.00248971 -0.01535 0.00156062 -0.00279365 -0.01335 0.00152303 -0.00281432 -0.01535 0.00106605 -0.00301721 -0.01335 0.00103904 -0.00302662 -0.01335 0.000526703 -0.00315636 -0.01535 0.000540803 -0.00315397 -0.01535 0 -0.0032 -0.01335 0 -0.0032 -0.01535 0.00317408 0.000406457 -0.01335 0.00310208 0.000785554 -0.01535 0.00305973 0.000937033 -0.01335 0.00293047 0.00128543 -0.01535 0.00285736 0.00144065 -0.01535 0.00257279 0.00190283 -0.01335 0.00267893 0.00175023 -0.01335 0.00235432 0.0021673 -0.01535 0.0022142 0.00231026 -0.01335 0.00196548 0.00252525 -0.01535 0.00179192 0.00265123 -0.01535 0.00131808 0.00291593 -0.01335 0.00152303 0.00281432 -0.01335 0.00103904 0.00302662 -0.01535 0.00080633 0.00309675 -0.01335 0.000526703 0.00315636 -0.01535 -0.00179192 0.00265123 -0.01535 -0.00131808 0.00291593 -0.01335 -0.00152303 0.00281432 -0.01535 -0.00080633 0.00309675 -0.01335 -0.000526703 0.00315636 -0.01335 -0.00103904 0.00302662 -0.01335 -0.00267893 0.00175023 -0.01535 -0.00285736 0.00144065 -0.01535 -0.00257279 0.00190283 -0.01335 -0.00196548 0.00252525 -0.01335 -0.00235432 0.0021673 -0.01535 -0.0022142 0.00231026 -0.01535 -0.00317408 0.000406457 -0.01335 -0.00318907 0.000264254 -0.01535 -0.00319712 -0.000135812 -0.01535 -0.00305973 0.000937033 -0.01335 -0.00293047 0.00128543 -0.01335 -0.00310208 0.000785554 -0.01535 -0.00272489 -0.00167778 -0.01535 -0.00296924 -0.00119314 -0.01335 -0.00293047 -0.00128543 -0.01335 -0.00310208 -0.000785554 -0.01535 -0.00312818 -0.000674174 -0.01335 -0.00318907 -0.000264254 -0.01335 -0.00196548 -0.00252525 -0.01535 -0.0020103 -0.00248971 -0.01335 -0.00235432 -0.0021673 -0.01335 -0.00267893 -0.00175023 -0.01535 -0.00240215 -0.00211416 -0.01535 -0.00156062 -0.00279365 -0.01335 -0.00152303 -0.00281432 -0.01335 -0.00103904 -0.00302662 -0.01535 -0.00106605 -0.00301721 -0.01335 -0.000526703 -0.00315636 -0.01535 -0.000540803 -0.00315397 -0.0215 -0.000254418 0.00298919 -0.0215 0.000254418 0.00298919 -0.022 0.000212015 0.00249099 -0.022 0.000629945 0.00241933 -0.0215 0.000755934 0.0029032 -0.0215 0.0012357 0.00273369 -0.022 0.00102975 0.00227807 -0.0215 0.00167992 0.00248553 -0.022 0.00139994 0.00207127 -0.022 0.00172985 0.00180489 -0.0215 0.00207582 0.00216587 -0.0215 0.00241199 0.0017839 -0.022 0.00200999 0.00148658 -0.0215 0.00267878 0.00135061 -0.022 0.00223231 0.00112551 -0.022 0.00239042 0.000732057 -0.0215 0.0028685 0.000878468 -0.0215 0.0029757 0.000381053 -0.022 0.00247975 0.000317545 -0.0215 0.0029973 -0.000127324 -0.022 0.00249775 -0.000106103 -0.022 0.00244389 -0.000526698 -0.0215 0.00293267 -0.000632038 -0.0215 0.00278367 -0.00111857 -0.022 0.00231972 -0.000932141 -0.0215 0.00255459 -0.00157292 -0.022 0.00212882 -0.00131077 -0.022 0.00187668 -0.00165169 -0.0215 0.00225202 -0.00198202 -0.0215 0.00188466 -0.00233411 -0.022 0.00157055 -0.00194509 -0.0215 0.00146308 -0.00261904 -0.022 0.00121924 -0.00218254 -0.022 0.00083285 -0.00235719 -0.0215 0.000999419 -0.00282863 -0.0215 0.000507002 -0.00295685 -0.022 0.000422502 -0.00246404 -0.0215 -7.34788e-19 -0.003 -0.022 0 -0.0025 -0.022 -0.000212015 0.00249099 -0.0215 -0.000755934 0.0029032 -0.022 -0.000629945 0.00241933 -0.0215 -0.0012357 0.00273369 -0.0215 -0.00167992 0.00248553 -0.022 -0.00102975 0.00227807 -0.022 -0.00139994 0.00207127 -0.0215 -0.00207582 0.00216587 -0.022 -0.00172985 0.00180489 -0.0215 -0.00241199 0.0017839 -0.0215 -0.00267878 0.00135061 -0.022 -0.00200999 0.00148658 -0.022 -0.00223231 0.00112551 -0.0215 -0.0028685 0.000878468 -0.022 -0.00239042 0.000732057 -0.0215 -0.0029757 0.000381053 -0.0215 -0.0029973 -0.000127324 -0.022 -0.00247975 0.000317545 -0.022 -0.00249775 -0.000106103 -0.0215 -0.00293267 -0.000632038 -0.022 -0.00244389 -0.000526698 -0.0215 -0.00278367 -0.00111857 -0.0215 -0.00255459 -0.00157292 -0.022 -0.00231972 -0.000932141 -0.022 -0.00212882 -0.00131077 -0.0215 -0.00225202 -0.00198202 -0.022 -0.00187668 -0.00165169 -0.0215 -0.00188466 -0.00233411 -0.0215 -0.00146308 -0.00261904 -0.022 -0.00157055 -0.00194509 -0.022 -0.00121924 -0.00218254 -0.0215 -0.000999419 -0.00282863 -0.022 -0.00083285 -0.00235719 -0.0215 -0.000507002 -0.00295685 -0.022 -0.000422502 -0.00246404 -0.01335 0.00298975 0.000247738 -0.01335 0.00298975 -0.000247738 -0.0215 0.0029973 -0.000127324 -0.0215 -0.000254418 0.00298919 -0.01335 0 0.003 -0.0215 0.000254418 0.00298919 -0.0215 0.00293267 -0.000632038 -0.01335 0.0029082 -0.000736456 -0.01335 0.00274732 -0.00120509 -0.0215 0.00278367 -0.00111857 -0.01335 0.0025115 -0.00164084 -0.0215 0.00255459 -0.00157292 -0.0215 0.00225202 -0.00198202 -0.01335 0.00220717 -0.00203184 -0.01335 0.00184264 -0.00236742 -0.0215 0.00188466 -0.00233411 -0.01335 0.00142784 -0.00263842 -0.0215 0.00146308 -0.00261904 -0.0215 0.000999419 -0.00282863 -0.01335 0.000974098 -0.00283745 -0.01335 0.000493784 -0.00295908 -0.0215 0.000507002 -0.00295685 -0.01335 9.64874e-19 -0.003 -0.0215 -7.34788e-19 -0.003 -0.0215 0.0029757 0.000381053 -0.0215 0.0028685 0.000878468 -0.01335 0.0029082 0.000736456 -0.01335 0.00274732 0.00120509 -0.0215 0.00267878 0.00135061 -0.0215 0.00241199 0.0017839 -0.01335 0.0025115 0.00164084 -0.0215 0.00207582 0.00216587 -0.01335 0.00220717 0.00203184 -0.01335 0.00184264 0.00236742 -0.0215 0.00167992 0.00248553 -0.0215 0.0012357 0.00273369 -0.01335 0.00142784 0.00263842 -0.0215 0.000755934 0.0029032 -0.01335 0.000974098 0.00283745 -0.01335 0.000493784 0.00295908 -0.0215 -0.00167992 0.00248553 -0.01335 -0.00142784 0.00263842 -0.0215 -0.0012357 0.00273369 -0.0215 -0.000755934 0.0029032 -0.01335 -0.000974098 0.00283745 -0.01335 -0.000493784 0.00295908 -0.01335 -0.0025115 0.00164084 -0.0215 -0.00241199 0.0017839 -0.0215 -0.00267878 0.00135061 -0.01335 -0.00184264 0.00236742 -0.0215 -0.00207582 0.00216587 -0.01335 -0.00220717 0.00203184 -0.0215 -0.0029757 0.000381053 -0.0215 -0.0029973 -0.000127324 -0.01335 -0.00298975 0.000247738 -0.0215 -0.0028685 0.000878468 -0.01335 -0.0029082 0.000736456 -0.01335 -0.00274732 0.00120509 -0.0215 -0.00255459 -0.00157292 -0.01335 -0.00274732 -0.00120509 -0.0215 -0.00278367 -0.00111857 -0.01335 -0.0029082 -0.000736456 -0.01335 -0.00298975 -0.000247738 -0.0215 -0.00293267 -0.000632038 -0.01335 -0.00184264 -0.00236742 -0.01335 -0.00220717 -0.00203184 -0.0215 -0.00188466 -0.00233411 -0.01335 -0.0025115 -0.00164084 -0.0215 -0.00225202 -0.00198202 -0.0215 -0.00146308 -0.00261904 -0.01335 -0.00142784 -0.00263842 -0.0215 -0.000999419 -0.00282863 -0.01335 -0.000974098 -0.00283745 -0.01335 -0.000493784 -0.00295908 -0.0215 -0.000507002 -0.00295685</float_array>
          <technique_common>
            <accessor count="4194" source="#ID5" stride="3">
              <param name="X" type="float"/>
              <param name="Y" type="float"/>
              <param name="Z" type="float"/>
            </accessor>
          </technique_common>
        </source>
        <source id="ID6">
          <float_array count="12582" id="ID7">-1 0 0 -1 0 0 -1 0 0 -1 0 0 -1 0 0 -1 0 0 -1 0 0 -1 0 0 -1 0 0 -1 0 0 -1 0 0 -1 0 0 -1 0 0 -1 0 0 -1 0 0 -1 0 0 -1 0 0 -1 0 0 -1 0 0 -1 0 0 -1 0 0 -1 0 0 -1 0 0 -1 0 0 -1 0 0 -1 0 0 -1 0 0 -1 0 0 -1 0 0 -1 0 0 -1 0 0 -1 0 0 -1 0 0 -1 0 0 -1 0 0 -1 0 0 -1 0 0 -1 0 0 -1 0 0 -1 0 0 -1 0 0 -1 0 0 -1 0 0 -1 0 0 -1 0 0 -1 0 0 -1 0 0 -1 0 0 -1 0 0 -1 0 0 -1 0 0 -1 0 0 -1 0 0 -1 0 0 -1 0 0 -1 0 0 -1 0 0 -1 0 0 -1 0 0 -1 0 0 -1 0 0 -1 0 0 -1 0 0 -1 0 0 -1 0 0 -1 0 0 -1 0 0 -1 0 0 -1 0 0 -1 0 0 -1 0 0 -1 0 0 -1 0 0 -1 0 0 -1 0 0 -1 0 0 -1 -0 -0 -1 -0 -0 -1 -0 -0 -1 -0 -0 -1 -0 -0 -1 -0 -0 -1 -0 -0 -1 -0 -0 -1 -0 -0 -1 -0 -0 -1 -0 -0 -1 -0 -0 -1 -0 -0 -1 -0 -0 -1 -0 -0 -1 -0 -0 -1 -0 -0 -1 -0 -0 -1 -0 -0 -1 -0 -0 -1 -0 -0 -1 -0 -0 -1 -0 -0 -1 -0 -0 -1 -0 -0 -1 -0 -0 -1 -0 -0 -1 -0 -0 -1 -0 -0 -1 -0 -0 -1 -0 -0 -1 -0 -0 -1 -0 -0 -1 -0 -0 -1 -0 -0 -1 -0 -0 -1 -0 -0 -1 0 0 -1 0 0 -1 0 0 -1 0 0 -1 0 0 -1 0 0 -1 0 0 -1 0 0 -1 0 0 -1 0 0 -1 0 0 -1 0 0 -1 0 0 -1 0 0 -1 0 0 -1 0 0 -1 0 0 -1 0 0 -1 0 0 -1 0 0 -1 0 0 -1 0 0 -1 0 0 -1 0 0 -1 0 0 -1 0 0 -1 0 0 -1 0 0 -1 0 0 -1 0 0 -1 0 0 -1 0 0 -1 0 0 -1 0 0 -1 0 0 -1 0 0 -1 0 0 -1 0 0 -1 0 0 -1 0 0 -1 0 0 -1 0 0 -1 0 0 0 0.5 -0.866025 0 0.5 -0.866025 0 0.5 -0.866025 0 0.5 -0.866025 0 0.5 -0.866025 0 1 -1.50231e-16 0 1 -1.50231e-16 0 1 -1.50231e-16 0 1 -1.50231e-16 0 1 -1.50231e-16 0 0.5 0.866025 0 0.5 0.866025 0 0.5 0.866025 0 0.5 0.866025 0 0.5 0.866025 0 -0.5 0.866025 0 -0.5 0.866025 0 -0.5 0.866025 0 -0.5 0.866025 0 -0.5 0.866025 0 -1 3.00463e-16 0 -1 3.00463e-16 0 -1 3.00463e-16 0 -1 3.00463e-16 0 -1 3.00463e-16 0 -0.5 -0.866025 0 -0.5 -0.866025 0 -0.5 -0.866025 0 -0.5 -0.866025 0 -0.5 -0.866025 1 0 0 1 0 0 1 0 0 1 0 0 1 0 0 1 0 0 1 0 0 1 0 0 1 0 0 1 0 0 1 0 0 1 0 0 1 0 0 1 0 0 1 0 0 1 0 0 1 0 0 1 0 0 1 0 0 1 0 0 1 0 0 1 0 0 1 0 0 1 0 0 1 0 0 1 0 0 1 0 0 1 0 0 1 0 0 1 0 0 1 0 0 1 0 0 1 0 0 1 0 0 1 0 0 1 0 0 1 0 0 1 0 0 1 0 0 1 0 0 1 0 0 1 0 0 1 0 0 1 0 0 1 0 0 1 0 0 1 0 0 1 0 0 1 0 0 1 0 0 1 0 0 1 0 0 1 0 0 1 0 0 1 0 0 1 0 0 1 0 0 1 0 0 1 0 0 1 0 0 1 0 0 1 0 0 1 0 0 1 0 0 1 0 0 1 0 0 1 0 0 1 0 0 1 0 0 1 0 0 1 0 0 1 0 0 1 0 0 1 0 0 1 0 0 1 0 0 1 0 0 1 0 0 1 0 0 1 0 0 1 0 0 1 0 0 1 0 0 1 0 0 1 0 0 1 0 0 1 0 0 1 0 0 1 0 0 1 0 0 1 0 0 1 0 0 1 0 0 1 0 0 1 0 0 1 0 0 1 0 0 1 0 0 1 0 0 1 0 0 1 0 0 1 0 0 1 0 0 1 0 0 1 0 0 1 0 0 1 0 0 1 0 0 1 0 0 1 0 0 1 0 0 1 0 0 1 0 0 1 0 0 1 0 0 1 0 0 1 0 0 1 0 0 1 0 0 1 0 0 1 0 0 1 0 0 1 0 0 1 0 0 1 0 0 1 0 0 1 0 0 1 0 0 1 0 0 1 0 0 1 0 0 1 0 0 1 0 0 1 0 0 1 0 0 1 0 0 1 0 0 1 0 0 1 0 0 1 0 0 1 0 0 1 0 0 1 0 0 1 0 0 1 0 0 1 0 0 1 0 0 1 0 0 1 0 0 1 0 0 1 0 0 1 0 0 1 0 0 1 0 0 1 0 0 1 0 0 1 0 0 1 0 0 1 0 0 1 0 0 0 -1 3.00463e-16 0 -1 3.00463e-16 0 -1 3.00463e-16 0 -1 3.00463e-16 0 -1 3.00463e-16 0 -0.5 0.866025 0 -0.5 0.866025 0 -0.5 0.866025 0 -0.5 0.866025 0 -0.5 0.866025 0 0.5 0.866025 0 0.5 0.866025 0 0.5 0.866025 0 0.5 0.866025 0 0.5 0.866025 0 1 -1.50231e-16 0 1 -1.50231e-16 0 1 -1.50231e-16 0 1 -1.50231e-16 0 1 -1.50231e-16 0 0.5 -0.866025 0 0.5 -0.866025 0 0.5 -0.866025 0 0.5 -0.866025 0 0.5 -0.866025 0 -0.5 -0.866025 0 -0.5 -0.866025 0 -0.5 -0.866025 0 -0.5 -0.866025 0 -0.5 -0.866025 -1 -0 -0 -1 -0 -0 -1 -0 -0 -1 -0 -0 -1 -0 -0 -1 -0 -0 -1 -0 -0 -1 -0 -0 1 0 0 1 0 0 1 0 0 1 0 0 1 0 0 1 0 0 1 0 0 1 0 0 1 0 0 1 0 0 1 0 0 1 0 0 1 0 0 1 0 0 1 0 0 1 0 0 1 0 0 1 0 0 1 0 0 1 0 0 1 0 0 1 0 0 1 0 0 1 0 0 1 0 0 1 0 0 1 0 0 1 0 0 1 0 0 1 0 0 1 0 0 1 0 0 1 0 0 1 0 0 1 0 0 1 0 0 1 0 0 1 0 0 1 0 0 1 0 0 1 0 0 1 0 0 1 0 0 -1 -0 -0 -1 -0 -0 -1 -0 -0 -1 -0 -0 -1 -0 -0 -1 -0 -0 -1 -0 -0 -1 -0 -0 -1 -0 -0 -1 -0 -0 -1 -0 -0 -1 -0 -0 -1 -0 -0 -1 -0 -0 -1 -0 -0 -1 -0 -0 -1 -0 -0 -1 -0 -0 -1 -0 -0 -1 -0 -0 -1 -0 -0 -1 -0 -0 -1 -0 -0 -1 -0 -0 -1 -0 -0 -1 -0 -0 -1 -0 -0 -1 -0 -0 -1 -0 -0 -1 -0 -0 -1 -0 -0 -1 -0 -0 -1 -0 -0 -1 -0 -0 -1 -0 -0 -1 -0 -0 -1 -0 -0 -1 -0 -0 -1 -0 -0 -1 -0 -0 1 0 0 1 0 0 1 0 0 1 0 0 1 0 0 1 0 0 1 0 0 1 0 0 1 0 0 1 0 0 1 0 0 1 0 0 1 0 0 1 0 0 1 0 0 1 0 0 1 0 0 1 0 0 1 0 0 1 0 0 1 0 0 1 0 0 1 0 0 1 0 0 1 0 0 1 0 0 1 0 0 1 0 0 1 0 0 1 0 0 1 0 0 1 0 0 1 0 0 1 0 0 1 0 0 1 0 0 1 0 0 1 0 0 1 0 0 1 0 0 1 0 0 1 0 0 1 0 0 1 0 0 1 0 0 1 0 0 1 0 0 1 0 0 1 0 0 1 0 0 1 0 0 1 0 0 1 0 0 1 0 0 1 0 0 1 0 0 1 0 0 1 0 0 1 0 0 1 0 0 1 0 0 1 0 0 1 0 0 1 0 0 1 0 0 1 0 0 1 0 0 1 0 0 1 0 0 1 0 0 1 0 0 1 0 0 1 0 0 1 0 0 1 0 0 1 0 0 1 0 0 1 0 0 1 0 0 1 0 0 1 0 0 1 0 0 1 0 0 1 0 0 1 0 0 1 0 0 1 0 0 1 0 0 1 0 0 1 0 0 1 0 0 1 0 0 1 0 0 1 0 0 1 0 0 1 0 0 1 0 0 1 0 0 1 0 0 1 0 0 1 0 0 1 0 0 1 0 0 1 0 0 1 0 0 1 0 0 1 0 0 1 0 0 1 0 0 1 0 0 1 0 0 1 0 0 1 0 0 1 0 0 1 0 0 1 0 0 1 0 0 1 0 0 1 0 0 1 0 0 1 0 0 1 0 0 1 0 0 1 0 0 1 0 0 1 0 0 1 0 0 1 0 0 1 0 0 1 0 0 1 0 0 1 0 0 1 0 0 1 0 0 1 0 0 1 0 0 1 0 0 1 0 0 1 0 0 1 0 0 1 0 0 1 0 0 1 0 0 1 0 0 1 0 0 1 0 0 1 0 0 1 0 0 1 0 0 1 0 0 1 0 0 1 0 0 1 0 0 1 0 0 1 0 0 1 0 0 1 0 0 1 0 0 1 0 0 1 0 0 1 0 0 1 0 0 1 0 0 1 0 0 1 0 0 1 0 0 1 0 0 1 0 0 1 0 0 1 0 0 1 0 0 1 0 0 1 0 0 1 0 0 1 0 0 1 0 0 1 0 0 1 0 0 1 0 0 1 0 0 1 0 0 1 0 0 1 0 0 1 0 0 1 0 0 1 0 0 1 0 0 1 0 0 1 0 0 1 0 0 1 0 0 1 0 0 1 0 0 1 0 0 1 0 0 1 0 0 1 0 0 1 0 0 1 0 0 1 0 0 1 0 0 1 0 0 1 0 0 1 0 0 1 0 0 1 0 0 1 0 0 1 0 0 1 0 0 1 0 0 1 0 0 1 0 0 1 0 0 1 0 0 1 0 0 1 0 0 1 0 0 1 0 0 1 0 0 1 0 0 1 0 0 1 0 0 1 0 0 -1 0 0 -1 0 0 -1 0 0 -1 0 0 -1 0 0 -1 0 0 -1 0 0 -1 0 0 -1 0 0 -1 0 0 -1 0 0 -1 0 0 -1 0 0 -1 0 0 -1 0 0 -1 0 0 -1 0 0 -1 0 0 -1 0 0 -1 0 0 -1 0 0 -1 0 0 -1 0 0 -1 0 0 -1 0 0 -1 0 0 -1 0 0 -1 0 0 -1 0 0 -1 0 0 -1 0 0 -1 0 0 -1 0 0 -1 0 0 -1 0 0 -1 0 0 -1 0 0 -1 0 0 -1 0 0 -1 0 0 -1 0 0 -1 0 0 -1 0 0 -1 0 0 -1 0 0 -1 0 0 -1 0 0 -1 0 0 -1 0 0 -1 0 0 -1 0 0 -1 0 0 -1 0 0 -1 0 0 -1 0 0 -1 0 0 -1 0 0 -1 0 0 -1 0 0 -1 0 0 -1 0 0 -1 0 0 -1 0 0 -1 0 0 -1 0 0 -1 0 0 -1 0 0 -1 0 0 -1 0 0 -1 0 0 -1 0 0 -1 0 0 -1 0 0 -1 0 0 -1 0 0 1 0 0 1 0 0 1 0 0 1 0 0 1 0 0 1 0 0 1 0 0 1 0 0 1 0 0 1 0 0 1 0 0 1 0 0 1 0 0 1 0 0 1 0 0 1 0 0 1 0 0 1 0 0 1 0 0 1 0 0 1 0 0 1 0 0 1 0 0 1 0 0 1 0 0 1 0 0 1 0 0 1 0 0 1 0 0 1 0 0 1 0 0 1 0 0 1 0 0 1 0 0 1 0 0 1 0 0 1 0 0 1 0 0 1 0 0 1 0 0 1 0 0 1 0 0 1 0 0 1 0 0 1 0 0 1 0 0 1 0 0 1 0 0 1 0 0 1 0 0 1 0 0 1 0 0 1 0 0 1 0 0 1 0 0 1 0 0 1 0 0 1 0 0 1 0 0 1 0 0 1 0 0 1 0 0 1 0 0 1 0 0 1 0 0 1 0 0 1 0 0 1 0 0 1 0 0 1 0 0 1 0 0 1 0 0 1 0 0 1 0 0 1 0 0 -1 -0 -0 -1 -0 -0 -1 -0 -0 -1 -0 -0 -1 -0 -0 -1 -0 -0 -1 -0 -0 -1 -0 -0 -1 -0 -0 -1 -0 -0 -1 -0 -0 -1 -0 -0 -1 -0 -0 -1 -0 -0 -1 -0 -0 -1 -0 -0 -1 -0 -0 -1 -0 -0 -1 -0 -0 -1 -0 -0 -1 -0 -0 -1 -0 -0 -1 -0 -0 -1 -0 -0 -1 -0 -0 -1 -0 -0 -1 -0 -0 -1 -0 -0 -1 -0 -0 -1 -0 -0 -1 -0 -0 -1 -0 -0 -1 -0 -0 -1 -0 -0 -1 -0 -0 -1 -0 -0 -1 -0 -0 -1 -0 -0 -1 -0 -0 -1 -0 -0 -1 -0 -0 -1 -0 -0 -1 -0 -0 -1 -0 -0 -1 -0 -0 -1 -0 -0 -1 -0 -0 -1 -0 -0 -1 -0 -0 -1 -0 -0 -1 -0 -0 -1 -0 -0 -1 -0 -0 -1 -0 -0 -1 -0 -0 -1 -0 -0 -1 -0 -0 -1 -0 -0 -1 -0 -0 -1 -0 -0 -1 -0 -0 -1 -0 -0 -1 -0 -0 -1 -0 -0 -1 -0 -0 -1 -0 -0 -1 -0 -0 -1 -0 -0 -1 -0 -0 -1 -0 -0 -1 -0 -0 -1 -0 -0 -1 -0 -0 -1 -0 -0 1 0 0 1 0 0 1 0 0 1 0 0 1 0 0 1 0 0 1 0 0 1 0 0 1 0 0 1 0 0 1 0 0 1 0 0 1 0 0 1 0 0 1 0 0 1 0 0 1 0 0 1 0 0 1 0 0 1 0 0 1 0 0 1 0 0 1 0 0 1 0 0 1 0 0 1 0 0 1 0 0 1 0 0 1 0 0 1 0 0 1 0 0 1 0 0 1 0 0 1 0 0 1 0 0 1 0 0 1 0 0 1 0 0 1 0 0 1 0 0 1 0 0 1 0 0 1 0 0 1 0 0 1 0 0 1 0 0 1 0 0 1 0 0 1 0 0 1 0 0 1 0 0 1 0 0 1 0 0 1 0 0 1 0 0 1 0 0 1 0 0 1 0 0 1 0 0 1 0 0 1 0 0 1 0 0 1 0 0 1 0 0 1 0 0 1 0 0 1 0 0 1 0 0 1 0 0 1 0 0 1 0 0 1 0 0 1 0 0 1 0 0 -1 0 0 -1 0 0 -1 0 0 -1 0 0 -1 0 0 -1 0 0 -1 0 0 -1 0 0 -1 0 0 -1 0 0 -1 0 0 -1 0 0 -1 0 0 -1 0 0 -1 0 0 -1 0 0 -1 0 0 -1 0 0 -1 0 0 -1 0 0 -1 0 0 -1 0 0 -1 0 0 -1 0 0 -1 0 0 -1 0 0 -1 0 0 -1 0 0 -1 0 0 -1 0 0 -1 0 0 -1 0 0 -1 0 0 -1 0 0 -1 0 0 -1 0 0 -1 0 0 -1 0 0 -1 0 0 -1 0 0 -1 0 0 -1 0 0 -1 0 0 -1 0 0 -1 0 0 -1 0 0 -1 0 0 -1 0 0 -1 0 0 -1 0 0 -1 0 0 -1 0 0 -1 0 0 -1 0 0 -1 0 0 -1 0 0 -1 0 0 -1 0 0 -1 0 0 -1 0 0 -1 0 0 -1 0 0 -1 0 0 -1 0 0 -1 0 0 -1 0 0 -1 0 0 -1 0 0 -1 0 0 -1 0 0 -1 0 0 -1 0 0 -1 0 0 -1 0 0 -1 0 0 -1 0 0 -1 0 0 -1 0 0 -1 0 0 -1 0 0 -1 0 0 -1 0 0 -1 0 0 -1 0 0 -1 0 0 -1 0 0 -1 0 0 -1 0 0 -1 0 0 -1 0 0 -1 0 0 -1 0 0 -1 0 0 -1 0 0 -1 0 0 -1 0 0 -1 0 0 -1 0 0 -1 0 0 -1 0 0 -1 0 0 -1 0 0 -1 0 0 -1 0 0 -1 0 0 -1 0 0 -1 0 0 -1 0 0 -1 0 0 -1 0 0 -1 0 0 -1 0 0 -1 0 0 -1 0 0 -1 0 0 -1 0 0 -1 0 0 -1 0 0 -1 0 0 -1 0 0 -1 0 0 -1 0 0 -1 0 0 -1 0 0 -1 0 0 -1 0 0 -1 0 0 -1 0 0 -1 0 0 -1 0 0 -1 0 0 -1 0 0 -1 0 0 -1 0 0 -1 0 0 -1 0 0 -1 0 0 -1 0 0 -1 0 0 -1 0 0 -1 0 0 -1 0 0 -1 0 0 -1 0 0 -1 0 0 -1 0 0 -1 0 0 -1 0 0 -1 0 0 -1 0 0 -1 0 0 -1 0 0 -1 0 0 -1 0 0 -1 0 0 -1 0 0 -1 0 0 -1 0 0 -1 0 0 -1 0 0 -1 0 0 -1 0 0 -1 0 0 -1 0 0 -1 0 0 -1 0 0 -1 0 0 -1 0 0 -1 0 0 -1 0 0 -1 0 0 -1 0 0 -1 0 0 -1 0 0 -1 0 0 -1 0 0 -1 0 0 -1 0 0 -1 0 0 -1 0 0 -1 0 0 -1 0 0 -1 0 0 -1 0 0 -1 0 0 -1 0 0 -1 0 0 -1 0 0 -1 0 0 -1 0 0 -1 0 0 -1 0 0 -1 0 0 -1 0 0 -1 0 0 -1 0 0 -1 0 0 -1 0 0 -1 0 0 -1 0 0 -1 0 0 -1 0 0 -1 0 0 -1 0 0 -1 0 0 -1 0 0 -1 0 0 -1 0 0 -1 0 0 -1 0 0 -1 0 0 -1 0 0 -1 0 0 -1 0 0 -1 0 0 -1 0 0 -1 0 0 -1 0 0 -1 0 0 -1 0 0 -1 0 0 -1 0 0 -1 0 0 -1 0 0 -1 0 0 -1 0 0 -1 0 0 1 0 0 1 0 0 1 0 0 1 0 0 1 0 0 1 0 0 1 0 0 1 0 0 1 0 0 1 0 0 1 0 0 1 0 0 1 0 0 1 0 0 1 0 0 1 0 0 1 0 0 1 0 0 1 0 0 1 0 0 1 0 0 1 0 0 1 0 0 1 0 0 1 0 0 1 0 0 1 0 0 1 0 0 1 0 0 1 0 0 1 0 0 1 0 0 1 0 0 1 0 0 1 0 0 1 0 0 1 0 0 1 0 0 1 0 0 1 0 0 1 0 0 1 0 0 1 0 0 1 0 0 1 0 0 1 0 0 1 0 0 1 0 0 1 0 0 1 0 0 1 0 0 1 0 0 1 0 0 1 0 0 1 0 0 1 0 0 1 0 0 1 0 0 1 0 0 1 0 0 1 0 0 1 0 0 1 0 0 1 0 0 1 0 0 1 0 0 1 0 0 1 0 0 1 0 0 1 0 0 1 0 0 1 0 0 1 0 0 1 0 0 1 0 0 -1 0 0 -1 0 0 -1 0 0 -1 0 0 -1 0 0 -1 0 0 -1 0 0 -1 0 0 -1 0 0 -1 0 0 -1 0 0 -1 0 0 -1 0 0 -1 0 0 -1 0 0 -1 0 0 -1 0 0 -1 0 0 -1 0 0 -1 0 0 -1 0 0 -1 0 0 -1 0 0 -1 0 0 -1 0 0 -1 0 0 -1 0 0 -1 0 0 -1 0 0 -1 0 0 -1 0 0 -1 0 0 -1 0 0 -1 0 0 -1 0 0 -1 0 0 -1 0 0 -1 0 0 -1 0 0 -1 0 0 -1 0 0 -1 0 0 -1 0 0 -1 0 0 -1 0 0 -1 0 0 -1 0 0 -1 0 0 -1 0 0 -1 0 0 -1 0 0 -1 0 0 -1 0 0 -1 0 0 -1 0 0 -1 0 0 -1 0 0 -1 0 0 -1 0 0 -1 0 0 -1 0 0 -1 0 0 -1 0 0 -1 0 0 -1 0 0 -1 0 0 -1 0 0 -1 0 0 -1 0 0 -1 0 0 -1 0 0 -1 0 0 -1 0 0 -1 0 0 -1 0 0 -1 0 0 -0.0709626 0.92555 -0.371917 0.0709626 0.975091 -0.210148 0.0709626 0.92555 -0.371916 0.0709626 -0.0845921 0.993886 0.0709626 -0.251343 0.965293 0.211458 -0.160873 0.964057 0.0709626 0.849382 -0.522986 -0.0709626 0.849382 -0.522986 -0.0709626 0.975091 -0.210148 -0.0709626 0.99658 -0.0423342 0.0709626 0.99658 -0.0423342 0.0709626 0.74878 -0.659009 -0.0709626 0.74878 -0.659009 -0.0709626 0.626636 -0.776074 0.0709626 0.626636 -0.776074 0.0709626 0.486465 -0.870813 -0.0709626 0.486465 -0.870813 0.0709626 0.3323 -0.9405 -0.0709626 0.3323 -0.9405 -0.0709626 0.168575 -0.983131 0.0709626 0.168575 -0.983131 -0.211458 0.165179 -0.963328 -0.211458 -1.24789e-15 -0.977387 -0.0709626 -7.49657e-11 -0.997479 -0.211458 0.325607 -0.921556 0.211458 0.160873 -0.964057 0.211458 -3.34752e-10 -0.977387 0.0709626 -1.4993e-10 -0.997479 -0.0709626 0.9894 0.126698 0.0709626 0.9894 0.126698 0.0709626 0.953756 0.292084 -0.0709626 0.953756 0.292084 -0.0709626 0.890675 0.449069 0.0709626 0.890675 0.449069 -0.0709626 0.80197 0.593134 0.0709626 0.80197 0.593134 0.0709626 0.690195 0.720136 -0.0709626 0.690194 0.720136 -0.0709626 0.558563 0.826421 0.0709626 0.558563 0.826421 -0.0709626 0.410863 0.908931 0.0709626 0.410863 0.908931 0.211458 0.465185 0.859586 -0.0709626 0.251343 0.965293 0.0709626 0.251343 0.965293 0.211458 0.317357 0.92443 -0.0709626 0.0845921 0.993886 0.0709626 0.0845921 0.993886 0.211458 0.160873 0.964057 -0.0709626 -0.0845923 0.993886 -0.0709626 -0.690194 0.720136 0.0709626 -0.690194 0.720136 -0.0709626 -0.558563 0.826421 -0.0709626 -0.251343 0.965293 -0.0709626 -0.953756 0.292085 0.0709626 -0.953756 0.292085 -0.0709626 -0.890675 0.449069 0.211458 -0.600324 0.771296 0.0709626 -0.558563 0.826421 0.0709626 -0.975091 -0.210148 -0.0709626 -0.99658 -0.042334 -0.0709626 -0.975091 -0.210148 0.0709626 -0.890675 0.449069 0.211458 -0.895065 0.392612 -0.0709626 -0.849382 -0.522985 -0.0709626 -0.74878 -0.659009 0.0709626 -0.74878 -0.659009 0.211458 -0.974049 -0.0807121 0.0709626 -0.99658 -0.0423345 0.0709626 -0.626636 -0.776074 0.211458 -0.719087 -0.661966 0.211458 -0.818236 -0.53458 0.0709626 -0.849382 -0.522985 0.0709626 -0.3323 -0.9405 0.211458 -0.465185 -0.859586 0.0709626 -0.486465 -0.870813 0.211458 -0.600323 -0.771296 0.211458 -0.160873 -0.964057 0.0709626 -0.168575 -0.983131 0.211458 -0.317357 -0.924429 -0.0709626 -0.168575 -0.983131 -0.211458 -0.165179 -0.963328 -0.0709626 -0.3323 -0.9405 -0.0709626 -0.486465 -0.870813 -0.0709626 -0.626636 -0.776075 0.0709626 -0.92555 -0.371916 0.211458 -0.947479 -0.239934 0.211458 -0.895065 -0.392612 -0.0709626 -0.92555 -0.371917 0.0709626 -0.9894 0.126698 0.211458 -0.947479 0.239934 0.211458 -0.974049 0.080712 -0.0709626 -0.9894 0.126698 0.211458 -0.719087 0.661966 0.0709626 -0.80197 0.593134 0.211458 -0.818236 0.53458 -0.0709626 -0.80197 0.593134 0.0709626 -0.410863 0.908931 0.211458 -0.317357 0.92443 0.211458 -0.465185 0.859586 -0.0709626 -0.410863 0.908931 0.211458 -8.54459e-08 0.977387 0.211458 0.317357 -0.924429 -0.211458 0.476667 -0.853273 0.211458 0.465185 -0.859586 -0.211458 0.614014 -0.760442 0.211458 0.600323 -0.771296 -0.211458 0.733697 -0.645735 0.211458 0.719087 -0.661966 -0.211458 0.832274 -0.512451 0.211458 0.818236 -0.53458 -0.211458 0.906907 -0.364425 0.211458 0.895065 -0.392612 -0.211458 0.95545 -0.205915 0.211458 0.947479 -0.239934 -0.211458 0.976506 -0.0414815 0.211458 0.974049 -0.080712 -0.211458 0.969471 0.124146 0.211458 0.974049 0.080712 -0.211458 0.934545 0.286201 0.211458 0.947479 0.239934 -0.211458 0.872734 0.440023 0.211458 0.895065 0.392612 -0.211458 0.785816 0.581187 0.211458 0.818236 0.53458 -0.211458 0.676292 0.705631 0.211458 0.719087 0.661966 -0.211458 0.547312 0.809775 0.211458 0.600324 0.771296 -0.211458 0.402587 0.890623 -0.211458 0.24628 0.94585 -0.211458 0.0828882 0.973866 -0.211458 -0.0828882 0.973866 -0.211458 -0.24628 0.94585 -0.211458 -0.402587 0.890623 -0.211458 -0.547312 0.809775 -0.211458 -0.676292 0.70563 -0.211458 -0.785816 0.581187 -0.211458 -0.872734 0.440023 -0.211458 -0.934545 0.286201 -0.211458 -0.969471 0.124145 -0.211458 -0.976506 -0.0414818 -0.211458 -0.95545 -0.205915 -0.211458 -0.906907 -0.364425 -0.211458 -0.832274 -0.512451 -0.211458 -0.733697 -0.645735 -0.211458 -0.614014 -0.760442 -0.211458 -0.476667 -0.853273 -0.211458 -0.325607 -0.921556 -0.87316 0.466068 0.142732 -0.87316 0.435242 0.219445 -0.778286 0.560677 0.282687 -0.373503 -0.15677 -0.914286 -0.211458 1.70892e-07 -0.977387 -0.211458 -0.165179 -0.963328 -0.778286 0.600387 0.183866 -0.87316 0.483486 0.0619128 -0.661049 0.670001 0.337807 -0.778286 0.622824 0.0797557 -0.87316 0.486995 -0.0206873 -0.661049 0.717453 0.219718 -0.87316 0.476494 -0.102692 -0.778286 0.627344 -0.0266493 -0.661049 0.744266 0.0953069 -0.778286 0.613817 -0.132288 -0.87316 0.452285 -0.181743 -0.661049 0.749667 -0.0318455 -0.778286 0.582631 -0.23412 -0.87316 0.415064 -0.255565 -0.661049 0.733502 -0.158082 -0.87316 0.365903 -0.322035 -0.778286 0.534684 -0.329218 -0.661049 0.696235 -0.27977 -0.778286 0.471355 -0.414844 -0.87316 0.306216 -0.379241 -0.661049 0.638939 -0.39341 -0.778286 0.394466 -0.488536 -0.87316 0.237719 -0.425537 -0.661049 0.563262 -0.495733 -0.87316 0.162384 -0.45959 -0.778286 0.306228 -0.548174 -0.661049 0.471381 -0.583794 -0.778286 0.209182 -0.592042 -0.87316 0.0823767 -0.480423 -0.661049 0.365939 -0.65506 -0.778286 0.106117 -0.618878 -0.87316 2.72338e-10 -0.487434 -0.661049 0.249969 -0.707482 -0.985633 -0.106108 -0.131412 -1 2.74604e-08 3.4009e-08 -0.985633 -0.0823729 -0.147454 -1 -7.38726e-09 4.30826e-08 -0.985633 0.0285447 -0.166473 -1 -3.88235e-23 4.37114e-08 -0.942944 -2.00703e-10 -0.332952 -0.985633 -5.09073e-11 -0.168903 -0.942944 0.0562691 -0.328163 -0.985633 0.0562682 -0.159254 -0.985633 0.082373 -0.147454 -1 -1.4562e-08 4.12145e-08 -1 -2.13178e-08 3.81607e-08 -0.661049 0.126809 -0.73955 -0.778286 -7.57007e-10 -0.62791 -0.661049 1.29127e-10 -0.750343 -0.524816 0.143856 -0.838972 -0.373503 2.31455e-09 -0.927629 -0.524816 9.51181e-10 -0.851216 -0.373503 0.15677 -0.914286 -0.211458 0.165179 -0.963328 -0.87316 0.391895 0.289844 -0.778286 0.504838 0.373376 -0.661049 0.603274 0.446179 -0.778286 0.434475 0.453323 -0.87316 0.337275 0.351906 -0.661049 0.519192 0.541715 -0.87316 0.272951 0.403844 -0.778286 0.351614 0.520229 -0.661049 0.420173 0.621667 -0.778286 0.258637 0.572169 -0.661049 0.309067 0.683734 -0.778286 0.158219 0.607649 -0.661049 0.18907 0.726132 -0.87316 0.200775 0.444164 -0.661049 0.0636336 0.74764 -0.778286 0.0532505 0.625648 -0.87316 0.122823 0.471706 -0.778286 -0.0532503 0.625648 -0.661049 -0.0636335 0.74764 -0.87316 0.0413373 0.485678 -0.778286 -0.15822 0.607649 -0.661049 -0.18907 0.726132 -0.87316 -0.0413373 0.485678 -0.661049 -0.309067 0.683734 -0.778286 -0.258637 0.572169 -0.87316 -0.122823 0.471706 -0.778286 -0.351614 0.520229 -0.661049 -0.420173 0.621666 -0.87316 -0.200775 0.444164 -0.778286 -0.434475 0.453323 -0.661049 -0.519192 0.541715 -0.87316 -0.272951 0.403844 -0.661049 -0.603274 0.446179 -0.778286 -0.504838 0.373376 -0.87316 -0.337275 0.351906 -0.778286 -0.560677 0.282687 -0.661049 -0.670001 0.337807 -0.87316 -0.391896 0.289844 -0.778286 -0.600387 0.183866 -0.661049 -0.717453 0.219718 -0.87316 -0.435242 0.219445 -0.661049 -0.744266 0.0953069 -0.778286 -0.622824 0.0797557 -0.87316 -0.466068 0.142732 -0.778286 -0.627344 -0.0266491 -0.661049 -0.749667 -0.0318453 -0.87316 -0.483486 0.0619128 -0.778286 -0.613817 -0.132288 -0.661049 -0.733502 -0.158082 -0.87316 -0.486995 -0.0206872 -0.661049 -0.696235 -0.27977 -0.778286 -0.582631 -0.23412 -0.87316 -0.476494 -0.102692 -0.87316 -0.306216 -0.379241 -0.778286 -0.394466 -0.488536 -0.87316 -0.365903 -0.322035 -0.661049 -0.563262 -0.495733 -0.778286 -0.534684 -0.329218 -0.778286 -0.471354 -0.414844 -0.985633 -0.126791 -0.11159 -1 3.28129e-08 2.8879e-08 -0.985633 -0.0562682 -0.159254 -0.942944 -0.110919 -0.313933 -0.985633 -0.0285447 -0.166473 -0.942944 -0.0562691 -0.328163 -1 7.38726e-09 4.30826e-08 -0.87316 -0.452285 -0.181743 -0.87316 -0.415064 -0.255565 -0.661049 -0.638939 -0.39341 -0.524816 -0.534751 -0.662276 -0.661049 -0.471381 -0.583794 -0.373503 -0.4524 -0.809833 -0.373503 -0.582755 -0.721728 -0.211458 -0.325607 -0.921556 -0.373503 -0.30903 -0.87464 -0.524816 -0.415133 -0.743123 -0.985633 0.143826 -0.0885569 -1 -3.28129e-08 2.8879e-08 -1 -3.72215e-08 2.29182e-08 -0.985633 0.106108 -0.131412 -1 -2.74604e-08 3.4009e-08 -0.524816 0.283574 -0.802592 -0.942944 0.11092 -0.313933 -0.373503 0.30903 -0.87464 -0.211458 0.325607 -0.921556 -0.942944 0.162379 -0.290672 -0.524816 0.415134 -0.743123 -0.373503 0.4524 -0.809833 -0.211458 0.476667 -0.853273 -0.985633 0.126791 -0.11159 -0.942944 0.209167 -0.259048 -0.524816 0.534751 -0.662276 -0.373503 0.582755 -0.721728 -0.211458 0.614014 -0.760442 -1 -4.05593e-08 1.62981e-08 -1 -4.27303e-08 9.20908e-09 -0.985633 0.165112 -0.0355843 -0.985633 0.156723 -0.0629764 -0.524816 0.638984 -0.562377 -0.942944 0.249938 -0.219973 -0.373503 0.696345 -0.612861 -0.211458 0.733697 -0.645735 -1 -4.3672e-08 1.85516e-09 -0.985633 0.16875 -0.00716843 -0.942944 0.283518 -0.174569 -0.524816 0.724835 -0.446299 -0.373503 0.789903 -0.486363 -0.211458 0.832273 -0.512451 -1 -4.33573e-08 -5.55212e-09 -0.985633 0.167535 0.0214537 -0.942944 0.308942 -0.124143 -0.524816 0.789834 -0.317381 -0.373503 0.860737 -0.345872 -0.211458 0.906907 -0.364425 -0.942944 0.325479 -0.0701461 -0.524816 0.83211 -0.179333 -0.373503 0.906808 -0.195432 -0.211458 0.95545 -0.205915 -0.985633 0.161499 0.0494585 -1 -4.17954e-08 -1.27997e-08 -0.524816 0.850449 -0.0361266 -0.942944 0.332652 -0.0141309 -0.373503 0.926793 -0.0393697 -0.211458 0.976506 -0.0414815 -1 -3.9031e-08 -1.9679e-08 -1 -3.51438e-08 -2.59922e-08 -0.985633 0.135797 0.100435 -0.985633 0.150818 0.0760406 -0.524816 0.844321 0.10812 -0.942944 0.330255 0.0422908 -0.373503 0.920115 0.117825 -0.211458 0.969471 0.124146 -0.942944 0.318357 0.0974959 -0.524816 0.813904 0.249255 -0.373503 0.886968 0.271631 -0.211458 0.934545 0.286201 -1 -2.44773e-08 -3.62153e-08 -0.985633 0.0945812 0.139937 -1 -3.02456e-08 -3.15577e-08 -0.985633 0.11687 0.12194 -0.524816 0.760072 0.38322 -0.942944 0.297301 0.149896 -0.373503 0.828304 0.417622 -0.211458 0.872734 0.440023 -0.942944 0.267692 0.197984 -0.524816 0.684375 0.506161 -0.373503 0.745811 0.551599 -0.211458 0.785816 0.581187 -1 -1.10143e-08 -4.2301e-08 -0.985633 0.0425598 0.163453 -1 -1.80048e-08 -3.98311e-08 -0.985633 0.0695712 0.153909 -0.524816 0.588989 0.61454 -0.942944 0.230382 0.240377 -0.373503 0.641862 0.669707 -0.211458 0.676292 0.70563 -0.942944 0.186445 0.275854 -0.524816 0.476659 0.70524 -0.373503 0.519449 0.768549 -0.211458 0.547312 0.809775 -1 1.10143e-08 -4.2301e-08 -0.985633 -0.0425597 0.163453 -1 3.70698e-09 -4.35539e-08 -0.985633 0.0143239 0.168294 -1 -3.70699e-09 -4.35539e-08 -0.524816 0.350617 0.775652 -0.942944 0.137143 0.303395 -0.373503 0.382091 0.845282 -0.211458 0.402587 0.890623 -0.942944 0.0838966 0.322208 -0.524816 0.214488 0.823749 -0.373503 0.233742 0.897697 -0.211458 0.24628 0.94585 -0.985633 -0.014324 0.168294 -0.942944 0.0282363 0.331752 -0.524816 0.0721881 0.848149 -0.373503 0.0786684 0.924287 -0.211458 0.0828882 0.973866 -1 2.44773e-08 -3.62153e-08 -1 3.02456e-08 -3.15577e-08 -0.985633 -0.11687 0.12194 -0.942944 -0.0282363 0.331752 -0.524816 -0.0721883 0.848149 -0.373503 -0.0786684 0.924287 -0.211458 -0.0828884 0.973866 -0.985633 -0.0695712 0.153909 -1 1.80048e-08 -3.98311e-08 -0.942944 -0.0838966 0.322208 -0.524816 -0.214488 0.823749 -0.373503 -0.233742 0.897697 -0.211458 -0.24628 0.94585 -0.985633 -0.0945812 0.139937 -0.942944 -0.137143 0.303395 -0.524816 -0.350617 0.775652 -0.373503 -0.382092 0.845282 -0.211458 -0.402587 0.890623 -0.942944 -0.186445 0.275854 -0.524816 -0.476659 0.70524 -0.373503 -0.519449 0.768549 -0.211458 -0.547312 0.809775 -0.985633 -0.135797 0.100435 -1 3.51438e-08 -2.59922e-08 -1 4.17954e-08 -1.27997e-08 -1 4.33573e-08 -5.55212e-09 -0.985633 -0.167535 0.0214536 -0.985633 -0.150817 0.0760406 -1 3.9031e-08 -1.9679e-08 -0.524816 -0.588989 0.61454 -0.942944 -0.230382 0.240377 -0.373503 -0.641862 0.669707 -0.211458 -0.676292 0.70563 -0.942944 -0.267692 0.197984 -0.524816 -0.684375 0.506161 -0.373503 -0.745811 0.551599 -0.211458 -0.785816 0.581187 -0.985633 -0.161499 0.0494585 -0.942944 -0.297301 0.149896 -0.524816 -0.760072 0.383221 -0.373503 -0.828304 0.417622 -0.211458 -0.872734 0.440024 -1 4.27303e-08 9.20909e-09 -0.985633 -0.165112 -0.0355843 -1 4.3672e-08 1.85518e-09 -0.985633 -0.16875 -0.0071684 -0.524816 -0.813904 0.249255 -0.942944 -0.318357 0.0974959 -0.373503 -0.886968 0.271631 -0.211458 -0.934545 0.286201 -1 4.05593e-08 1.62981e-08 -1 3.72215e-08 2.29182e-08 -0.985633 -0.143826 -0.0885569 -0.942944 -0.330255 0.0422909 -0.524816 -0.844321 0.108119 -0.373503 -0.920115 0.117826 -0.211458 -0.969471 0.124145 -0.942944 -0.332652 -0.014131 -0.524816 -0.850449 -0.0361265 -0.373503 -0.926793 -0.03937 -0.211458 -0.976506 -0.0414813 -0.985633 -0.156723 -0.0629765 -0.942944 -0.325479 -0.0701461 -0.524816 -0.83211 -0.179333 -0.373503 -0.906808 -0.195432 -0.211458 -0.95545 -0.205915 -1 2.13178e-08 3.81607e-08 -0.524816 -0.789834 -0.317381 -0.942944 -0.308942 -0.124143 -0.373503 -0.860737 -0.345872 -0.211458 -0.906907 -0.364425 -0.942944 -0.283518 -0.174569 -0.524816 -0.724835 -0.446298 -0.373503 -0.789903 -0.486362 -0.211458 -0.832274 -0.512451 -0.942944 -0.249938 -0.219973 -0.524816 -0.638984 -0.562377 -0.373503 -0.696345 -0.612861 -0.211458 -0.733698 -0.645735 -0.942944 -0.209167 -0.259048 -0.661049 -0.365939 -0.65506 -0.661049 -0.249969 -0.707482 -0.524816 -0.283574 -0.802592 -0.211458 -0.614014 -0.760442 -1 1.4562e-08 4.12145e-08 -0.87316 -0.237719 -0.425537 -0.778286 -0.306228 -0.548174 -0.942944 -0.162379 -0.290672 -0.211458 -0.476667 -0.853273 -0.87316 -0.0823768 -0.480423 -0.87316 -0.162384 -0.45959 -0.778286 -0.209182 -0.592042 -0.778286 -0.106117 -0.618878 -0.661049 -0.126809 -0.73955 -0.524816 -0.143856 -0.838972 0.661049 0.670001 0.337807 0.778286 0.560677 0.282687 0.778286 0.600387 0.183866 0.778286 0.622824 0.0797558 0.661049 0.717453 0.219717 0.942944 0.318357 0.0974959 0.87316 0.466068 0.142732 0.87316 0.435242 0.219445 0.778286 0.627344 -0.0266493 0.661049 0.744266 0.095307 0.942944 0.330255 0.0422908 0.87316 0.483486 0.0619128 0.661049 0.749667 -0.0318455 0.778286 0.613817 -0.132288 0.87316 0.486995 -0.0206873 0.942944 0.332652 -0.0141309 0.778286 0.582631 -0.23412 0.661049 0.733502 -0.158082 0.942944 0.325479 -0.070146 0.87316 0.476494 -0.102692 0.778286 0.534684 -0.329218 0.661049 0.696235 -0.27977 0.942944 0.308942 -0.124143 0.87316 0.452285 -0.181743 0.661049 0.638939 -0.39341 0.778286 0.471355 -0.414844 0.87316 0.415064 -0.255565 0.942944 0.283518 -0.174569 0.778286 0.394466 -0.488536 0.661049 0.563262 -0.495733 0.942944 0.249938 -0.219973 0.87316 0.365903 -0.322035 0.778286 0.306229 -0.548174 0.661049 0.471381 -0.583794 0.373503 -0.582755 -0.721728 0.373503 -0.696345 -0.612861 0.211458 -0.719087 -0.661966 0.661049 0.365939 -0.65506 0.778286 0.209182 -0.592042 0.942944 0.209167 -0.259048 0.87316 0.306216 -0.379241 0.778286 0.106117 -0.618878 0.661049 0.249969 -0.707482 0.942944 0.162379 -0.290672 0.87316 0.237719 -0.425537 0.942944 0.0562691 -0.328163 0.87316 0.0823767 -0.480423 0.87316 0.162384 -0.459591 0.942944 0.110919 -0.313933 0.524816 0.143856 -0.838972 0.661049 0.126809 -0.73955 0.661049 -4.1923e-10 -0.750343 0.211458 3.47238e-15 -0.977387 0.211458 0.160873 -0.964057 0.373503 2.79588e-10 -0.927629 0.373503 0.15677 -0.914286 0.524816 5.13113e-10 -0.851216 0.211458 0.317357 -0.924429 0.778286 7.57008e-10 -0.62791 0.942944 -3.72052e-10 -0.332952 0.87316 -8.38819e-11 -0.487434 0.985633 -4.21434e-10 -0.168903 1 2.87533e-17 -1.19249e-08 0.985633 0.0285447 -0.166473 0.661049 0.603274 0.446179 0.778286 0.504838 0.373376 0.87316 0.391896 0.289844 0.942944 0.297301 0.149896 0.661049 0.519192 0.541715 0.778286 0.434475 0.453323 0.87316 0.337274 0.351906 0.942944 0.267692 0.197984 0.942944 0.186445 0.275854 0.87316 0.272951 0.403844 0.87316 0.200775 0.444164 0.942944 0.230382 0.240377 0.661049 0.420173 0.621666 0.778286 0.351614 0.52023 0.87316 0.122823 0.471706 0.942944 0.137143 0.303395 0.942944 0.0838965 0.322208 0.87316 0.0413373 0.485678 0.661049 0.309067 0.683734 0.778286 0.258637 0.57217 0.87316 -0.0413373 0.485678 0.942944 0.0282363 0.331752 0.661049 0.18907 0.726132 0.778286 0.15822 0.607649 0.87316 -0.122823 0.471706 0.942944 -0.0282363 0.331752 0.778286 0.0532505 0.625648 0.661049 0.0636335 0.74764 0.87316 -0.200775 0.444164 0.942944 -0.0838966 0.322208 0.661049 -0.0636335 0.74764 0.778286 -0.0532506 0.625648 0.87316 -0.272951 0.403844 0.942944 -0.137143 0.303395 0.661049 -0.18907 0.726132 0.778286 -0.15822 0.607649 0.87316 -0.337274 0.351906 0.942944 -0.186445 0.275854 0.778286 -0.258637 0.57217 0.661049 -0.309067 0.683734 0.87316 -0.391896 0.289844 0.942944 -0.230382 0.240377 0.661049 -0.420173 0.621666 0.778286 -0.351614 0.52023 0.87316 -0.435242 0.219445 0.942944 -0.267692 0.197984 0.661049 -0.519191 0.541715 0.778286 -0.434475 0.453323 0.778286 -0.504838 0.373376 0.661049 -0.603274 0.446179 0.661049 -0.670001 0.337807 0.778286 -0.560677 0.282688 0.87316 -0.466068 0.142732 0.942944 -0.297301 0.149896 0.778286 -0.600387 0.183866 0.661049 -0.717453 0.219718 0.87316 -0.483486 0.061913 0.942944 -0.318357 0.0974957 0.661049 -0.744266 0.0953069 0.778286 -0.622824 0.0797557 0.87316 -0.486995 -0.0206874 0.942944 -0.330255 0.0422908 0.661049 -0.749667 -0.0318457 0.778286 -0.627344 -0.0266491 0.87316 -0.476494 -0.102692 0.942944 -0.332652 -0.0141308 0.778286 -0.613817 -0.132288 0.661049 -0.733502 -0.158082 0.87316 -0.452285 -0.181743 0.942944 -0.325479 -0.070146 0.661049 -0.696235 -0.27977 0.778286 -0.582631 -0.23412 0.87316 -0.415064 -0.255565 0.942944 -0.308942 -0.124143 0.211458 -0.600324 -0.771295 0.373503 -0.4524 -0.809833 0.661049 -0.563262 -0.495733 0.778286 -0.534684 -0.329218 0.661049 -0.638939 -0.39341 0.373503 -0.30903 -0.87464 0.211458 -0.317357 -0.924429 0.524816 -0.143856 -0.838972 0.373503 -0.15677 -0.914286 0.524816 -0.283574 -0.802592 0.942944 -0.11092 -0.313933 0.942944 -0.162379 -0.290672 0.87316 -0.162384 -0.459591 0.524816 -0.638984 -0.562376 0.778286 -0.471355 -0.414844 0.942944 -0.283518 -0.174569 0.87316 -0.365903 -0.322035 0.942944 -0.209167 -0.259048 0.985633 -0.106108 -0.131412 0.985633 -0.0285447 -0.166473 0.985633 -0.0562683 -0.159255 0.942944 -0.0562691 -0.328163 1 -3.97265e-09 -1.12437e-08 1 -2.01531e-09 -1.17534e-08 0.211458 0.465185 -0.859586 0.373503 0.30903 -0.87464 0.211458 -0.160873 -0.964057 0.373503 0.4524 -0.809833 0.524816 0.283574 -0.802592 1 2.01531e-09 -1.17534e-08 0.985633 0.0562682 -0.159255 0.211458 0.600323 -0.771296 0.373503 0.582755 -0.721728 0.524816 0.415134 -0.743123 1 3.97265e-09 -1.12437e-08 0.985633 0.082373 -0.147455 0.211458 0.719087 -0.661966 0.373503 0.696345 -0.612861 0.524816 0.534751 -0.662276 0.985633 0.106108 -0.131412 1 5.8157e-09 -1.04106e-08 0.211458 0.818236 -0.53458 0.373503 0.789903 -0.486363 0.524816 0.638984 -0.562377 0.985633 0.126791 -0.11159 1 7.49145e-09 -9.27798e-09 0.211458 0.895065 -0.392612 0.373503 0.860737 -0.345872 0.524816 0.724835 -0.446299 1 8.95168e-09 -7.87847e-09 0.985633 0.143826 -0.088557 0.211458 0.947479 -0.239934 0.373503 0.906808 -0.195432 0.524816 0.789834 -0.317381 0.985633 0.156723 -0.0629765 1 1.01544e-08 -6.2523e-09 0.211458 0.974049 -0.080712 0.373503 0.926793 -0.0393697 0.524816 0.83211 -0.179333 0.985633 0.165112 -0.0355843 1 1.1065e-08 -4.44627e-09 0.211458 0.974049 0.0807121 0.373503 0.920115 0.117825 0.524816 0.850449 -0.0361266 0.985633 0.168751 -0.00716844 1 1.16572e-08 -2.51232e-09 0.211458 0.947479 0.239934 0.373503 0.886968 0.271631 0.524816 0.844321 0.10812 0.985633 0.167535 0.0214537 1 1.19141e-08 -5.06105e-10 0.211458 0.895065 0.392612 0.373503 0.828304 0.417622 0.524816 0.813904 0.249255 0.985633 0.161499 0.0494586 1 1.18283e-08 1.51467e-09 0.211458 0.818236 0.53458 0.373503 0.745811 0.551599 0.524816 0.760072 0.38322 0.985633 0.150818 0.0760407 1 1.14022e-08 3.49188e-09 0.211458 0.719087 0.661966 0.373503 0.641863 0.669707 0.524816 0.684375 0.506161 0.985633 0.135797 0.100435 1 1.0648e-08 5.36863e-09 0.211458 0.600323 0.771296 0.373503 0.519449 0.76855 0.524816 0.588989 0.61454 0.985633 0.11687 0.12194 1 9.58757e-09 7.09093e-09 0.211458 0.465185 0.859586 0.373503 0.382092 0.845282 0.524816 0.476659 0.70524 0.985633 0.0945813 0.139938 1 8.25129e-09 8.60924e-09 0.211458 0.317357 0.924429 0.373503 0.233742 0.897697 0.524816 0.350617 0.775652 0.985633 0.0695713 0.153909 1 6.67763e-09 9.87988e-09 0.211458 0.160873 0.964057 0.373503 0.0786684 0.924287 0.524816 0.214488 0.823749 0.985633 0.0425598 0.163453 1 4.91187e-09 1.08663e-08 0.211458 -8.54459e-08 0.977387 0.373503 -0.0786686 0.924287 0.524816 0.0721881 0.848149 0.985633 0.014324 0.168294 1 3.00481e-09 1.15401e-08 0.211458 -0.160873 0.964057 0.373503 -0.233742 0.897697 0.524816 -0.0721881 0.848149 1 1.0113e-09 1.18819e-08 0.985633 -0.0143239 0.168294 0.211458 -0.317357 0.92443 0.373503 -0.382091 0.845282 0.524816 -0.214488 0.823749 0.985633 -0.0425598 0.163453 1 -1.0113e-09 1.18819e-08 0.211458 -0.465185 0.859586 0.373503 -0.519449 0.76855 0.524816 -0.350617 0.775652 0.985633 -0.0695713 0.153909 1 -3.00481e-09 1.15401e-08 0.211458 -0.600324 0.771296 0.373503 -0.641862 0.669707 0.524816 -0.476659 0.70524 1 -4.91187e-09 1.08663e-08 0.985633 -0.0945813 0.139938 0.211458 -0.719087 0.661966 0.373503 -0.745811 0.551599 0.524816 -0.588989 0.61454 1 -6.67763e-09 9.87988e-09 0.985633 -0.11687 0.12194 0.211458 -0.818236 0.53458 0.373503 -0.828304 0.417622 0.524816 -0.684375 0.506161 0.985633 -0.135797 0.100435 1 -8.25129e-09 8.60924e-09 0.211458 -0.895065 0.392612 0.373503 -0.886968 0.271631 0.524816 -0.760072 0.38322 1 -9.58757e-09 7.09093e-09 0.985633 -0.150818 0.0760406 0.211458 -0.947479 0.239934 0.373503 -0.920115 0.117825 0.524816 -0.813904 0.249255 1 -1.0648e-08 5.36862e-09 0.985633 -0.161499 0.0494586 0.211458 -0.974049 0.080712 0.373503 -0.926793 -0.0393695 0.524816 -0.844321 0.108119 0.985633 -0.167535 0.0214536 1 -1.14022e-08 3.49188e-09 0.211458 -0.974049 -0.0807121 0.373503 -0.906808 -0.195432 0.524816 -0.850449 -0.0361265 0.985633 -0.168751 -0.00716841 1 -1.18283e-08 1.51467e-09 0.211458 -0.947479 -0.239935 0.373503 -0.860737 -0.345873 0.524816 -0.83211 -0.179333 1 -1.19141e-08 -5.06104e-10 0.985633 -0.165112 -0.0355843 0.211458 -0.895065 -0.392612 0.373503 -0.789903 -0.486363 0.524816 -0.789834 -0.317381 1 -1.16572e-08 -2.51233e-09 0.985633 -0.156723 -0.0629765 0.211458 -0.818236 -0.53458 0.524816 -0.724835 -0.446299 0.985633 -0.143826 -0.088557 1 -1.1065e-08 -4.44627e-09 0.778286 -0.306229 -0.548174 0.661049 -0.365938 -0.65506 0.661049 -0.249969 -0.707482 0.942944 -0.249938 -0.219973 0.87316 -0.306216 -0.379241 0.985633 -0.126791 -0.11159 1 -1.01544e-08 -6.2523e-09 0.661049 -0.471381 -0.583794 0.524816 -0.534751 -0.662276 0.778286 -0.394465 -0.488537 1 -8.95168e-09 -7.87847e-09 0.211458 -0.465185 -0.859586 0.524816 -0.415134 -0.743123 0.87316 -0.237719 -0.425537 1 -7.49145e-09 -9.27798e-09 0.985633 -0.082373 -0.147455 0.778286 -0.209182 -0.592042 1 -5.8157e-09 -1.04106e-08 0.661049 -0.126809 -0.73955 0.778286 -0.106117 -0.618878 0.87316 -0.0823768 -0.480423 -0.587785 -0.808288 0.0343357 -0.453991 -0.890204 0.0378154 -0.587785 -0.802464 -0.10276 -0.707107 0.656117 0.263649 -0.707107 0.602122 0.370741 -0.809017 0.500516 0.30818 -0.587785 -0.790859 0.170443 -0.453991 -0.871008 0.187717 -0.707107 -0.70138 -0.0898152 -0.707107 -0.70647 0.0300105 -0.453991 -0.826755 0.332218 -0.587785 -0.750678 0.301647 -0.707107 -0.691236 0.148973 -0.587785 -0.688902 0.424174 -0.453991 -0.758718 0.467161 -0.707107 -0.656117 0.263649 -0.587785 -0.607307 0.534497 -0.453991 -0.668854 0.588665 -0.707107 -0.602122 0.370741 -0.453991 -0.559748 0.693235 -0.587785 -0.508241 0.629444 -0.707107 -0.530805 0.467168 -0.587785 -0.394554 0.706283 -0.453991 -0.434539 0.777861 -0.707107 -0.444219 0.550154 -0.587785 -0.269516 0.762804 -0.453991 -0.29683 0.84011 -0.707107 -0.344852 0.617314 -0.453991 -0.150581 0.87819 -0.587785 -0.136725 0.79738 -0.707107 -0.235565 0.666715 -0.587785 -2.20727e-09 0.809017 -0.453991 -5.27184e-10 0.891006 -0.707107 -0.119502 0.696936 -0.309017 -0.160729 0.937376 -0.309017 -1.2974e-09 0.951056 8.74228e-08 -1.33227e-15 1 8.74228e-08 -0.164595 0.986361 -0.156434 -0.16692 0.973481 -0.453991 0.150581 0.87819 -0.453991 0.29683 0.84011 -0.309017 0.316835 0.89673 8.74228e-08 -0.324699 0.945817 -0.156434 -0.329038 0.931269 -0.156434 -6.73685e-10 0.987688 -0.707107 -1.39478e-09 0.707107 -0.156434 0.841045 0.517852 8.74228e-08 0.837166 0.546948 -0.156434 0.741431 0.65254 -0.809017 -0.0993362 0.57933 -0.891007 -0.0767248 0.44746 -0.809017 -6.95553e-10 0.587785 -0.891007 -1.78949e-10 0.45399 -0.951057 -0.0522241 0.304572 -0.987688 -0.0264376 0.154184 -0.987688 1.74808e-10 0.156434 -0.951057 -1.6862e-09 0.309017 -1 -7.38726e-09 4.30826e-08 -1 -1.72443e-16 4.37114e-08 -0.453991 -0.88379 -0.113174 -0.587785 -0.773555 -0.236899 -0.707107 -0.676112 -0.207057 -0.587785 -0.722392 -0.364222 -0.453991 -0.851951 -0.260907 -0.707107 -0.631394 -0.318342 -0.453991 -0.795603 -0.401134 -0.587785 -0.650447 -0.481068 -0.707107 -0.568512 -0.420469 -0.453991 -0.716367 -0.529822 -0.587785 -0.55979 -0.584075 -0.707107 -0.489275 -0.5105 -0.707107 -0.395962 -0.585845 -0.707107 -0.291258 -0.644336 -0.587785 -0.453029 -0.670278 -0.453991 -0.616522 -0.643268 -0.587785 -0.333235 -0.737199 -0.707107 -0.178176 -0.68429 -0.453991 -0.498941 -0.738208 -0.587785 -0.203855 -0.782912 -0.707107 -0.0599669 -0.704559 -0.453991 -0.367007 -0.81191 -0.707107 0.0599668 -0.704559 -0.587785 -0.0686094 -0.806103 -0.453991 -0.224514 -0.862256 -0.587785 0.203855 -0.782912 -0.587785 0.0686096 -0.806103 -0.453991 0.0755626 -0.887797 -0.453991 -0.0755626 -0.887797 -0.453991 0.224514 -0.862256 -0.587785 0.333235 -0.737199 -0.707107 0.178175 -0.684291 -0.453991 0.367007 -0.81191 -0.587785 0.453029 -0.670278 -0.707107 0.291258 -0.644336 -0.587785 0.55979 -0.584075 -0.453991 0.498941 -0.738207 -0.707107 0.395962 -0.585845 -0.453991 0.616522 -0.643268 -0.587785 0.650447 -0.481068 -0.707107 0.489275 -0.5105 -0.453991 0.716367 -0.529822 -0.587785 0.722392 -0.364223 -0.707107 0.568512 -0.420469 -0.453991 0.890204 0.0378152 -0.587785 0.790859 0.170443 -0.587785 0.808288 0.0343355 -0.707107 0.631394 -0.318342 -0.453991 0.795603 -0.401134 -0.587785 0.773555 -0.236898 -0.707107 0.676112 -0.207057 -0.587785 0.802464 -0.102759 -0.453991 0.851951 -0.260907 -0.707107 0.701379 -0.0898154 -0.587785 0.750678 0.301647 -0.453991 0.826755 0.332218 -0.587785 0.688902 0.424173 -0.707107 0.70647 0.0300107 8.74228e-08 0.735724 0.677282 -0.156434 0.620485 0.768457 -0.453991 0.871008 0.187717 -0.156434 0.481691 0.862266 -0.156434 0.329039 0.931269 -0.453991 0.559748 0.693235 -0.587785 0.508241 0.629444 -0.453991 0.668854 0.588666 -0.156434 0.16692 0.973481 -0.453991 0.758718 0.467161 8.74228e-08 0.164595 0.986361 -0.309017 0.160729 0.937376 -0.453991 0.88379 -0.113174 -0.809017 0.574593 0.123834 -0.809017 0.545399 0.21916 -0.891007 0.421253 0.169273 -0.707107 0.691236 0.148973 -0.951057 0.150706 0.269776 -0.891007 0.221409 0.39634 -0.951057 0.102946 0.291365 -0.951057 0.194131 0.240426 -0.891007 0.340798 0.29994 -0.891007 0.285206 0.353221 -0.891007 0.386586 0.23803 -0.987688 0.0762923 0.136569 -0.987688 0.0521146 0.147499 -0.987688 0.0982752 0.121712 -0.987688 0.0264376 0.154184 -1 7.38726e-09 4.30826e-08 8.74228e-08 -0.475947 0.879474 -0.156434 -0.481691 0.862266 -0.309017 -0.316835 0.89673 -0.891007 -0.151242 0.428057 -0.809017 -0.195815 0.554209 -0.951057 -0.102946 0.291365 -0.987688 -0.0521145 0.147499 -1 -1.4562e-08 4.12145e-08 8.74228e-08 -0.614213 0.789141 -0.156434 -0.620486 0.768457 -0.309017 -0.463825 0.830286 -0.809017 -0.28666 0.513145 -0.891007 -0.221409 0.39634 -0.951057 -0.150706 0.269776 -0.987688 -0.0762923 0.136569 -1 -2.13178e-08 3.81607e-08 8.74228e-08 -0.735724 0.677282 -0.156434 -0.74143 0.652541 -0.309017 -0.597473 0.739956 -0.891007 -0.285206 0.353221 -0.809017 -0.369258 0.457318 -0.951057 -0.194131 0.240426 -0.987688 -0.0982753 0.121712 -1 -2.74604e-08 3.4009e-08 8.74228e-08 -0.837166 0.546948 -0.156434 -0.841045 0.517852 -0.309017 -0.713932 0.628339 -0.891007 -0.340798 0.29994 -0.809017 -0.441234 0.388335 -0.951057 -0.23197 0.20416 -0.987688 -0.117431 0.103352 -1 -3.28129e-08 2.8879e-08 8.74228e-08 -0.915773 0.401695 -0.156434 -0.916465 0.368266 -0.309017 -0.809852 0.498646 -0.891007 -0.386586 0.23803 -0.809017 -0.500516 0.30818 -0.951057 -0.263137 0.16202 -0.987688 -0.133208 0.0820197 -1 -3.72215e-08 2.29182e-08 8.74228e-08 -0.9694 0.245485 -0.156434 -0.96552 0.208085 -0.309017 -0.882475 0.354608 -0.809017 -0.545399 0.219159 -0.891007 -0.421253 0.169273 -0.951057 -0.286733 0.115219 -0.987688 -0.145154 0.0583276 -1 -4.05593e-08 1.62981e-08 8.74228e-08 -0.996584 0.0825794 -0.156434 -0.986798 0.0419187 -0.309017 -0.92971 0.200368 -0.809017 -0.574593 0.123834 -0.891007 -0.443801 0.0956464 -0.951057 -0.302081 0.0651034 -0.987688 -0.152923 0.0329575 -1 -4.27303e-08 9.20908e-09 8.74228e-08 -0.996584 -0.0825794 -0.156434 -0.979688 -0.125454 -0.309017 -0.9502 0.040364 -0.809017 -0.587256 0.0249463 -0.891007 -0.453581 0.0192679 -0.951057 -0.308738 0.0131151 -0.987688 -0.156293 0.00663927 -1 -4.3672e-08 1.85516e-09 8.74228e-08 -0.9694 -0.245485 -0.156434 -0.944395 -0.289218 -0.309017 -0.943353 -0.120801 -0.809017 -0.583024 -0.0746592 -0.891007 -0.450313 -0.0576648 -0.951057 -0.306514 -0.0392506 -0.987688 -0.155167 -0.01987 -1 -4.33573e-08 -5.55212e-09 8.74228e-08 -0.915773 -0.401695 -0.156434 -0.881932 -0.444661 -0.309017 -0.909369 -0.278491 -0.809017 -0.562021 -0.172117 -0.891007 -0.43409 -0.132939 -0.951057 -0.295472 -0.0904872 -0.987688 -0.149577 -0.0458076 -1 -4.17954e-08 -1.27997e-08 8.74228e-08 -0.837166 -0.546948 -0.156434 -0.794099 -0.587312 -0.309017 -0.849223 -0.428169 -0.891007 -0.40538 -0.204388 -0.809017 -0.524849 -0.264623 -0.951057 -0.275929 -0.139121 -0.987688 -0.139684 -0.0704274 -1 -3.9031e-08 -1.9679e-08 8.74228e-08 -0.735724 -0.677282 -0.156434 -0.68342 -0.713068 -0.309017 -0.764647 -0.56553 -0.809017 -0.472578 -0.349517 -0.891007 -0.365007 -0.269958 -0.951057 -0.248449 -0.183752 -0.987688 -0.125773 -0.0930211 -1 -3.51438e-08 -2.59922e-08 8.74228e-08 -0.614213 -0.789141 -0.156434 -0.553081 -0.818309 -0.309017 -0.658073 -0.686621 -0.891007 -0.314134 -0.327761 -0.809017 -0.406711 -0.424355 -0.951057 -0.213821 -0.223097 -0.987688 -0.108243 -0.112939 -1 -3.02456e-08 -3.15577e-08 8.74228e-08 -0.475947 -0.879474 -0.156434 -0.40683 -0.90001 -0.309017 -0.532568 -0.78796 -0.809017 -0.329145 -0.486986 -0.891007 -0.254223 -0.376135 -0.951057 -0.173042 -0.256023 -0.987688 -0.0875994 -0.129607 -1 -2.44773e-08 -3.62153e-08 8.74228e-08 -0.3247 -0.945817 -0.156434 -0.248876 -0.955819 -0.309017 -0.391741 -0.86663 -0.891007 -0.186999 -0.413689 -0.809017 -0.242109 -0.535607 -0.951057 -0.127284 -0.281585 -0.987688 -0.0644355 -0.142548 -1 -1.80048e-08 -3.98311e-08 8.74228e-08 -0.164595 -0.986361 -0.156434 -0.0837618 -0.98413 -0.309017 -0.239645 -0.920369 -0.809017 -0.148109 -0.568819 -0.891007 -0.114396 -0.439341 -0.951057 -0.0778655 -0.299046 -0.987688 -0.039418 -0.151387 -1 -1.10143e-08 -4.2301e-08 8.74228e-08 8.74228e-08 -1 -0.156434 0.083762 -0.98413 -0.309017 -0.0806552 -0.94763 -0.891007 -0.0385011 -0.452355 -0.809017 -0.0498477 -0.585668 -0.951057 -0.0262065 -0.307904 -0.987688 -0.0132666 -0.155871 -1 -3.70699e-09 -4.35539e-08 8.74228e-08 0.164595 -0.986361 -0.156434 0.248876 -0.955819 -0.309017 0.0806552 -0.94763 -0.809017 0.0498476 -0.585668 -0.891007 0.0385012 -0.452355 -0.951057 0.0262065 -0.307904 -0.987688 0.0132666 -0.155871 -1 3.70698e-09 -4.35539e-08 8.74228e-08 0.324699 -0.945817 -0.156434 0.40683 -0.90001 -0.309017 0.239646 -0.920369 -0.891007 0.114396 -0.439341 -0.809017 0.148109 -0.568819 -0.951057 0.0778655 -0.299046 -0.987688 0.039418 -0.151387 -1 1.10143e-08 -4.2301e-08 8.74228e-08 0.475947 -0.879474 -0.156434 0.553081 -0.818309 -0.309017 0.391741 -0.86663 -0.809017 0.242109 -0.535607 -0.891007 0.186999 -0.413689 -0.951057 0.127284 -0.281585 -0.987688 0.0644355 -0.142548 -1 1.80048e-08 -3.98311e-08 8.74228e-08 0.614213 -0.78914 -0.156434 0.68342 -0.713068 -0.309017 0.532568 -0.78796 -0.891007 0.254223 -0.376135 -0.809017 0.329145 -0.486986 -0.951057 0.173042 -0.256023 -0.987688 0.0875994 -0.129607 -1 2.44773e-08 -3.62153e-08 8.74228e-08 0.735724 -0.677282 -0.156434 0.794099 -0.587312 -0.309017 0.658073 -0.686621 -0.891007 0.314134 -0.327761 -0.809017 0.406711 -0.424355 -0.951057 0.213821 -0.223097 -0.987688 0.108243 -0.112939 -1 3.02456e-08 -3.15577e-08 8.74228e-08 0.837167 -0.546948 -0.156434 0.881932 -0.444661 -0.309017 0.764647 -0.56553 -0.809017 0.472578 -0.349517 -0.891007 0.365007 -0.269958 -0.951057 0.248449 -0.183752 -0.987688 0.125773 -0.0930211 -1 3.51438e-08 -2.59922e-08 8.74228e-08 0.915773 -0.401695 -0.156434 0.944395 -0.289218 -0.309017 0.849223 -0.428169 -0.809017 0.524849 -0.264623 -0.891007 0.40538 -0.204388 -0.951057 0.275929 -0.139121 -0.987688 0.139684 -0.0704274 -1 3.9031e-08 -1.9679e-08 8.74228e-08 0.9694 -0.245486 -0.156434 0.979689 -0.125454 -0.309017 0.909369 -0.278491 -0.891007 0.43409 -0.132939 -0.809017 0.562021 -0.172117 -0.951057 0.295472 -0.0904872 -0.987688 0.149577 -0.0458076 -1 4.17954e-08 -1.27997e-08 8.74228e-08 0.996584 -0.0825794 -0.156434 0.986798 0.0419185 -0.309017 0.943353 -0.120801 -0.809017 0.583024 -0.0746591 -0.891007 0.450313 -0.0576648 -0.951057 0.306514 -0.0392506 -0.987688 0.155167 -0.0198699 -1 4.33573e-08 -5.55212e-09 8.74228e-08 0.996584 0.0825794 -0.156434 0.96552 0.208085 -0.309017 0.9502 0.0403643 -0.809017 0.587256 0.0249462 -0.891007 0.453581 0.0192678 -0.951057 0.308738 0.0131151 -0.987688 0.156293 0.00663924 -1 4.3672e-08 1.85516e-09 8.74228e-08 0.9694 0.245486 -0.156434 0.916465 0.368266 -0.309017 0.92971 0.200368 -0.891007 0.443801 0.0956464 -0.951057 0.302081 0.0651035 -0.987688 0.152923 0.0329575 -1 4.27303e-08 9.20909e-09 8.74228e-08 0.915773 0.401695 -0.309017 0.882475 0.354607 -0.951057 0.286733 0.115219 -0.987688 0.145154 0.0583276 -1 4.05593e-08 1.62981e-08 8.74228e-08 0.614213 0.78914 -0.309017 0.809852 0.498646 -0.809017 0.441234 0.388335 -0.951057 0.263137 0.16202 -0.987688 0.133208 0.0820197 -1 3.72215e-08 2.29182e-08 -0.587785 0.607307 0.534497 -0.309017 0.713932 0.628339 -0.707107 0.530805 0.467168 -0.951057 0.23197 0.20416 -0.987688 0.117431 0.103352 -1 3.28129e-08 2.8879e-08 -0.707107 0.444219 0.550154 -0.309017 0.597473 0.739956 -0.809017 0.369258 0.457318 -0.891007 0.151242 0.428057 -1 2.74604e-08 3.4009e-08 8.74228e-08 0.475948 0.879474 -0.453991 0.434539 0.777861 -0.587785 0.394553 0.706283 -0.309017 0.463825 0.830286 -0.707107 0.344852 0.617314 -0.809017 0.28666 0.513145 -1 2.13178e-08 3.81606e-08 8.74228e-08 0.3247 0.945817 -0.587785 0.269516 0.762804 -0.707107 0.235565 0.666715 -0.809017 0.195815 0.554209 -1 1.4562e-08 4.12145e-08 -0.587785 0.136725 0.79738 -0.707107 0.119502 0.696936 -0.809017 0.0993362 0.57933 -0.891007 0.0767248 0.44746 -0.951057 0.0522241 0.304572 1 2.01531e-09 -1.17534e-08 0.987688 1.06701e-10 0.156435 1 3.17743e-23 -1.19249e-08 0.707107 -0.178175 -0.684291 0.587785 -0.203854 -0.782912 0.587785 -0.333235 -0.737199 1 3.97265e-09 -1.12437e-08 0.987688 -0.0264376 0.154184 0.809017 -0.28666 0.513145 0.707107 -0.235565 0.666715 0.809017 -0.195815 0.55421 1 5.8157e-09 -1.04106e-08 0.987688 -0.0521146 0.147499 0.809017 1.60367e-09 0.587785 0.891006 2.68614e-10 0.453991 0.891006 -0.0767248 0.44746 0.951056 -0.0522241 0.304572 0.951056 4.2155e-10 0.309017 0.809017 -0.0993362 0.579331 0.707107 1.39478e-09 0.707107 0.587785 9.57346e-10 0.809017 0.707107 -0.119502 0.696936 0.587785 -0.136725 0.79738 0.453991 -0.150581 0.87819 0.453991 3.51206e-10 0.891007 0.309017 5.18959e-09 0.951057 0.309017 -0.160729 0.937376 8.74228e-08 3.94504e-09 1 0.156434 -1.10369e-09 0.987688 0.156434 -0.16692 0.973481 0.809017 -0.369259 0.457318 0.707107 -0.344852 0.617314 0.809017 -0.441234 0.388335 0.707107 -0.444219 0.550154 0.809017 -0.500516 0.30818 0.707107 -0.530806 0.467168 0.707107 -0.602122 0.370741 0.809017 -0.5454 0.21916 0.809017 -0.574593 0.123834 0.707107 -0.656117 0.263649 0.707107 -0.691236 0.148973 0.809017 -0.587256 0.0249463 0.809017 -0.583025 -0.0746592 0.707107 -0.70647 0.0300104 0.809017 -0.562021 -0.172117 0.707107 -0.70138 -0.0898151 0.587785 -0.802464 -0.10276 0.587785 -0.808288 0.0343357 0.707107 -0.676112 -0.207057 0.587785 -0.773555 -0.236899 0.587785 -0.722392 -0.364222 0.707107 -0.631394 -0.318342 0.809017 -0.524849 -0.264623 0.707107 -0.568512 -0.420469 0.587785 -0.650447 -0.481068 0.809017 -0.472578 -0.349517 0.707107 -0.489275 -0.5105 0.587785 -0.55979 -0.584075 0.809017 -0.406712 -0.424355 0.587785 -0.453029 -0.670278 0.707107 -0.395962 -0.585845 0.809017 -0.329145 -0.486986 0.707107 -0.0599669 -0.704559 0.809017 0.0498478 -0.585668 0.707107 0.0599668 -0.704559 0.809017 -0.24211 -0.535607 0.707107 -0.291258 -0.644336 0.707107 0.395962 -0.585845 0.707107 0.291258 -0.644336 0.809017 0.329145 -0.486986 0.707107 0.178175 -0.684291 0.809017 0.148109 -0.568819 0.707107 0.568512 -0.420469 0.809017 0.524849 -0.264623 0.707107 0.631394 -0.318342 0.587785 0.650447 -0.481068 0.587785 0.55979 -0.584075 0.707107 0.70647 0.0300103 0.809017 0.574593 0.123834 0.707107 0.691236 0.148973 0.707107 0.676112 -0.207057 0.809017 0.562021 -0.172117 0.453991 0.758718 0.467161 0.453991 0.668854 0.588666 0.309017 0.809852 0.498646 0.587785 0.790859 0.170443 0.707107 0.656117 0.263649 0.587785 0.750678 0.301647 0.809017 0.5454 0.21916 0.891006 0.386586 0.238031 0.809017 0.500516 0.30818 0.809017 0.587256 0.0249462 0.891006 0.443801 0.0956464 1 -3.97265e-09 -1.12437e-08 0.987688 0.0521145 0.147499 0.987688 0.0762923 0.13657 0.987688 0.0982753 0.121712 1 -5.8157e-09 -1.04106e-08 0.951056 0.0522242 0.304572 0.987688 0.0264376 0.154184 1 -2.01531e-09 -1.17534e-08 0.809017 0.441234 0.388335 0.707107 0.530806 0.467167 0.707107 0.602122 0.370741 0.891006 0.340798 0.29994 0.156434 0.329038 0.931269 8.74228e-08 0.475947 0.879474 0.156434 0.481691 0.862266 0.587785 0.688902 0.424173 0.587785 0.607307 0.534497 0.156434 0.16692 0.973481 8.74228e-08 0.164595 0.986361 8.74228e-08 0.3247 0.945817 0.156434 0.620486 0.768457 0.309017 0.597473 0.739956 0.309017 0.463825 0.830286 0.453991 0.826755 0.332218 0.309017 0.882475 0.354607 0.707107 0.70138 -0.0898151 0.587785 0.808288 0.0343359 0.587785 0.802464 -0.102759 0.809017 0.583025 -0.0746592 0.587785 0.773555 -0.236899 0.587785 0.722392 -0.364222 0.707107 0.489275 -0.5105 0.809017 0.472578 -0.349517 0.587785 0.453029 -0.670278 0.809017 0.406712 -0.424355 0.809017 0.24211 -0.535607 0.587785 0.333235 -0.737199 0.587785 0.203855 -0.782912 0.587785 0.0686094 -0.806102 0.587785 -0.0686094 -0.806102 0.809017 -0.148109 -0.568819 0.809017 -0.0498477 -0.585668 1 8.95168e-09 -7.87847e-09 0.987688 -0.0982753 0.121712 1 7.49145e-09 -9.27798e-09 0.891006 -0.151242 0.428058 0.951056 -0.102946 0.291365 0.951056 -0.150706 0.269776 0.453991 -0.29683 0.84011 0.156434 -0.329038 0.931269 0.309017 -0.316835 0.89673 0.587785 -0.269516 0.762804 8.74228e-08 -0.164595 0.986361 0.987688 -0.0762923 0.13657 0.891006 -0.221409 0.39634 0.453991 -0.434539 0.777861 0.156434 -0.481691 0.862266 0.309017 -0.463825 0.830286 0.587785 -0.394553 0.706283 8.74228e-08 -0.324699 0.945817 8.74228e-08 -0.475947 0.879474 0.987688 -0.117431 0.103352 0.951056 -0.194131 0.240426 0.891006 -0.285206 0.353221 0.453991 -0.559748 0.693235 0.156434 -0.620486 0.768457 0.309017 -0.597473 0.739956 0.587785 -0.508241 0.629444 8.74228e-08 -0.614213 0.789141 1 1.01544e-08 -6.2523e-09 1 1.1065e-08 -4.44627e-09 1 1.16572e-08 -2.51232e-09 0.987688 -0.145154 0.0583276 0.891006 -0.386586 0.238031 0.951056 -0.263137 0.16202 0.951056 -0.286734 0.115219 0.951056 -0.231971 0.20416 0.891006 -0.340798 0.29994 0.453991 -0.668854 0.588665 0.156434 -0.74143 0.652541 0.309017 -0.713932 0.628339 0.587785 -0.607307 0.534497 8.74228e-08 -0.735724 0.677282 0.987688 -0.133209 0.0820198 1 1.14022e-08 3.49188e-09 1 1.0648e-08 5.36863e-09 0.987688 -0.149577 -0.0458076 0.453991 -0.758718 0.467161 0.156434 -0.841045 0.517852 0.309017 -0.809852 0.498646 0.587785 -0.688901 0.424173 8.74228e-08 -0.837166 0.546948 0.987688 -0.152923 0.0329575 0.891006 -0.421253 0.169273 0.453991 -0.826755 0.332218 0.156434 -0.916465 0.368266 0.309017 -0.882475 0.354608 0.587785 -0.750678 0.301647 8.74228e-08 -0.915773 0.401695 0.987688 -0.156294 0.00663927 1 1.19141e-08 -5.06106e-10 0.951056 -0.302081 0.0651035 0.891006 -0.443801 0.0956464 0.453991 -0.871008 0.187717 0.156434 -0.96552 0.208085 0.309017 -0.92971 0.200368 0.587785 -0.790859 0.170443 8.74228e-08 -0.9694 0.245485 0.987688 -0.155167 -0.01987 1 1.18283e-08 1.51467e-09 0.951056 -0.275929 -0.139121 0.951056 -0.248449 -0.183752 0.891006 -0.40538 -0.204388 0.951056 -0.308739 0.0131151 0.891006 -0.453582 0.0192679 0.453991 -0.890204 0.0378154 0.156434 -0.986798 0.0419186 0.309017 -0.9502 0.040364 8.74228e-08 -0.996584 0.0825792 0.951056 -0.306514 -0.0392507 0.891006 -0.450314 -0.0576649 0.453991 -0.88379 -0.113174 0.156434 -0.979689 -0.125454 0.309017 -0.943353 -0.120801 8.74228e-08 -0.996584 -0.0825793 1 -1.0113e-09 1.18819e-08 1 -3.00481e-09 1.15401e-08 0.987688 0.0132666 -0.155871 1 9.58757e-09 7.09093e-09 0.987688 -0.139684 -0.0704274 0.891006 -0.434091 -0.132939 0.951056 -0.295472 -0.0904872 0.453991 -0.851951 -0.260907 0.156434 -0.944395 -0.289218 0.309017 -0.909369 -0.278491 8.74228e-08 -0.9694 -0.245485 0.987688 -0.125773 -0.0930211 0.453991 -0.795603 -0.401134 0.156434 -0.881932 -0.444661 0.309017 -0.849223 -0.428169 8.74228e-08 -0.915773 -0.401695 1 8.25129e-09 8.60924e-09 0.987688 -0.108243 -0.112939 0.891006 -0.365007 -0.269958 0.309017 -0.764647 -0.56553 0.156434 -0.794099 -0.587312 0.453991 -0.716367 -0.529822 8.74228e-08 -0.837167 -0.546948 0.987688 -0.0875994 -0.129608 1 6.67763e-09 9.87988e-09 0.951056 0.127284 -0.281585 0.951056 0.173042 -0.256024 0.891006 0.186999 -0.413689 0.951056 -0.213821 -0.223097 0.891006 -0.314134 -0.327761 0.309017 -0.658073 -0.686621 0.156434 -0.68342 -0.713068 0.453991 -0.616522 -0.643268 8.74228e-08 -0.735724 -0.677282 1 4.91187e-09 1.08663e-08 0.987688 -0.0644356 -0.142548 0.951056 -0.173042 -0.256024 0.891006 -0.254223 -0.376136 0.309017 -0.532568 -0.78796 0.156434 -0.55308 -0.818309 0.453991 -0.498941 -0.738207 8.74228e-08 -0.614213 -0.789141 1 3.00481e-09 1.15401e-08 0.987688 -0.0394181 -0.151387 0.951056 -0.127285 -0.281585 0.891006 -0.186999 -0.413689 0.309017 -0.391741 -0.86663 0.156434 -0.40683 -0.90001 0.453991 -0.367007 -0.811911 8.74228e-08 -0.475947 -0.879474 1 1.0113e-09 1.18819e-08 0.987688 -0.0132666 -0.155871 0.951056 -0.0778655 -0.299046 0.891006 -0.114396 -0.439342 0.309017 -0.239645 -0.920369 0.156434 -0.248876 -0.955819 0.453991 -0.224514 -0.862256 8.74228e-08 -0.324699 -0.945817 0.951056 -0.0262065 -0.307904 0.891006 -0.0385011 -0.452355 0.309017 -0.0806552 -0.94763 0.156434 -0.0837618 -0.98413 0.453991 -0.0755626 -0.887797 8.74228e-08 -0.164595 -0.986361 0.987688 0.0644356 -0.142548 1 -4.91187e-09 1.08663e-08 1 -6.67763e-09 9.87988e-09 0.987688 0.0394181 -0.151387 0.891006 0.0385011 -0.452355 0.951056 0.0262065 -0.307904 0.309017 0.0806552 -0.94763 8.74228e-08 8.74228e-08 -1 0.156434 0.0837615 -0.98413 0.453991 0.0755628 -0.887797 1 -8.25129e-09 8.60924e-09 0.987688 0.0875994 -0.129608 0.951056 0.0778655 -0.299046 0.891006 0.114396 -0.439342 0.309017 0.239645 -0.920369 8.74228e-08 0.164595 -0.986361 0.156434 0.248876 -0.955819 0.453991 0.224514 -0.862256 1 -9.58757e-09 7.09093e-09 0.987688 0.108243 -0.112939 0.309017 0.391741 -0.86663 8.74228e-08 0.3247 -0.945817 0.156434 0.40683 -0.90001 0.453991 0.367007 -0.811911 0.891006 0.254223 -0.376136 0.309017 0.532568 -0.787959 8.74228e-08 0.475948 -0.879474 0.156434 0.55308 -0.818309 0.453991 0.498941 -0.738207 1 -1.0648e-08 5.36862e-09 1 -1.14022e-08 3.49188e-09 0.987688 0.139684 -0.0704274 0.951056 0.213821 -0.223097 0.891006 0.314134 -0.327761 0.309017 0.658073 -0.686621 8.74228e-08 0.614213 -0.789141 0.156434 0.68342 -0.713067 0.453991 0.616522 -0.643268 0.987688 0.125773 -0.0930212 0.987688 0.149577 -0.0458076 1 -1.18283e-08 1.51467e-09 0.951056 0.275929 -0.139121 0.951056 0.295472 -0.0904873 0.891006 0.40538 -0.204388 0.951056 0.248449 -0.183752 0.891006 0.365007 -0.269958 0.309017 0.764647 -0.56553 8.74228e-08 0.735724 -0.677282 0.156434 0.794099 -0.587312 0.453991 0.716367 -0.529822 1 -1.19141e-08 -5.0611e-10 1 -1.16572e-08 -2.51233e-09 0.987688 0.156294 0.00663924 0.309017 0.849223 -0.428169 8.74228e-08 0.837167 -0.546948 0.156434 0.881933 -0.444661 0.453991 0.795603 -0.401135 0.987688 0.155167 -0.01987 0.891006 0.434091 -0.132939 0.309017 0.909369 -0.278491 8.74228e-08 0.915773 -0.401696 0.156434 0.944395 -0.289218 0.453991 0.851951 -0.260907 1 -1.1065e-08 -4.44627e-09 0.987688 0.152923 0.0329575 0.951056 0.308739 0.013115 0.951056 0.302081 0.0651035 0.891006 0.453582 0.019268 0.951056 0.306514 -0.0392506 0.891006 0.450314 -0.0576651 0.453991 0.88379 -0.113174 0.309017 0.943353 -0.120801 8.74228e-08 0.9694 -0.245486 0.156434 0.979689 -0.125454 1 -8.95168e-09 -7.87847e-09 0.987688 0.133209 0.0820197 1 -1.01544e-08 -6.2523e-09 0.453991 0.890204 0.0378152 0.309017 0.9502 0.0403643 8.74228e-08 0.996584 -0.0825794 0.156434 0.986798 0.0419185 0.987688 0.145154 0.0583276 0.891006 0.421253 0.169273 0.453991 0.871008 0.187717 0.309017 0.92971 0.200368 8.74228e-08 0.996584 0.0825794 0.156434 0.96552 0.208085 0.951056 0.286734 0.115219 8.74228e-08 0.9694 0.245485 0.156434 0.916465 0.368266 1 -7.49145e-09 -9.27798e-09 0.987688 0.117431 0.103352 0.951056 0.263137 0.16202 8.74228e-08 0.915773 0.401695 0.156434 0.841045 0.517852 0.951056 0.231971 0.20416 0.453991 0.559748 0.693235 0.309017 0.713932 0.628339 8.74228e-08 0.837166 0.546948 0.156434 0.74143 0.652541 0.809017 0.28666 0.513145 0.891006 0.221409 0.39634 0.891006 0.151242 0.428058 0.891006 0.285206 0.353221 0.809017 0.369259 0.457318 0.951056 0.194131 0.240426 0.707107 0.444219 0.550154 0.587785 0.508241 0.629444 8.74228e-08 0.735724 0.677282 0.951056 0.150706 0.269776 0.707107 0.344852 0.617314 0.587785 0.394553 0.706283 0.453991 0.434539 0.777861 8.74228e-08 0.614213 0.789141 0.809017 0.195815 0.55421 0.951056 0.102946 0.291365 0.707107 0.235566 0.666715 0.587785 0.269516 0.762804 0.453991 0.29683 0.84011 0.309017 0.316835 0.89673 0.309017 0.160729 0.937376 0.891006 0.0767248 0.44746 0.809017 0.0993362 0.579331 0.707107 0.119502 0.696936 0.587785 0.136725 0.79738 0.453991 0.150581 0.87819 0 0.996584 -0.0825794 0 0.996584 -0.0825794 0 0.996584 0.0825794 0 -0.164595 0.986361 0 -8.74228e-08 1 0 -8.74228e-08 1 0 0.9694 -0.245485 0 0.9694 -0.245485 0 0.915773 -0.401695 0 0.915773 -0.401695 0 0.837166 -0.546948 0 0.837166 -0.546948 0 0.735724 -0.677282 0 0.735724 -0.677282 0 0.614213 -0.789141 0 0.614213 -0.789141 0 0.475947 -0.879474 0 0.475947 -0.879474 0 0.324699 -0.945817 0 0.324699 -0.945817 0 0.164595 -0.986361 0 0.164595 -0.986361 0 -1.37149e-11 -1 0 -2.03021e-27 -1 0 0.996584 0.0825792 0 0.9694 0.245485 0 0.9694 0.245485 0 0.915773 0.401695 0 0.915773 0.401695 0 0.837166 0.546948 0 0.837166 0.546948 0 0.735724 0.677282 0 0.735724 0.677282 0 0.614213 0.789141 0 0.614213 0.78914 0 0.475947 0.879474 0 0.475947 0.879474 0 0.3247 0.945817 0 0.324699 0.945817 0 0.164595 0.986361 0 0.164595 0.986361 0 -0.614213 0.78914 0 -0.475947 0.879474 0 -0.475947 0.879474 0 -0.324699 0.945817 0 -0.324699 0.945817 0 -0.164595 0.986361 0 -0.837167 0.546948 0 -0.837167 0.546948 0 -0.915773 0.401695 0 -0.614213 0.78914 0 -0.735724 0.677282 0 -0.735724 0.677282 0 -0.996584 0.0825794 0 -0.996584 -0.0825794 0 -0.996584 0.0825794 0 -0.9694 0.245486 0 -0.9694 0.245486 0 -0.915773 0.401695 0 -0.837166 -0.546948 0 -0.915773 -0.401695 0 -0.915773 -0.401695 0 -0.9694 -0.245485 0 -0.996584 -0.0825794 0 -0.9694 -0.245486 0 -0.614213 -0.789141 0 -0.735724 -0.677282 0 -0.614213 -0.78914 0 -0.837166 -0.546948 0 -0.735724 -0.677282 0 -0.475948 -0.879474 0 -0.475947 -0.879474 0 -0.3247 -0.945817 0 -0.324699 -0.945817 0 -0.164595 -0.986361 0 -0.164595 -0.986361 0 0.0848059 0.996397 0 -0.0848059 0.996397 0 -0.0848059 0.996397 0 -0.251978 0.967733 0 -0.251978 0.967733 0 -0.411901 0.911228 0 -0.411901 0.911228 0 -0.559975 0.82851 0 -0.559975 0.82851 0 -0.691939 0.721956 0 -0.691939 0.721956 0 -0.803997 0.594633 0 -0.803997 0.594633 0 -0.892926 0.450204 0 -0.892926 0.450204 0 -0.956167 0.292823 0 -0.956167 0.292823 0 -0.9919 0.127018 0 -0.9919 0.127018 0 -0.999099 -0.0424415 0 -0.999099 -0.042441 0 -0.977555 -0.210679 0 -0.977555 -0.210679 0 -0.927889 -0.372856 0 -0.927889 -0.372857 0 -0.851529 -0.524307 0 -0.851529 -0.524307 0 -0.750672 -0.660675 0 -0.750672 -0.660675 0 -0.62822 -0.778036 0 -0.62822 -0.778036 0 -0.487695 -0.873014 0 -0.487695 -0.873014 0 -0.33314 -0.942877 0 -0.33314 -0.942877 0 -0.169001 -0.985616 0 -0.169001 -0.985616 0 1.74846e-07 -1 0 -3.01992e-07 -1 0 0.0848059 0.996397 0 0.251978 0.967733 0 0.251978 0.967733 0 0.411901 0.911228 0 0.411901 0.911229 0 0.559975 0.82851 0 0.559975 0.82851 0 0.691939 0.721956 0 0.691939 0.721956 0 0.803997 0.594633 0 0.803997 0.594633 0 0.892926 0.450204 0 0.892926 0.450204 0 0.956167 0.292823 0 0.956167 0.292823 0 0.9919 0.127018 0 0.9919 0.127018 0 0.999099 -0.0424412 0 0.999099 -0.0424412 0 0.977555 -0.210679 0 0.977555 -0.210679 0 0.927889 -0.372857 0 0.927889 -0.372856 0 0.851529 -0.524307 0 0.851529 -0.524307 0 0.750672 -0.660675 0 0.750672 -0.660675 0 0.62822 -0.778036 0 0.62822 -0.778036 0 0.487695 -0.873014 0 0.487695 -0.873014 0 0.33314 -0.942877 0 0.33314 -0.942877 0 0.169001 -0.985616 0 0.169001 -0.985616 -0 -0.169001 -0.985616 0 6.78918e-23 -1 0 1.37186e-11 -1 -0 -0.62822 -0.778036 -0 -0.487695 -0.873014 -0 -0.487695 -0.873014 -0 -0.33314 -0.942877 -0 -0.169001 -0.985616 -0 -0.33314 -0.942877 -0 -0.851529 -0.524307 -0 -0.927889 -0.372856 -0 -0.851529 -0.524307 -0 -0.62822 -0.778036 -0 -0.750672 -0.660675 -0 -0.750672 -0.660675 -0 -0.999099 -0.0424412 -0 -0.999099 -0.0424412 0 -0.9919 0.127018 -0 -0.977555 -0.210679 -0 -0.927889 -0.372857 -0 -0.977555 -0.210679 0 -0.803997 0.594633 0 -0.892926 0.450204 0 -0.892926 0.450204 0 -0.956167 0.292823 0 -0.956167 0.292823 0 -0.9919 0.127018 0 -0.559975 0.82851 0 -0.411901 0.911229 0 -0.559975 0.82851 0 -0.803997 0.594633 0 -0.691939 0.721956 0 -0.691939 0.721956 0 -0.0848059 0.996397 0 -0.0848059 0.996397 0 0.0848059 0.996397 0 -0.251978 0.967733 0 -0.411901 0.911228 0 -0.251978 0.967733 0 0.559975 0.82851 0 0.411901 0.911228 0 0.411901 0.911228 0 0.251978 0.967733 0 0.251978 0.967733 0 0.0848059 0.996397 0 0.803997 0.594633 0 0.892926 0.450204 0 0.803997 0.594633 0 0.559975 0.82851 0 0.691939 0.721956 0 0.691939 0.721956 0 0.9919 0.127018 0 0.9919 0.127018 0 0.999099 -0.0424415 0 0.956167 0.292823 0 0.892926 0.450204 0 0.956167 0.292823 0 0.999099 -0.042441 0 0.977555 -0.210679 0 0.977555 -0.210679 0 0.927889 -0.372857 0 0.927889 -0.372856 0 0.851529 -0.524307 0 0.851529 -0.524307 0 0.750672 -0.660675 0 0.750672 -0.660675 0 0.62822 -0.778036 0 0.62822 -0.778036 0 0.487695 -0.873014 0 0.487695 -0.873014 0 0.33314 -0.942877 0 0.33314 -0.942877 0 0.169001 -0.985616 0 0.169001 -0.985616 0 0.996584 -0.0825794 0 0.996584 -0.0825794 0 0.996584 0.0825794 0 -0.164595 0.986361 0 -8.74228e-08 1 0 -8.74228e-08 1 0 0.9694 -0.245485 0 0.9694 -0.245485 0 0.915773 -0.401695 0 0.915773 -0.401695 0 0.837166 -0.546948 0 0.837166 -0.546948 0 0.735724 -0.677282 0 0.735724 -0.677282 0 0.614213 -0.789141 0 0.614213 -0.789141 0 0.475947 -0.879474 0 0.475947 -0.879474 0 0.324699 -0.945817 0 0.324699 -0.945817 0 0.164595 -0.986361 0 0.164595 -0.986361 0 -1.37149e-11 -1 0 0 -1 0 0.996584 0.0825792 0 0.9694 0.245485 0 0.9694 0.245485 0 0.915773 0.401695 0 0.915773 0.401695 0 0.837166 0.546948 0 0.837166 0.546948 0 0.735724 0.677282 0 0.735724 0.677282 0 0.614213 0.789141 0 0.614213 0.78914 0 0.475947 0.879474 0 0.475947 0.879474 0 0.3247 0.945817 0 0.324699 0.945817 0 0.164595 0.986361 0 0.164595 0.986361 0 -0.614213 0.78914 0 -0.475947 0.879474 0 -0.475947 0.879474 0 -0.324699 0.945817 0 -0.324699 0.945817 0 -0.164595 0.986361 0 -0.837167 0.546948 0 -0.837167 0.546948 0 -0.915773 0.401695 0 -0.614213 0.78914 0 -0.735724 0.677282 0 -0.735724 0.677282 0 -0.996584 0.0825794 0 -0.996584 -0.0825794 0 -0.996584 0.0825794 0 -0.9694 0.245486 0 -0.9694 0.245486 0 -0.915773 0.401695 0 -0.837166 -0.546948 0 -0.915773 -0.401695 0 -0.915773 -0.401695 0 -0.9694 -0.245485 0 -0.996584 -0.0825794 0 -0.9694 -0.245486 0 -0.614213 -0.789141 0 -0.735724 -0.677282 0 -0.614213 -0.78914 0 -0.837166 -0.546948 0 -0.735724 -0.677282 0 -0.475948 -0.879474 0 -0.475947 -0.879474 0 -0.3247 -0.945817 0 -0.324699 -0.945817 0 -0.164595 -0.986361 0 -0.164595 -0.986361 0 0.996584 -0.0825794 0 0.996584 -0.0825794 0 0.996584 0.0825794 0 -0.164595 0.986361 0 -8.74228e-08 1 0 -8.74228e-08 1 0 0.9694 -0.245485 0 0.9694 -0.245485 0 0.915773 -0.401695 0 0.915773 -0.401695 0 0.837166 -0.546948 0 0.837166 -0.546948 0 0.735724 -0.677282 0 0.735724 -0.677282 0 0.614213 -0.789141 0 0.614213 -0.789141 0 0.475947 -0.879474 0 0.475947 -0.879474 0 0.324699 -0.945817 0 0.324699 -0.945817 0 0.164595 -0.986361 0 0.164595 -0.986361 0 -1.37149e-11 -1 0 0 -1 0 0.996584 0.0825792 0 0.9694 0.245485 0 0.9694 0.245485 0 0.915773 0.401695 0 0.915773 0.401695 0 0.837166 0.546948 0 0.837166 0.546948 0 0.735724 0.677282 0 0.735724 0.677282 0 0.614213 0.789141 0 0.614213 0.78914 0 0.475947 0.879474 0 0.475947 0.879474 0 0.3247 0.945817 0 0.324699 0.945817 0 0.164595 0.986361 0 0.164595 0.986361 0 -0.614213 0.78914 0 -0.475947 0.879474 0 -0.475947 0.879474 0 -0.324699 0.945817 0 -0.324699 0.945817 0 -0.164595 0.986361 0 -0.837167 0.546948 0 -0.837167 0.546948 0 -0.915773 0.401695 0 -0.614213 0.78914 0 -0.735724 0.677282 0 -0.735724 0.677282 0 -0.996584 0.0825794 0 -0.996584 -0.0825794 0 -0.996584 0.0825794 0 -0.9694 0.245486 0 -0.9694 0.245486 0 -0.915773 0.401695 0 -0.837166 -0.546948 0 -0.915773 -0.401695 0 -0.915773 -0.401695 0 -0.9694 -0.245485 0 -0.996584 -0.0825794 0 -0.9694 -0.245486 0 -0.614213 -0.789141 0 -0.735724 -0.677282 0 -0.614213 -0.78914 0 -0.837166 -0.546948 0 -0.735724 -0.677282 0 -0.475948 -0.879474 0 -0.475947 -0.879474 0 -0.3247 -0.945817 0 -0.324699 -0.945817 0 -0.164595 -0.986361 0 -0.164595 -0.986361 0 0.996584 0.0825794 0 0.996584 -0.0825794 0 0.996584 -0.0825794 0 8.74228e-08 1 0 -0.164595 0.986361 0 8.74228e-08 1 0 0.9694 -0.245485 0 0.9694 -0.245486 0 0.915773 -0.401695 0 0.915773 -0.401695 0 0.837166 -0.546948 0 0.837166 -0.546948 0 0.735724 -0.677282 0 0.735724 -0.677282 0 0.614213 -0.78914 0 0.614213 -0.789141 0 0.475947 -0.879474 0 0.475948 -0.879474 0 0.324699 -0.945817 0 0.3247 -0.945817 0 0.164595 -0.986361 0 0.164595 -0.986361 -0 -1.74846e-07 -1 0 3.01992e-07 -1 0 0.996584 0.0825794 0 0.9694 0.245486 0 0.9694 0.245486 0 0.915773 0.401695 0 0.915773 0.401695 0 0.837167 0.546948 0 0.837167 0.546948 0 0.735724 0.677282 0 0.735724 0.677282 0 0.614213 0.78914 0 0.614213 0.78914 0 0.475947 0.879474 0 0.475947 0.879474 0 0.324699 0.945817 0 0.324699 0.945817 0 0.164595 0.986361 0 0.164595 0.986361 0 -0.3247 0.945817 0 -0.324699 0.945817 0 -0.164595 0.986361 0 -0.735724 0.677282 0 -0.735724 0.677282 0 -0.614213 0.789141 0 -0.475947 0.879474 0 -0.614213 0.78914 0 -0.475947 0.879474 0 -0.915773 0.401695 0 -0.9694 0.245485 0 -0.9694 0.245485 0 -0.837166 0.546948 0 -0.837166 0.546948 0 -0.915773 0.401695 -0 -0.9694 -0.245485 -0 -0.996584 -0.0825794 -0 -0.9694 -0.245485 -0 -0.996584 -0.0825794 0 -0.996584 0.0825792 0 -0.996584 0.0825794 -0 -0.735724 -0.677282 -0 -0.735724 -0.677282 -0 -0.837166 -0.546948 -0 -0.915773 -0.401695 -0 -0.837166 -0.546948 -0 -0.915773 -0.401695 -0 -0.475947 -0.879474 -0 -0.614213 -0.789141 -0 -0.614213 -0.789141 -0 -0.475947 -0.879474 -0 -0.324699 -0.945817 -0 -0.324699 -0.945817 -0 -0.164595 -0.986361 -0 -0.164595 -0.986361 0 0.0848059 0.996397 0 -0.0848059 0.996397 0 -0.0848059 0.996397 0 -0.251978 0.967733 0 -0.251978 0.967733 0 -0.411901 0.911228 0 -0.411901 0.911228 0 -0.559975 0.82851 0 -0.559975 0.82851 0 -0.691939 0.721956 0 -0.691939 0.721956 0 -0.803997 0.594633 0 -0.803997 0.594633 0 -0.892926 0.450204 0 -0.892926 0.450204 0 -0.956167 0.292823 0 -0.956167 0.292823 0 -0.9919 0.127018 0 -0.9919 0.127018 0 -0.999099 -0.0424415 0 -0.999099 -0.042441 0 -0.977555 -0.210679 0 -0.977555 -0.210679 0 -0.927889 -0.372856 0 -0.927889 -0.372857 0 -0.851529 -0.524307 0 -0.851529 -0.524307 0 -0.750672 -0.660675 0 -0.750672 -0.660675 0 -0.62822 -0.778036 0 -0.62822 -0.778036 0 -0.487695 -0.873014 0 -0.487695 -0.873014 0 -0.33314 -0.942877 0 -0.33314 -0.942877 0 -0.169001 -0.985616 0 -0.169001 -0.985616 0 1.74846e-07 -1 0 -3.01992e-07 -1 0 0.0848059 0.996397 0 0.251978 0.967733 0 0.251978 0.967733 0 0.411901 0.911228 0 0.411901 0.911229 0 0.559975 0.82851 0 0.559975 0.82851 0 0.691939 0.721956 0 0.691939 0.721956 0 0.803997 0.594633 0 0.803997 0.594633 0 0.892926 0.450204 0 0.892926 0.450204 0 0.956167 0.292823 0 0.956167 0.292823 0 0.9919 0.127018 0 0.9919 0.127018 0 0.999099 -0.0424412 0 0.999099 -0.0424412 0 0.977555 -0.210679 0 0.977555 -0.210679 0 0.927889 -0.372857 0 0.927889 -0.372856 0 0.851529 -0.524307 0 0.851529 -0.524307 0 0.750672 -0.660675 0 0.750672 -0.660675 0 0.62822 -0.778036 0 0.62822 -0.778036 0 0.487695 -0.873014 0 0.487695 -0.873014 0 0.33314 -0.942877 0 0.33314 -0.942877 0 0.169001 -0.985616 0 0.169001 -0.985616 0 0.0848059 0.996397 0 -0.0848059 0.996397 0 -0.0848059 0.996397 0 -0.251978 0.967733 0 -0.251978 0.967733 0 -0.411901 0.911228 0 -0.411901 0.911228 0 -0.559975 0.82851 0 -0.559975 0.82851 0 -0.691939 0.721956 0 -0.691939 0.721956 0 -0.803997 0.594633 0 -0.803997 0.594633 0 -0.892926 0.450204 0 -0.892926 0.450204 0 -0.956167 0.292823 0 -0.956167 0.292823 0 -0.9919 0.127018 0 -0.9919 0.127018 0 -0.999099 -0.0424415 0 -0.999099 -0.042441 0 -0.977555 -0.210679 0 -0.977555 -0.210679 0 -0.927889 -0.372856 0 -0.927889 -0.372857 0 -0.851529 -0.524307 0 -0.851529 -0.524307 0 -0.750672 -0.660675 0 -0.750672 -0.660675 0 -0.62822 -0.778036 0 -0.62822 -0.778036 0 -0.487695 -0.873014 0 -0.487695 -0.873014 0 -0.33314 -0.942877 0 -0.33314 -0.942877 0 -0.169001 -0.985616 0 -0.169001 -0.985616 0 1.74846e-07 -1 0 -3.01992e-07 -1 0 0.0848059 0.996397 0 0.251978 0.967733 0 0.251978 0.967733 0 0.411901 0.911228 0 0.411901 0.911229 0 0.559975 0.82851 0 0.559975 0.82851 0 0.691939 0.721956 0 0.691939 0.721956 0 0.803997 0.594633 0 0.803997 0.594633 0 0.892926 0.450204 0 0.892926 0.450204 0 0.956167 0.292823 0 0.956167 0.292823 0 0.9919 0.127018 0 0.9919 0.127018 0 0.999099 -0.0424412 0 0.999099 -0.0424412 0 0.977555 -0.210679 0 0.977555 -0.210679 0 0.927889 -0.372857 0 0.927889 -0.372856 0 0.851529 -0.524307 0 0.851529 -0.524307 0 0.750672 -0.660675 0 0.750672 -0.660675 0 0.62822 -0.778036 0 0.62822 -0.778036 0 0.487695 -0.873014 0 0.487695 -0.873014 0 0.33314 -0.942877 0 0.33314 -0.942877 0 0.169001 -0.985616 0 0.169001 -0.985616 0 0.996584 0.0825792 0 0.996584 -0.0825794 0 1 4.37114e-08 0 -0.164595 0.986361 0 -8.74228e-08 1 0 -0.173648 0.984808 0 0.984808 -0.173648 0 0.9694 -0.245485 0 0.915773 -0.401695 0 0.939693 -0.34202 0 0.837166 -0.546948 0 0.866025 -0.5 0 0.766044 -0.642788 0 0.735724 -0.677282 0 0.614213 -0.789141 0 0.642788 -0.766044 0 0.475947 -0.879474 0 0.5 -0.866025 0 0.34202 -0.939693 0 0.324699 -0.945817 0 0.164595 -0.986361 0 0.173648 -0.984808 0 -1.37153e-11 -1 0 -1.79155e-23 -1 0 0.984808 0.173648 0 0.9694 0.245485 0 0.939693 0.34202 0 0.915773 0.401695 0 0.837166 0.546948 0 0.866025 0.5 0 0.766044 0.642788 0 0.735724 0.677282 0 0.642788 0.766044 0 0.614213 0.78914 0 0.475947 0.879474 0 0.5 0.866025 0 0.34202 0.939693 0 0.324699 0.945817 0 0.173648 0.984808 0 0.164595 0.986361 0 -8.74228e-08 1 0 -0.642788 0.766044 0 -0.614213 0.78914 0 -0.5 0.866025 0 -0.34202 0.939693 0 -0.475947 0.879474 0 -0.324699 0.945817 0 -0.915773 0.401695 0 -0.866025 0.5 0 -0.939692 0.342021 0 -0.735724 0.677282 0 -0.766045 0.642788 0 -0.837167 0.546948 0 -1 -1.19249e-08 0 -0.984808 -0.173648 0 -0.996584 -0.0825794 0 -0.984808 0.173648 0 -0.996584 0.0825794 0 -0.9694 0.245486 0 -0.766044 -0.642788 0 -0.837166 -0.546948 0 -0.866025 -0.5 0 -0.915773 -0.401695 0 -0.9694 -0.245485 0 -0.939693 -0.34202 0 -0.5 -0.866026 0 -0.614213 -0.789141 0 -0.642788 -0.766044 0 -0.735724 -0.677282 0 -0.34202 -0.939693 0 -0.475947 -0.879474 0 -0.324699 -0.945817 0 -0.173648 -0.984808 0 -0.164595 -0.986361 0 -8.74228e-08 1 0 0.0848059 0.996397 0 -0.0848059 0.996397 0 -0.251978 0.967733 0 -0.173648 0.984808 0 -0.411901 0.911228 0 -0.34202 0.939693 0 -0.5 0.866025 0 -0.559975 0.82851 0 -0.691939 0.721956 0 -0.642788 0.766044 0 -0.803997 0.594633 0 -0.766045 0.642788 0 -0.866025 0.5 0 -0.892926 0.450204 0 -0.956167 0.292823 0 -0.939693 0.34202 0 -0.9919 0.127018 0 -0.984808 0.173648 0 -1 -1.19249e-08 0 -0.999099 -0.0424415 0 -0.977555 -0.210679 0 -0.984808 -0.173648 0 -0.927889 -0.372856 0 -0.939693 -0.34202 0 -0.866025 -0.5 0 -0.851529 -0.524307 0 -0.750672 -0.660675 0 -0.766044 -0.642788 0 -0.62822 -0.778036 0 -0.642787 -0.766045 0 -0.5 -0.866026 0 -0.487695 -0.873014 0 -0.33314 -0.942877 0 -0.34202 -0.939693 0 -0.169001 -0.985616 0 -0.173648 -0.984808 0 -3.01992e-07 -1 0 1.74846e-07 -1 0 0.173648 0.984808 0 0.251978 0.967733 0 0.34202 0.939693 0 0.411901 0.911229 0 0.559975 0.82851 0 0.5 0.866025 0 0.642788 0.766044 0 0.691939 0.721956 0 0.766044 0.642788 0 0.803997 0.594633 0 0.892926 0.450204 0 0.866026 0.5 0 0.939693 0.34202 0 0.956167 0.292823 0 0.984808 0.173648 0 0.9919 0.127018 0 0.999099 -0.0424412 0 1 4.37114e-08 0 0.984808 -0.173648 0 0.977555 -0.210679 0 0.939693 -0.34202 0 0.927889 -0.372856 0 0.851529 -0.524307 0 0.866025 -0.5 0 0.766044 -0.642788 0 0.750672 -0.660675 0 0.642788 -0.766044 0 0.62822 -0.778036 0 0.487695 -0.873014 0 0.5 -0.866025 0 0.34202 -0.939693 0 0.33314 -0.942877 0 0.173648 -0.984808 0 0.169001 -0.985616 0 0.33314 0.942877 0 0.169001 0.985616 0 0.33314 0.942877 0 -1.74846e-07 1 0 0.169001 0.985616 0 3.01992e-07 1 0 0.62822 0.778036 0 0.750672 0.660675 0 0.750672 0.660675 0 0.62822 0.778036 0 0.487695 0.873014 0 0.487695 0.873014 0 0.977555 0.210679 0 0.927889 0.372856 0 0.977555 0.210679 0 0.927889 0.372857 0 0.851529 0.524307 0 0.851529 0.524307 0 0.956167 -0.292823 0 0.956167 -0.292823 0 0.9919 -0.127018 0 0.999099 0.0424415 0 0.9919 -0.127018 0 0.999099 0.042441 0 0.803997 -0.594633 0 0.691939 -0.721956 0 0.691939 -0.721956 0 0.892926 -0.450204 0 0.892926 -0.450204 0 0.803997 -0.594633 0 0.251978 -0.967733 0 0.411901 -0.911228 0 0.251978 -0.967733 0 0.411901 -0.911228 0 0.559975 -0.82851 0 0.559975 -0.82851 -0 -0.251978 -0.967733 -0 -0.251978 -0.967733 -0 -0.0848059 -0.996397 0 0.0848059 -0.996397 -0 -0.0848059 -0.996397 0 0.0848059 -0.996397 -0 -0.559975 -0.82851 -0 -0.691939 -0.721956 -0 -0.691939 -0.721956 -0 -0.411901 -0.911228 -0 -0.411901 -0.911229 -0 -0.559975 -0.82851 -0 -0.956167 -0.292823 -0 -0.892926 -0.450204 -0 -0.956167 -0.292823 -0 -0.892926 -0.450204 -0 -0.803997 -0.594633 -0 -0.803997 -0.594633 0 -0.977555 0.210679 0 -0.999099 0.0424412 0 -0.999099 0.0424412 -0 -0.9919 -0.127018 -0 -0.9919 -0.127018 0 -0.977555 0.210679 0 -0.927889 0.372857 0 -0.927889 0.372856 0 -0.851529 0.524307 0 -0.750672 0.660675 0 -0.851529 0.524307 0 -0.750672 0.660675 0 -0.62822 0.778036 0 -0.62822 0.778036 0 -0.487695 0.873014 0 -0.33314 0.942877 0 -0.487695 0.873014 0 -0.33314 0.942877 0 -0.169001 0.985616 0 -0.169001 0.985616 0.707107 0.704692 -0.0583924 0.707107 0.704692 0.0583924 0.707107 0.704692 0.0583924 0.707107 -6.18172e-08 -0.707107 0.707107 -0.116386 -0.697463 0.707107 -0.116386 -0.697463 0.707107 0.68547 0.173584 0.707107 0.68547 0.173584 0.707107 0.64755 0.284042 0.707107 0.64755 0.284042 0.707107 0.591966 0.386751 0.707107 0.591966 0.386751 0.707107 0.520235 0.47891 0.707107 0.520235 0.47891 0.707107 0.434314 0.558007 0.707107 0.434314 0.558007 0.707107 0.336546 0.621882 0.707107 0.336546 0.621882 0.707107 0.229597 0.668794 0.707107 0.229597 0.668794 0.707107 0.116386 0.697463 0.707107 0.116386 0.697463 0.707107 4.98717e-11 0.707107 0.707107 -5.57508e-24 0.707107 0.707107 0.704692 -0.0583925 0.707107 0.68547 -0.173585 0.707107 0.68547 -0.173584 0.707107 0.64755 -0.284042 0.707107 0.591966 -0.386751 0.707107 0.64755 -0.284042 0.707107 0.591966 -0.386751 0.707107 0.520235 -0.47891 0.707107 0.520235 -0.47891 0.707107 0.434314 -0.558007 0.707107 0.336546 -0.621882 0.707107 0.434314 -0.558007 0.707107 0.336546 -0.621882 0.707107 0.229597 -0.668794 0.707107 0.229597 -0.668794 0.707107 0.116386 -0.697463 0.707107 1.0677e-07 -0.707107 0.707107 0.116386 -0.697463 0.707107 -0.336546 -0.621882 0.707107 -0.229597 -0.668794 0.707107 -0.229597 -0.668794 0.707107 -0.591966 -0.386751 0.707107 -0.520235 -0.47891 0.707107 -0.520235 -0.47891 0.707107 -0.434314 -0.558007 0.707107 -0.336546 -0.621882 0.707107 -0.434314 -0.558007 0.707107 -0.685469 -0.173585 0.707107 -0.685469 -0.173585 0.707107 -0.704692 -0.0583924 0.707107 -0.591966 -0.386751 0.707107 -0.64755 -0.284041 0.707107 -0.64755 -0.284041 0.707107 -0.685469 0.173585 0.707107 -0.64755 0.284041 0.707107 -0.68547 0.173584 0.707107 -0.704692 0.0583925 0.707107 -0.704692 0.0583925 0.707107 -0.704692 -0.0583924 0.707107 -0.434314 0.558007 0.707107 -0.520235 0.47891 0.707107 -0.520235 0.47891 0.707107 -0.591966 0.386751 0.707107 -0.64755 0.284041 0.707107 -0.591966 0.386751 0.707107 -0.434314 0.558006 0.707107 -0.336545 0.621882 0.707107 -0.336546 0.621882 0.707107 -0.229597 0.668794 0.707107 -0.116386 0.697463 0.707107 -0.229597 0.668794 0.707107 -0.116386 0.697463 0 -8.74228e-08 1 0 0.0848059 0.996397 0 -0.0848059 0.996397 0 0.164595 0.986361 0 0.251978 0.967733 0 0.411901 0.911229 0 0.324699 0.945817 0 0.475947 0.879474 0 0.559975 0.82851 0 0.614213 0.78914 0 0.691939 0.721956 0 0.803997 0.594633 0 0.735724 0.677282 0 0.837166 0.546948 0 0.892926 0.450204 0 0.915773 0.401695 0 0.956167 0.292823 0 0.9919 0.127018 0 0.9694 0.245485 0 0.996584 0.0825792 0 0.999099 -0.0424412 0 0.996584 -0.0825794 0 0.977555 -0.210679 0 0.9694 -0.245485 0 0.915773 -0.401695 0 0.927889 -0.372856 0 0.837166 -0.546948 0 0.851529 -0.524307 0 0.750672 -0.660675 0 0.735724 -0.677282 0 0.614213 -0.789141 0 0.62822 -0.778036 0 0.475947 -0.879474 0 0.487695 -0.873014 0 0.33314 -0.942877 0 0.324699 -0.945817 0 0.164595 -0.986361 0 0.169001 -0.985616 0 -1.37157e-11 -1 0 -3.58309e-23 -1 0 -0.164595 0.986361 0 -0.251978 0.967733 0 -0.324699 0.945817 0 -0.411901 0.911228 0 -0.475947 0.879474 0 -0.614213 0.78914 0 -0.559975 0.82851 0 -0.691939 0.721956 0 -0.735724 0.677282 0 -0.803997 0.594633 0 -0.837167 0.546948 0 -0.915773 0.401695 0 -0.892926 0.450204 0 -0.956167 0.292823 0 -0.9694 0.245486 0 -0.9919 0.127018 0 -0.996584 0.0825794 0 -0.996584 -0.0825794 0 -0.999099 -0.0424415 0 -0.977555 -0.210679 0 -0.9694 -0.245485 0 -0.927889 -0.372856 0 -0.915773 -0.401695 0 -0.837166 -0.546948 0 -0.851529 -0.524307 0 -0.750672 -0.660675 0 -0.735724 -0.677282 0 -0.62822 -0.778036 0 -0.614213 -0.789141 0 -0.475947 -0.879474 0 -0.487695 -0.873014 0 -0.33314 -0.942877 0 -0.324699 -0.945817 0 -0.169001 -0.985616 0 -0.164595 -0.986361 -0 -0.996584 -0.0825792 0 -0.999099 0.0424412 0 -0.996584 0.0825794 0 0.0848059 -0.996397 -0 -0.0848059 -0.996397 0 8.74228e-08 -1 0 -0.977555 0.210679 0 -0.9694 0.245485 0 -0.915773 0.401695 0 -0.927889 0.372856 0 -0.851529 0.524307 0 -0.837166 0.546948 0 -0.750672 0.660675 0 -0.735724 0.677282 0 -0.614213 0.789141 0 -0.62822 0.778036 0 -0.487695 0.873014 0 -0.475947 0.879474 0 -0.33314 0.942877 0 -0.324699 0.945817 0 -0.164595 0.986361 0 -0.169001 0.985616 0 8.4052e-26 1 0 1.37152e-11 1 -0 -0.9919 -0.127018 -0 -0.9694 -0.245485 -0 -0.956167 -0.292823 -0 -0.915773 -0.401695 -0 -0.892926 -0.450204 -0 -0.803997 -0.594633 -0 -0.837166 -0.546948 -0 -0.735724 -0.677282 -0 -0.691939 -0.721956 -0 -0.614213 -0.78914 -0 -0.559975 -0.82851 -0 -0.411901 -0.911229 -0 -0.475947 -0.879474 -0 -0.324699 -0.945817 -0 -0.251978 -0.967733 -0 -0.164595 -0.986361 0 0.559975 -0.82851 0 0.411901 -0.911228 0 0.475947 -0.879474 0 0.251978 -0.967733 0 0.164595 -0.986361 0 0.324699 -0.945817 0 0.837167 -0.546948 0 0.892926 -0.450204 0 0.803997 -0.594633 0 0.614213 -0.78914 0 0.735724 -0.677282 0 0.691939 -0.721956 0 0.9919 -0.127018 0 0.996584 -0.0825794 0 0.999099 0.0424415 0 0.956167 -0.292823 0 0.915773 -0.401695 0 0.9694 -0.245486 0 0.851529 0.524307 0 0.927889 0.372856 0 0.915773 0.401695 0 0.9694 0.245485 0 0.977555 0.210679 0 0.996584 0.0825794 0 0.614213 0.789141 0 0.62822 0.778036 0 0.735724 0.677282 0 0.837166 0.546948 0 0.750672 0.660675 0 0.487695 0.873014 0 0.475947 0.879474 0 0.324699 0.945817 0 0.33314 0.942877 0 0.164595 0.986361 0 0.169001 0.985616 -0.707107 -0.0599668 0.704559 -0.707107 0.0599669 0.704559 -0.707107 0.0599669 0.704559 -0.707107 0.178175 0.684291 -0.707107 0.178175 0.684291 -0.707107 0.291258 0.644336 -0.707107 0.291258 0.644336 -0.707107 0.395962 0.585845 -0.707107 0.395962 0.585845 -0.707107 0.489275 0.5105 -0.707107 0.489275 0.5105 -0.707107 0.568512 0.420469 -0.707107 0.568512 0.420469 -0.707107 0.631394 0.318342 -0.707107 0.631394 0.318342 -0.707107 0.676112 0.207057 -0.707107 0.676112 0.207057 -0.707107 0.70138 0.0898152 -0.707107 0.70138 0.0898151 -0.707107 0.70647 -0.0300105 -0.707107 0.70647 -0.0300105 -0.707107 0.691236 -0.148973 -0.707107 0.691236 -0.148973 -0.707107 0.656117 -0.263649 -0.707107 0.656117 -0.263649 -0.707107 0.602122 -0.370741 -0.707107 0.602122 -0.370741 -0.707107 0.530805 -0.467168 -0.707107 0.530805 -0.467168 -0.707107 0.444219 -0.550154 -0.707107 0.444219 -0.550154 -0.707107 0.344852 -0.617314 -0.707107 0.344852 -0.617314 -0.707107 0.235565 -0.666715 -0.707107 0.235565 -0.666715 -0.707107 0.119502 -0.696936 -0.707107 0.119502 -0.696936 -0.707107 4.98695e-11 -0.707107 -0.707107 2.84375e-23 -0.707107 -0.707107 -0.0599668 0.704559 -0.707107 -0.178175 0.684291 -0.707107 -0.178175 0.684291 -0.707107 -0.291258 0.644336 -0.707107 -0.395962 0.585845 -0.707107 -0.291258 0.644336 -0.707107 -0.395962 0.585845 -0.707107 -0.489275 0.5105 -0.707107 -0.489275 0.5105 -0.707107 -0.568512 0.420469 -0.707107 -0.631394 0.318342 -0.707107 -0.568512 0.420469 -0.707107 -0.631394 0.318342 -0.707107 -0.676112 0.207057 -0.707107 -0.676112 0.207057 -0.707107 -0.70138 0.0898151 -0.707107 -0.70647 -0.0300103 -0.707107 -0.70138 0.0898151 -0.707107 -0.70647 -0.0300107 -0.707107 -0.691236 -0.148973 -0.707107 -0.691236 -0.148973 -0.707107 -0.656117 -0.263649 -0.707107 -0.602122 -0.370741 -0.707107 -0.656117 -0.263649 -0.707107 -0.602122 -0.370741 -0.707107 -0.530806 -0.467167 -0.707107 -0.530805 -0.467168 -0.707107 -0.444218 -0.550155 -0.707107 -0.344852 -0.617314 -0.707107 -0.444219 -0.550154 -0.707107 -0.344852 -0.617314 -0.707107 -0.235566 -0.666715 -0.707107 -0.235566 -0.666715 -0.707107 -0.119502 -0.696936 -0.707107 -0.119502 -0.696936 0 0.996584 0.0825792 0 0.996584 -0.0825794 0 0.999099 -0.0424412 0 -0.0848059 0.996397 0 -8.74228e-08 1 0 0.0848059 0.996397 0 0.977555 -0.210679 0 0.9694 -0.245485 0 0.915773 -0.401695 0 0.927889 -0.372856 0 0.837166 -0.546948 0 0.851529 -0.524307 0 0.750672 -0.660675 0 0.735724 -0.677282 0 0.614213 -0.789141 0 0.62822 -0.778036 0 0.475947 -0.879474 0 0.487695 -0.873014 0 0.33314 -0.942877 0 0.324699 -0.945817 0 0.164595 -0.986361 0 0.169001 -0.985616 0 -1.37152e-11 -1 0 -8.4052e-26 -1 0 0.9919 0.127018 0 0.956167 0.292823 0 0.9694 0.245485 0 0.915773 0.401695 0 0.892926 0.450204 0 0.803997 0.594633 0 0.837166 0.546948 0 0.691939 0.721956 0 0.735724 0.677282 0 0.614213 0.78914 0 0.559975 0.82851 0 0.411901 0.911229 0 0.475947 0.879474 0 0.251978 0.967733 0 0.324699 0.945817 0 0.164595 0.986361 0 -0.559975 0.82851 0 -0.475947 0.879474 0 -0.411901 0.911228 0 -0.251978 0.967733 0 -0.324699 0.945817 0 -0.164595 0.986361 0 -0.837167 0.546948 0 -0.803997 0.594633 0 -0.892926 0.450204 0 -0.614213 0.78914 0 -0.691939 0.721956 0 -0.735724 0.677282 0 -0.9919 0.127018 0 -0.999099 -0.0424415 0 -0.996584 0.0825794 0 -0.956167 0.292823 0 -0.9694 0.245486 0 -0.915773 0.401695 0 -0.851529 -0.524307 0 -0.915773 -0.401695 0 -0.927889 -0.372856 0 -0.9694 -0.245485 0 -0.996584 -0.0825794 0 -0.977555 -0.210679 0 -0.614213 -0.789141 0 -0.735724 -0.677282 0 -0.62822 -0.778036 0 -0.837166 -0.546948 0 -0.750672 -0.660675 0 -0.487695 -0.873014 0 -0.475947 -0.879474 0 -0.33314 -0.942877 0 -0.324699 -0.945817 0 -0.164595 -0.986361 0 -0.169001 -0.985616</float_array>
          <technique_common>
            <accessor count="4194" source="#ID7" stride="3">
              <param name="X" type="float"/>
              <param name="Y" type="float"/>
              <param name="Z" type="float"/>
            </accessor>
          </technique_common>
        </source>
        <vertices id="ID8">
          <input semantic="POSITION" source="#ID4"/>
          <input semantic="NORMAL" source="#ID6"/>
        </vertices>
        <triangles count="3038" material="ID9">
          <input offset="0" semantic="VERTEX" source="#ID8"/>
          <p>840 841 842 843 844 845 844 846 847 845 848 849 850 851 847 852 853 854 855 856 851 857 858 859 860 861 856 862 863 864 865 861 866 867 868 869 870 871 872 873 874 875 876 877 878 879 880 881 882 883 884 884 885 886 887 888 878 887 883 889 890 880 891 892 891 885 877 893 894 895 879 896 897 875 894 898 899 874 867 895 900 869 901 902 903 899 870 853 849 854 902 904 840 905 842 906 862 907 863 908 865 909 906 908 910 862 864 911 911 912 913 907 872 871 863 907 871 872 903 870 903 874 899 898 874 873 873 875 897 897 894 893 893 877 876 876 878 888 888 887 889 889 883 882 882 884 886 886 885 891 892 890 891 890 881 880 881 896 879 896 900 895 900 868 867 868 901 869 901 904 902 904 841 840 841 906 842 905 906 910 910 908 909 909 865 866 866 861 860 860 856 855 855 851 850 850 847 846 846 844 843 843 845 849 848 854 849 853 852 857 858 913 859 852 858 857 911 864 912 913 912 859 914 915 916 917 918 919 919 920 921 918 922 923 924 920 925 926 927 928 929 925 930 931 932 933 934 930 935 936 937 938 939 940 935 941 942 943 944 945 946 947 948 949 950 951 952 953 954 955 956 957 958 957 959 960 961 951 962 961 963 958 964 965 955 966 960 965 952 967 968 969 970 953 971 967 948 972 949 973 941 974 969 942 975 976 977 944 973 928 927 922 975 914 978 979 980 915 936 938 981 982 983 939 980 984 982 936 985 937 985 986 987 981 946 945 938 946 981 945 944 977 977 973 949 972 947 949 947 971 948 971 968 967 968 950 952 950 962 951 962 963 961 963 956 958 956 959 957 959 965 960 966 965 964 964 955 954 954 953 970 970 969 974 974 941 943 943 942 976 976 975 978 978 914 916 916 915 980 979 984 980 984 983 982 983 940 939 940 934 935 934 929 930 929 924 925 924 921 920 921 917 919 917 922 918 923 922 927 928 931 926 933 932 986 926 931 933 985 987 937 986 932 987 1366 1367 1368 1369 1370 1371 1372 1373 1368 1374 1375 1376 1372 1377 1378 1367 1366 1374 1379 1377 1380 1366 1368 1373 1381 1382 1380 1378 1373 1372 1381 1383 1384 1377 1379 1378 1385 1383 1386 1379 1380 1382 1387 1385 1388 1382 1381 1384 1389 1385 1386 1384 1387 1390 1391 1392 1393 1386 1393 1389 1374 1376 1367 1394 1395 1375 1395 1376 1375 1396 1394 1397 1394 1396 1395 1398 1399 1397 1396 1397 1399 1398 1400 1401 1401 1399 1398 1402 1400 1403 1400 1402 1401 1404 1405 1403 1402 1403 1405 1404 1406 1407 1405 1407 1408 1409 1410 1406 1411 1407 1410 1409 1412 1413 1413 1414 1410 1369 1412 1415 1416 1417 1418 1419 1370 1415 1420 1421 1422 1423 1424 1417 1425 1426 1427 1428 1421 1429 1430 1431 1432 1425 1433 1434 1435 1436 1432 1437 1438 1432 1439 1440 1441 1442 1435 1441 1392 1443 1393 1444 1443 1445 1389 1393 1446 1445 1439 1444 1447 1388 1389 1389 1446 1447 1448 1446 1444 1449 1448 1439 1431 1450 1435 1449 1441 1450 1451 1452 1425 1438 1453 1451 1427 1454 1451 1454 1430 1438 1421 1455 1456 1455 1434 1457 1455 1420 1458 1434 1458 1426 1459 1417 1460 1461 1460 1428 1462 1460 1416 1422 1428 1462 1463 1464 1370 1424 1465 1463 1419 1466 1463 1466 1418 1424 1467 1413 1369 1386 1391 1393 1388 1385 1389 1385 1384 1383 1468 1391 1386 1387 1384 1385 1382 1390 1469 1470 1468 1383 1386 1383 1468 1390 1382 1384 1379 1469 1471 1472 1470 1381 1383 1381 1470 1469 1379 1382 1378 1471 1473 1474 1472 1380 1381 1380 1472 1471 1378 1379 1373 1473 1475 1476 1474 1377 1380 1377 1474 1473 1373 1378 1366 1475 1477 1478 1476 1372 1377 1372 1476 1475 1366 1373 1374 1477 1479 1480 1478 1368 1372 1368 1478 1477 1374 1366 1375 1479 1481 1482 1480 1367 1368 1367 1480 1479 1375 1374 1394 1481 1483 1484 1482 1376 1367 1376 1482 1481 1394 1375 1397 1483 1485 1486 1484 1395 1376 1395 1484 1483 1397 1394 1398 1485 1487 1488 1486 1396 1395 1396 1486 1485 1398 1397 1400 1487 1489 1490 1488 1399 1396 1399 1488 1487 1400 1398 1403 1489 1491 1492 1490 1401 1399 1401 1490 1489 1403 1400 1404 1491 1493 1494 1492 1402 1401 1402 1492 1491 1404 1403 1406 1493 1495 1408 1494 1405 1402 1405 1494 1493 1406 1404 1409 1495 1496 1408 1407 1411 1404 1407 1405 1495 1409 1406 1412 1496 1497 1411 1410 1414 1406 1410 1407 1496 1412 1409 1415 1497 1498 1414 1413 1467 1409 1413 1410 1497 1415 1412 1419 1498 1499 1467 1369 1371 1412 1369 1413 1498 1419 1415 1466 1499 1500 1371 1370 1464 1415 1370 1369 1499 1466 1419 1418 1500 1501 1464 1463 1465 1419 1463 1370 1500 1418 1466 1416 1501 1502 1465 1424 1423 1466 1424 1463 1501 1416 1418 1462 1502 1503 1423 1417 1459 1418 1417 1424 1502 1462 1416 1422 1503 1504 1459 1460 1461 1416 1460 1417 1503 1422 1462 1420 1504 1505 1461 1428 1429 1462 1428 1460 1504 1420 1422 1458 1505 1506 1429 1421 1456 1422 1421 1428 1505 1458 1420 1426 1506 1507 1456 1455 1457 1420 1455 1421 1506 1426 1458 1427 1507 1508 1457 1434 1433 1458 1434 1455 1507 1427 1426 1454 1508 1509 1433 1425 1452 1426 1425 1434 1508 1454 1427 1430 1509 1510 1452 1451 1453 1427 1451 1425 1509 1430 1454 1431 1510 1511 1453 1438 1437 1454 1438 1451 1510 1431 1430 1450 1511 1512 1437 1432 1436 1430 1432 1438 1511 1450 1431 1449 1512 1513 1436 1435 1442 1431 1435 1432 1512 1449 1450 1448 1513 1514 1442 1441 1440 1450 1441 1435 1513 1448 1449 1447 1446 1514 1440 1439 1445 1449 1439 1441 1514 1446 1448 1448 1444 1439 1393 1443 1444 1446 1393 1444 1515 1516 1517 1518 1519 1520 1521 1522 1515 1523 1521 1517 1522 1524 1525 1521 1526 1524 1527 1525 1528 1528 1524 1529 1530 1531 1527 1532 1530 1528 1531 1533 1534 1530 1535 1533 1536 1534 1537 1537 1533 1538 1539 1540 1536 1541 1539 1537 1540 1542 1543 1539 1544 1542 1545 1543 1546 1546 1542 1547 1548 1549 1545 1550 1548 1546 1551 1552 1549 1548 1553 1551 1554 1555 1556 1557 1558 1559 1560 1561 1562 1559 1558 1561 1558 1557 1563 1564 1565 1566 1551 1567 1568 1560 1562 1549 1569 1567 1570 1552 1551 1568 1571 1572 1573 1569 1568 1567 1574 1519 1571 1570 1573 1572 1516 1575 1576 1517 1576 1577 1578 1575 1579 1580 1576 1578 1581 1582 1579 1582 1583 1578 1582 1584 1585 1584 1586 1587 1581 1588 1584 1589 1586 1590 1586 1588 1591 1592 1593 1590 1594 1590 1591 1592 1595 1596 1594 1597 1592 1598 1595 1599 1595 1597 1600 1601 1602 1599 1603 1599 1600 1601 1604 1605 1603 1606 1601 1607 1604 1608 1604 1606 1609 1610 1611 1608 1612 1608 1609 1610 1613 1614 1612 1615 1610 1616 1613 1617 1613 1615 1618 1619 1620 1617 1621 1617 1618 1619 1622 1623 1621 1624 1619 1625 1622 1626 1622 1624 1627 1628 1629 1630 1631 1632 1633 1554 1634 1635 1556 1636 1637 1636 1638 1639 1561 1638 1640 1627 1641 1626 1560 1638 1561 1640 1559 1561 1632 1641 1642 1626 1632 1643 1644 1631 1645 1644 1646 1647 1648 1646 1649 1650 1649 1646 1558 1562 1561 1565 1563 1557 1651 1652 1653 1549 1552 1560 1654 1566 1655 1553 1656 1567 1562 1657 1545 1658 1573 1570 1548 1551 1549 1553 1567 1551 1571 1573 1574 1569 1570 1572 1658 1570 1656 1659 1574 1573 1558 1657 1562 1657 1558 1563 1566 1654 1564 1545 1549 1562 1657 1563 1660 1550 1661 1553 1657 1660 1543 1662 1658 1656 1546 1548 1545 1553 1548 1550 1573 1658 1659 1567 1656 1570 1662 1656 1661 1663 1659 1658 1563 1564 1660 1564 1563 1565 1655 1664 1654 1543 1545 1657 1665 1660 1564 1547 1666 1550 1665 1540 1660 1667 1662 1661 1546 1543 1542 1547 1550 1546 1658 1662 1663 1553 1661 1656 1667 1661 1666 1668 1663 1662 1654 1665 1564 1652 1664 1655 1669 1670 1671 1540 1543 1660 1672 1653 1669 1673 1547 1544 1665 1674 1536 1666 1675 1667 1542 1540 1539 1547 1542 1544 1667 1676 1668 1550 1666 1661 1666 1673 1675 1668 1662 1667 1654 1674 1665 1664 1674 1654 1670 1677 1678 1536 1540 1665 1679 1674 1664 1680 1544 1541 1679 1534 1674 1675 1673 1681 1537 1539 1536 1544 1539 1541 1675 1682 1676 1547 1673 1666 1673 1680 1681 1676 1667 1675 1664 1651 1679 1651 1664 1652 1683 1684 1677 1534 1536 1674 1685 1679 1651 1538 1686 1541 1685 1531 1679 1681 1680 1687 1533 1537 1534 1538 1541 1537 1675 1681 1682 1544 1680 1673 1680 1686 1687 1688 1682 1681 1651 1672 1685 1672 1651 1653 1670 1678 1671 1531 1534 1679 1685 1672 1689 1535 1690 1538 1685 1689 1527 1691 1687 1686 1530 1533 1531 1538 1533 1535 1687 1688 1681 1541 1686 1680 1691 1686 1690 1692 1688 1687 1672 1671 1689 1671 1672 1669 1677 1684 1678 1527 1531 1685 1693 1683 1694 1532 1695 1535 1689 1696 1525 1691 1690 1697 1528 1530 1527 1535 1530 1532 1687 1691 1692 1538 1690 1686 1697 1690 1695 1698 1692 1691 1671 1696 1689 1678 1696 1671 1699 1700 1701 1525 1527 1689 1702 1694 1699 1529 1703 1532 1696 1704 1522 1697 1695 1705 1524 1528 1525 1532 1528 1529 1691 1697 1698 1535 1695 1690 1705 1695 1703 1706 1698 1697 1678 1704 1696 1684 1704 1678 1694 1702 1693 1522 1525 1696 1707 1704 1684 1526 1708 1529 1704 1707 1515 1705 1703 1709 1521 1524 1522 1526 1529 1524 1697 1705 1706 1532 1703 1695 1703 1708 1709 1710 1706 1705 1684 1693 1707 1693 1684 1683 1711 1712 1713 1515 1522 1704 1714 1700 1713 1523 1715 1526 1716 1516 1707 1717 1709 1708 1517 1521 1515 1523 1526 1521 1709 1710 1705 1529 1708 1703 1717 1708 1715 1718 1710 1709 1693 1716 1707 1702 1716 1693 1700 1714 1701 1516 1515 1707 1719 1716 1702 1577 1720 1523 1716 1719 1575 1721 1717 1715 1576 1517 1516 1577 1523 1517 1709 1717 1718 1526 1715 1708 1715 1720 1721 1722 1718 1717 1702 1701 1719 1701 1702 1699 1723 1724 1725 1575 1516 1716 1726 1711 1725 1580 1727 1577 1719 1728 1579 1729 1721 1720 1578 1576 1575 1580 1577 1576 1721 1722 1717 1523 1720 1715 1729 1720 1727 1730 1722 1721 1701 1728 1719 1728 1701 1714 1711 1726 1712 1579 1575 1719 1731 1728 1714 1583 1732 1580 1728 1731 1581 1733 1729 1727 1582 1578 1579 1580 1578 1583 1721 1729 1730 1577 1727 1720 1727 1732 1733 1734 1730 1729 1714 1712 1731 1712 1714 1713 1735 1736 1737 1581 1579 1728 1738 1723 1739 1585 1740 1583 1731 1741 1588 1733 1732 1742 1584 1582 1581 1585 1583 1582 1733 1734 1729 1580 1732 1727 1742 1732 1740 1743 1734 1733 1712 1741 1731 1741 1712 1726 1723 1738 1724 1588 1581 1731 1744 1741 1726 1587 1745 1585 1741 1744 1591 1740 1746 1742 1586 1584 1588 1585 1584 1587 1733 1742 1743 1583 1740 1732 1746 1740 1745 1747 1743 1742 1726 1724 1744 1724 1726 1725 1739 1748 1738 1591 1588 1741 1749 1744 1724 1589 1750 1587 1744 1749 1594 1746 1745 1751 1590 1586 1591 1589 1587 1586 1746 1752 1747 1585 1745 1740 1745 1750 1751 1747 1742 1746 1738 1749 1724 1737 1748 1739 1753 1754 1755 1594 1591 1744 1756 1749 1738 1593 1757 1589 1756 1597 1749 1750 1758 1751 1590 1594 1592 1589 1590 1593 1746 1751 1752 1587 1750 1745 1758 1750 1757 1759 1752 1751 1748 1756 1738 1760 1735 1761 1735 1760 1736 1597 1594 1749 1756 1748 1762 1763 1593 1596 1756 1762 1600 1764 1758 1757 1592 1597 1595 1593 1592 1596 1758 1765 1759 1589 1757 1750 1757 1763 1764 1759 1751 1758 1748 1736 1762 1736 1748 1737 1761 1766 1760 1600 1597 1756 1767 1762 1736 1768 1596 1598 1767 1603 1762 1764 1763 1769 1599 1595 1600 1596 1595 1598 1764 1770 1765 1593 1763 1757 1763 1768 1769 1765 1758 1764 1760 1767 1736 1753 1766 1761 1753 1755 1766 1603 1600 1762 1771 1767 1760 1602 1772 1598 1771 1606 1767 1769 1768 1773 1599 1603 1601 1602 1598 1599 1764 1769 1770 1596 1768 1763 1768 1772 1773 1774 1770 1769 1771 1760 1766 1775 1754 1776 1777 1778 1779 1606 1603 1767 1780 1776 1781 1782 1602 1605 1771 1783 1609 1772 1784 1773 1601 1606 1604 1605 1602 1601 1773 1774 1769 1598 1772 1768 1772 1782 1784 1785 1774 1773 1766 1783 1771 1755 1783 1766 1776 1780 1775 1609 1606 1771 1783 1755 1786 1787 1605 1607 1786 1612 1783 1788 1784 1782 1608 1604 1609 1605 1604 1607 1789 1785 1784 1602 1782 1772 1782 1787 1788 1785 1773 1784 1755 1775 1786 1775 1755 1754 1781 1790 1780 1612 1609 1783 1791 1786 1775 1611 1792 1607 1791 1615 1786 1788 1787 1793 1610 1608 1612 1607 1608 1611 1784 1788 1789 1605 1787 1782 1787 1792 1793 1794 1789 1788 1780 1791 1775 1777 1790 1781 1795 1796 1797 1615 1612 1786 1798 1778 1797 1614 1799 1611 1791 1800 1618 1801 1793 1792 1610 1615 1613 1614 1611 1610 1793 1794 1788 1607 1792 1787 1792 1799 1801 1802 1794 1793 1780 1800 1791 1800 1780 1790 1803 1804 1805 1618 1615 1791 1800 1790 1806 1807 1614 1616 1800 1806 1621 1799 1808 1801 1613 1618 1617 1614 1613 1616 1809 1802 1801 1611 1799 1792 1799 1807 1808 1802 1793 1801 1790 1779 1806 1779 1790 1777 1797 1796 1798 1621 1618 1800 1806 1779 1810 1811 1616 1620 1810 1624 1806 1808 1807 1812 1619 1617 1621 1616 1617 1620 1808 1813 1809 1614 1807 1799 1807 1811 1812 1809 1801 1808 1779 1798 1810 1798 1779 1778 1795 1814 1796 1624 1621 1806 1815 1810 1798 1623 1816 1620 1815 1627 1810 1812 1811 1817 1622 1619 1624 1620 1619 1623 1808 1812 1813 1616 1811 1807 1811 1816 1817 1818 1813 1812 1796 1815 1798 1803 1814 1795 1555 1819 1556 1627 1624 1810 1634 1804 1635 1625 1820 1623 1815 1821 1641 1822 1817 1816 1622 1627 1626 1625 1623 1622 1817 1818 1812 1620 1816 1811 1816 1820 1822 1823 1818 1817 1796 1821 1815 1821 1796 1814 1804 1634 1805 1641 1627 1815 1821 1814 1824 1825 1625 1643 1821 1642 1641 1820 1826 1822 1626 1641 1632 1625 1626 1643 1827 1823 1822 1623 1820 1816 1820 1825 1826 1823 1817 1822 1814 1805 1824 1805 1814 1803 1630 1633 1642 1824 1642 1821 1805 1828 1824 1829 1643 1631 1642 1824 1630 1826 1825 1830 1632 1642 1633 1643 1632 1631 1826 1831 1827 1625 1825 1820 1825 1829 1830 1827 1822 1826 1634 1828 1805 1555 1554 1635 1645 1633 1629 1828 1630 1824 1832 1828 1634 1833 1834 1835 1628 1630 1828 1830 1829 1647 1630 1629 1633 1645 1631 1633 1826 1830 1831 1643 1829 1825 1829 1644 1647 1836 1831 1830 1832 1634 1554 1837 1636 1819 1628 1838 1839 1832 1628 1828 1554 1840 1832 1629 1839 1833 1832 1838 1628 1645 1833 1650 1629 1628 1839 1645 1629 1833 1647 1836 1830 1631 1644 1829 1644 1650 1646 1841 1836 1647 1556 1840 1554 1842 1843 1637 1843 1838 1840 1840 1838 1832 1840 1637 1843 1844 1839 1838 1838 1843 1844 1834 1833 1839 1839 1844 1834 1833 1835 1650 1648 1841 1646 1645 1650 1644 1650 1835 1649 1841 1647 1646 1819 1636 1556 1638 1837 1640 1844 1843 1845 1556 1637 1840 1637 1639 1842 1834 1844 1846 1843 1842 1845 1835 1834 1847 1844 1845 1846 1649 1835 1518 1834 1846 1847 1649 1518 1520 1835 1847 1518 1520 1648 1649 1837 1638 1636 1636 1639 1637 1560 1552 1639 1638 1560 1639 1552 1568 1842 1639 1552 1842 1568 1569 1845 1842 1568 1845 1569 1572 1846 1845 1569 1846 1572 1571 1847 1846 1572 1847 1519 1518 1571 1847 1571 1518 1848 1849 1850 1851 1852 1850 1853 1854 1855 1851 1856 1857 1854 1858 1859 1860 1856 1861 1862 1859 1863 1864 1865 1861 1866 1867 1862 1864 1868 1869 1867 1870 1871 1872 1868 1873 1874 1871 1875 1876 1877 1873 1874 1878 1879 1876 1880 1881 1882 1883 1884 1885 1880 1886 1887 1888 1879 1889 1890 1886 1888 1891 1892 1893 1894 1895 1895 1892 1896 1897 1898 1899 1900 1901 1902 1903 1904 1902 1901 1905 1903 1897 1899 1904 1901 1903 1902 1898 1889 1906 1904 1903 1897 1907 1908 1894 1899 1898 1906 1893 1909 1907 1894 1908 1889 1910 1909 1911 1894 1893 1907 1912 1913 1849 1914 1915 1855 1913 1916 1917 1914 1918 1919 1920 1921 1922 1923 1918 1921 1917 1924 1925 1926 1927 1922 1928 1926 1929 1930 1931 1925 1929 1932 1933 1931 1934 1935 1932 1936 1937 1938 1935 1939 1940 1941 1936 1942 1943 1938 1940 1944 1945 1943 1946 1947 1944 1948 1949 1950 1947 1951 1952 1953 1948 1954 1955 1950 1952 1956 1957 1955 1958 1959 1960 1959 1961 1960 1962 1963 1964 1965 1956 1966 1963 1967 1964 1968 1969 1970 1971 1966 1972 1973 1968 1971 1974 1975 1972 1976 1977 1978 1975 1979 1976 1980 1981 1982 1983 1978 1984 1985 1980 1986 1987 1882 1988 1989 1990 1991 1987 1992 1993 1902 1904 1983 1990 1989 1994 1993 1995 1902 1994 1900 1996 1997 1998 1999 1988 1990 2000 1984 1989 2001 1984 2002 2003 1997 2004 2005 2006 2007 2008 2006 2005 1910 2009 1909 2010 2011 1905 1994 2012 1900 1903 1905 2011 2013 2011 2010 2014 1897 2011 1898 2014 1890 1893 1896 1911 1906 1889 1908 1890 1889 1898 2015 1911 2016 1886 1895 1894 1895 1896 1893 1910 1911 2015 1909 1893 1911 1903 2011 1897 2017 2013 2010 2018 2013 2017 1897 2014 1898 2019 2014 2013 1890 2019 1885 1891 2016 1896 1889 1886 1894 1885 1886 1890 2020 2015 2016 1880 1892 1895 1911 1896 2016 1896 1892 1891 2020 2016 2021 2011 2013 2014 2022 2018 2017 2023 2018 2022 2014 2019 1890 2024 2019 2018 1885 2024 1881 1887 2021 1891 1886 1880 1895 1881 1880 1885 1891 1888 1887 1876 1888 1892 2021 2025 2026 2020 2021 2026 2016 1891 2021 2013 2018 2019 2027 2023 2022 2028 2023 2027 2019 2024 1885 2029 2024 2023 1881 2029 1877 1878 2025 1887 1880 1876 1892 1877 1876 1881 1878 1887 1879 1873 1879 1888 2025 2030 2031 2026 2025 2031 2021 1887 2025 2018 2023 2024 2032 2028 2027 2032 2033 2028 2024 2029 1881 2034 2029 2028 1877 2034 1872 2030 1878 1875 1876 1873 1888 1873 1877 1872 2035 2030 2036 1868 1874 1879 1874 1875 1878 2031 2030 2035 2025 1878 2030 2023 2028 2029 2037 2033 2032 2037 2038 2033 2029 2034 1877 2039 2034 2033 1872 2039 1869 1870 2036 1875 1873 1868 1879 1868 1872 1869 1870 1875 1871 1864 1871 1874 2036 2040 2041 2035 2036 2041 2030 1875 2036 2028 2033 2034 2042 2038 2037 2042 2043 2038 2034 2039 1872 2044 2039 2038 1869 2044 1865 2040 1870 1866 1868 1864 1874 1864 1869 1865 1866 1870 1867 1861 1867 1871 2040 2045 2046 2041 2040 2046 2036 1870 2040 2033 2038 2039 2047 2043 2042 2047 2048 2043 2039 2044 1869 2049 2044 2043 1865 2049 1860 2045 1866 1863 1864 1861 1871 1861 1865 1860 1863 1866 1862 1856 1862 1867 2045 2050 2051 2046 2045 2051 2040 1866 2045 2038 2043 2044 2052 2048 2047 2052 2053 2048 2044 2049 1865 2054 2049 2048 1860 2054 1857 1858 2050 1863 1861 1856 1867 1856 1860 1857 1863 1859 1858 1851 1859 1862 2050 2055 2056 2051 2050 2056 2045 1863 2050 2043 2048 2049 2057 2053 2052 2057 2058 2053 2049 2054 1860 2059 2054 2053 1857 2059 1852 2055 1858 1853 1856 1851 1862 1851 1857 1852 2055 2060 2061 1850 1854 1859 1854 1853 1858 2056 2055 2061 2050 1858 2055 2048 2053 2054 2062 2058 2057 2062 2063 2058 2054 2059 1857 2064 2059 2058 2064 1848 1852 1915 2060 1853 1851 1850 1859 1850 1852 1848 1853 1855 1915 1849 1855 1854 2060 2065 2066 2061 2060 2066 2055 1853 2060 2053 2058 2059 2067 2063 2062 2067 2068 2063 2059 2064 1852 2069 2064 2063 2069 1912 1848 2065 1915 1919 1850 1849 1854 1849 1848 1912 1915 1914 1919 1913 1914 1855 2065 2070 2071 2066 2065 2071 2060 1915 2065 2058 2063 2064 2072 2068 2067 2072 2073 2068 2064 2069 1848 2074 2069 2068 2074 1916 1912 2070 1919 1923 1849 1913 1855 1913 1912 1916 1919 1918 1923 1917 1918 1914 2070 2075 2076 2071 2070 2076 2065 1919 2070 2063 2068 2069 2077 2073 2072 2077 2078 2073 2069 2074 1912 2079 2074 2073 2079 1924 1916 2075 1923 1920 1913 1917 1914 1917 1916 1924 1923 1921 1920 1925 1921 1918 2075 2080 2081 2076 2075 2081 2070 1923 2075 2068 2073 2074 2082 2078 2077 2082 2083 2078 2074 2079 1916 2084 2079 2078 2084 1930 1924 2080 1920 1927 1917 1925 1918 1925 1924 1930 1920 1922 1927 1931 1922 1921 2080 2085 2086 2081 2080 2086 2075 1920 2080 2073 2078 2079 2087 2083 2082 2087 2088 2083 2079 2084 1924 2089 2084 2083 2089 1934 1930 2085 1927 1928 1925 1931 1921 1931 1930 1934 1927 1926 1928 1935 1926 1922 2085 2090 2091 2086 2085 2091 2080 1927 2085 2078 2083 2084 2092 2088 2087 2092 2093 2088 2084 2089 1930 2094 2089 2088 2094 1939 1934 2090 1928 1933 1931 1935 1922 1939 1935 1934 1928 1929 1933 1938 1929 1926 2090 2095 2096 2091 2090 2096 2085 1928 2090 2083 2088 2089 2097 2093 2092 2097 2098 2093 2089 2094 1934 2099 2094 2093 2099 1942 1939 2095 1933 1937 1935 1938 1926 1938 1939 1942 2095 2090 1933 1943 1932 1929 1932 1937 1933 2100 2095 2101 2095 2100 2096 2088 2093 2094 2102 2098 2097 2102 2103 2098 2094 2099 1939 2104 2099 2098 2104 1946 1942 2101 1937 1941 1938 1943 1929 1946 1943 1942 1937 1936 1941 1947 1936 1932 2101 2105 2106 2100 2101 2106 2095 1937 2101 2093 2098 2099 2107 2103 2102 2107 2108 2103 2099 2104 1942 2109 2104 2103 2109 1951 1946 1945 2105 1941 1943 1947 1932 1951 1947 1946 1945 1941 1940 1950 1940 1936 2105 2110 2111 2106 2105 2111 2101 1941 2105 2098 2103 2104 2112 2108 2107 2112 2113 2108 2104 2109 1946 2114 2109 2108 2114 1954 1951 1949 2110 1945 1947 1950 1936 1950 1951 1954 2115 2111 2110 1955 1944 1940 2105 1945 2110 1945 1944 1949 2115 2110 2116 2103 2108 2109 2117 2113 2112 2117 2118 2113 2109 2114 1951 2119 2114 2113 2119 1958 1954 1953 2116 1949 1950 1955 1940 1958 1955 1954 2115 2116 2120 1959 1948 1944 2110 1949 2116 1949 1948 1953 2120 2116 2121 2108 2113 2114 2122 2118 2117 2122 2123 2118 2114 2119 1954 2124 2119 2118 2124 1961 1958 1953 1957 2121 1955 1959 1944 1961 1959 1958 1953 1952 1957 1960 1952 1948 2121 2125 2126 2120 2121 2126 2116 1953 2121 2113 2118 2119 2127 2123 2122 2127 2128 2123 2119 2124 1958 2129 2124 2123 2129 1962 1961 1965 2125 1957 1959 1960 1948 1960 1961 1962 2130 2125 2131 1963 1956 1952 1956 1965 1957 2126 2125 2130 2121 1957 2125 2118 2123 2124 2132 2128 2127 2132 2133 2128 2124 2129 1961 2134 2129 2128 2134 1967 1962 1969 2131 1965 1960 1963 1952 1963 1962 1967 2135 2130 2131 1966 1964 1956 2125 1965 2131 1965 1964 1969 2135 2131 2136 2123 2128 2129 2137 2133 2132 2137 2138 2133 2129 2134 1962 2139 2134 2133 2139 1970 1967 1973 2136 1969 1963 1966 1956 1970 1966 1967 1969 1968 1973 1971 1968 1964 2136 2140 2141 2135 2136 2141 2131 1969 2136 2128 2133 2134 2142 2138 2137 2142 2143 2138 2134 2139 1967 2144 2139 2138 2144 1974 1970 1977 2140 1973 1966 1971 1964 1974 1971 1970 1977 1973 1972 1975 1972 1968 2140 2145 2146 2141 2140 2146 2136 1973 2140 2133 2138 2139 2147 2143 2142 2147 2148 2143 2139 2144 1970 2149 2144 2143 2149 1979 1974 1981 2145 1977 1971 1975 1968 1975 1974 1979 2150 2145 2151 1978 1976 1972 1976 1981 1977 2146 2145 2150 2140 1977 2145 2138 2143 2144 2152 2148 2147 2152 2153 2148 2144 2149 1974 2154 2149 2148 2154 1982 1979 1985 2151 1981 1975 1978 1972 1982 1978 1979 2155 2150 2151 1983 1980 1976 2145 1981 2151 1981 1980 1985 2155 2151 2156 2143 2148 2149 2157 2153 2152 2157 1883 2153 2149 2154 1979 2154 2153 2158 1990 1982 2158 2001 2156 1985 1978 1983 1976 1983 1982 1990 1985 1984 2001 1989 1984 1980 2156 2159 2160 2155 2156 2160 2151 1985 2156 2148 2153 2154 1884 1883 2157 2161 2162 2163 2154 2158 1982 1999 2158 1883 2164 2002 2165 2164 2159 2001 1983 1989 1980 1989 1988 2000 2164 2001 2002 2000 2002 1984 2159 2166 2167 2160 2159 2167 2156 2001 2159 2153 1883 2158 1986 1882 1884 1988 2168 2000 2158 1999 1990 1999 1882 2169 2000 2170 2002 2168 1988 2169 2003 2166 2164 2170 2000 2168 2171 2167 2166 2165 2002 2170 2159 2164 2166 2164 2165 2003 2171 2166 2004 1883 1882 1999 2172 1987 1986 2168 2162 2170 1999 2169 1988 1987 2173 2169 2170 2161 2165 2173 2162 2168 2174 2003 2165 2162 2161 2170 2171 2004 2175 2165 2161 2174 2166 2003 2004 2003 2174 1997 2175 2004 2176 1882 1987 2169 2172 1992 1987 2177 2174 2161 2169 2173 2168 1991 1995 2173 1998 1997 2174 1995 2163 2162 1996 2176 1997 2163 2177 2161 2007 2006 1996 2177 1998 2174 2176 2006 2178 2175 2176 2178 2004 1997 2176 1987 1991 2173 1992 2012 1991 1993 2179 2163 2173 1995 2162 1993 2163 1995 2179 2180 2177 2179 2177 2163 2180 2181 1998 2180 1998 2177 2181 2007 1996 2181 1996 1998 2009 2008 2005 2178 2006 2008 2176 1996 2006 1991 2012 1994 1995 1991 1994 2179 1904 1899 1902 1993 1994 2180 1899 1906 1904 2179 1993 2181 1906 1908 1899 2180 2179 2007 1908 1907 1906 2181 2180 2005 1907 1909 1908 2007 2181 1907 2005 2007 1909 2009 2005 2182 2183 2184 2185 2186 2187 2182 2188 2189 2182 2190 2191 2192 2188 2193 2194 2188 2191 2195 2196 2193 2194 2197 2193 2195 2198 2199 2195 2197 2200 2201 2198 2202 2203 2198 2200 2204 2205 2202 2203 2206 2202 2204 2207 2208 2204 2206 2209 2210 2207 2211 2212 2207 2209 2213 2214 2211 2212 2215 2211 2216 2210 2217 2218 2219 2220 2221 2222 2223 2219 2224 2225 2219 2225 2220 2218 2220 2226 2214 2210 2211 2217 2226 2216 2227 2213 2215 2228 2229 2230 2231 2232 2233 2215 2213 2211 2234 2232 2235 2227 2231 2233 2236 2237 2238 2234 2233 2232 2239 2240 2237 2235 2236 2238 2184 2241 2242 2243 2190 2184 2244 2242 2245 2242 2246 2243 2247 2248 2244 2244 2249 2246 2248 2250 2251 2249 2248 2252 2253 2252 2251 2254 2253 2255 2255 2251 2256 2257 2258 2254 2259 2257 2255 2258 2260 2261 2257 2262 2260 2263 2261 2264 2264 2260 2265 2266 2267 2268 2269 2267 2264 2270 2271 2266 2272 2263 2267 2271 2273 2274 2266 2275 2272 2276 2274 2277 2275 2271 2278 2279 2280 2276 2281 2278 2274 2280 2282 2283 2276 2284 2281 2285 2286 2287 2284 2280 2288 2283 2289 2290 2291 2288 2283 2292 2290 2293 2290 2294 2291 2295 2296 2297 2298 2294 2292 2299 2300 2230 2295 2286 2301 2223 2302 2303 2304 2305 2306 2217 2307 2226 2296 2308 2297 2309 2226 2307 2310 2303 2307 2292 2311 2287 2309 2218 2226 2312 2313 2314 2298 2287 2315 2316 2317 2318 2319 2320 2321 2313 2187 2322 2323 2316 2324 2319 2323 2325 2326 2240 2327 2220 2216 2226 2328 2225 2224 2328 2329 2225 2210 2214 2217 2330 2216 2220 2331 2231 2332 2330 2208 2216 2208 2207 2210 2331 2333 2232 2215 2231 2227 2211 2207 2212 2235 2334 2236 2332 2231 2215 2331 2232 2231 2236 2335 2239 2234 2235 2238 2235 2333 2334 2239 2237 2236 2225 2330 2220 2336 2329 2328 2336 2337 2329 2208 2210 2216 2338 2330 2225 2332 2339 2340 2338 2205 2330 2205 2204 2208 2340 2341 2331 2212 2332 2215 2209 2207 2204 2333 2342 2334 2339 2332 2212 2340 2331 2332 2334 2343 2335 2232 2333 2235 2333 2341 2342 2335 2236 2334 2329 2338 2225 2344 2337 2336 2344 2345 2337 2205 2208 2330 2346 2338 2329 2347 2339 2348 2346 2201 2338 2201 2202 2205 2347 2349 2340 2209 2339 2212 2206 2204 2202 2341 2350 2342 2348 2339 2209 2347 2340 2339 2342 2351 2343 2331 2341 2333 2341 2349 2350 2343 2334 2342 2337 2346 2329 2352 2345 2344 2352 2353 2345 2201 2205 2338 2354 2346 2337 2355 2348 2356 2354 2199 2346 2199 2198 2201 2355 2357 2347 2206 2348 2209 2203 2202 2198 2349 2358 2350 2356 2348 2206 2355 2347 2348 2350 2359 2351 2340 2349 2341 2349 2357 2358 2351 2342 2350 2345 2354 2337 2360 2353 2352 2360 2361 2353 2199 2201 2346 2362 2354 2345 2363 2356 2364 2362 2196 2354 2196 2195 2199 2363 2365 2355 2203 2356 2206 2198 2195 2200 2357 2366 2358 2364 2356 2203 2363 2355 2356 2358 2367 2359 2347 2357 2349 2357 2365 2366 2359 2350 2358 2353 2362 2345 2368 2361 2360 2368 2369 2361 2196 2199 2354 2370 2362 2353 2364 2371 2372 2370 2192 2362 2192 2193 2196 2372 2373 2363 2200 2364 2203 2195 2193 2197 2365 2374 2366 2371 2364 2200 2363 2364 2372 2366 2375 2367 2355 2365 2357 2365 2373 2374 2367 2358 2366 2361 2370 2353 2376 2369 2368 2376 2377 2369 2192 2196 2362 2378 2370 2361 2371 2379 2380 2378 2189 2370 2189 2188 2192 2380 2381 2372 2197 2371 2200 2193 2188 2194 2382 2374 2373 2379 2371 2197 2372 2371 2380 2374 2383 2375 2363 2373 2365 2373 2381 2382 2375 2366 2374 2369 2378 2361 2384 2377 2376 2384 2385 2377 2189 2192 2370 2386 2378 2369 2379 2387 2388 2386 2183 2378 2183 2182 2189 2388 2389 2380 2194 2379 2197 2188 2182 2191 2390 2382 2381 2387 2379 2194 2380 2379 2388 2382 2391 2383 2372 2381 2373 2381 2389 2390 2383 2374 2382 2377 2386 2369 2392 2385 2384 2392 2393 2385 2183 2189 2378 2394 2386 2377 2387 2395 2396 2394 2241 2386 2241 2184 2183 2396 2397 2388 2191 2387 2194 2182 2184 2190 2390 2389 2398 2395 2387 2191 2388 2387 2396 2390 2399 2391 2380 2389 2381 2389 2397 2398 2391 2382 2390 2385 2394 2377 2400 2393 2392 2400 2401 2393 2241 2183 2386 2402 2394 2385 2395 2403 2404 2402 2245 2394 2245 2242 2241 2404 2405 2396 2190 2395 2191 2243 2184 2242 2406 2398 2397 2403 2395 2190 2404 2396 2395 2390 2398 2399 2388 2397 2389 2397 2405 2406 2407 2399 2398 2393 2402 2385 2408 2401 2400 2408 2409 2401 2245 2241 2394 2410 2402 2393 2411 2403 2412 2410 2247 2402 2247 2244 2245 2411 2413 2404 2243 2403 2190 2242 2244 2246 2405 2414 2406 2412 2403 2243 2411 2404 2403 2415 2407 2406 2396 2405 2397 2405 2413 2414 2407 2398 2406 2401 2410 2393 2416 2409 2408 2416 2417 2409 2247 2245 2402 2410 2401 2418 2412 2419 2420 2418 2250 2410 2250 2248 2247 2420 2421 2411 2246 2412 2243 2249 2244 2248 2413 2422 2414 2419 2412 2246 2411 2412 2420 2414 2423 2415 2404 2413 2405 2413 2421 2422 2415 2406 2414 2409 2418 2401 2424 2417 2416 2424 2425 2417 2250 2247 2410 2418 2409 2426 2427 2419 2428 2426 2256 2418 2256 2251 2250 2427 2429 2420 2249 2419 2246 2248 2251 2252 2430 2422 2421 2428 2419 2249 2427 2420 2419 2422 2431 2423 2411 2421 2413 2421 2429 2430 2423 2414 2422 2417 2426 2409 2432 2425 2424 2432 2433 2425 2256 2250 2418 2426 2417 2434 2428 2435 2436 2434 2259 2426 2259 2255 2256 2436 2437 2427 2252 2428 2249 2253 2251 2255 2429 2438 2430 2435 2428 2252 2427 2428 2436 2430 2439 2431 2420 2429 2421 2429 2437 2438 2431 2422 2430 2425 2434 2417 2440 2433 2432 2440 2441 2433 2259 2256 2426 2434 2425 2442 2443 2435 2444 2442 2262 2434 2262 2257 2259 2443 2445 2436 2253 2435 2252 2255 2257 2254 2446 2438 2437 2444 2435 2253 2443 2436 2435 2438 2447 2439 2427 2437 2429 2437 2445 2446 2439 2430 2438 2433 2442 2425 2448 2441 2440 2448 2449 2441 2262 2259 2434 2442 2433 2450 2444 2451 2452 2450 2265 2442 2265 2260 2262 2452 2453 2443 2254 2444 2253 2258 2257 2260 2454 2446 2445 2451 2444 2254 2443 2444 2452 2446 2455 2447 2436 2445 2437 2445 2453 2454 2447 2438 2446 2441 2450 2433 2456 2449 2448 2456 2457 2449 2265 2262 2442 2450 2441 2458 2459 2451 2460 2458 2269 2450 2269 2264 2265 2459 2461 2452 2258 2451 2254 2260 2264 2261 2462 2454 2453 2460 2451 2258 2459 2452 2451 2446 2454 2455 2443 2453 2445 2453 2461 2462 2463 2455 2454 2449 2458 2441 2464 2457 2456 2464 2465 2457 2269 2265 2450 2458 2449 2466 2460 2467 2468 2466 2268 2458 2268 2267 2269 2468 2469 2459 2261 2460 2258 2263 2264 2267 2470 2462 2461 2460 2261 2467 2468 2459 2460 2471 2463 2462 2452 2461 2453 2461 2469 2470 2463 2454 2462 2457 2466 2449 2472 2465 2464 2472 2473 2465 2268 2269 2458 2457 2474 2466 2475 2467 2476 2474 2270 2466 2270 2266 2268 2477 2468 2475 2263 2467 2261 2267 2266 2272 2469 2478 2470 2467 2263 2476 2475 2468 2467 2462 2470 2471 2459 2469 2461 2469 2477 2478 2479 2471 2470 2465 2474 2457 2480 2473 2472 2480 2481 2473 2270 2268 2466 2465 2482 2474 2476 2483 2484 2482 2273 2474 2273 2271 2270 2485 2475 2484 2272 2476 2263 2275 2266 2271 2477 2486 2478 2476 2272 2483 2484 2475 2476 2487 2479 2478 2468 2477 2469 2485 2486 2477 2479 2470 2478 2473 2482 2465 2488 2481 2480 2488 2489 2481 2273 2270 2474 2473 2490 2482 2491 2483 2492 2490 2277 2482 2277 2274 2273 2493 2484 2491 2275 2483 2272 2278 2271 2274 2494 2486 2485 2483 2275 2492 2484 2483 2491 2495 2487 2486 2475 2485 2477 2485 2493 2494 2487 2478 2486 2481 2490 2473 2496 2489 2488 2496 2497 2489 2277 2273 2482 2481 2498 2490 2499 2492 2500 2498 2279 2490 2279 2276 2277 2501 2491 2499 2278 2492 2275 2274 2276 2281 2502 2494 2493 2500 2492 2278 2491 2492 2499 2486 2494 2495 2484 2493 2485 2493 2501 2502 2503 2495 2494 2489 2498 2481 2504 2497 2496 2504 2505 2497 2279 2277 2490 2489 2506 2498 2500 2507 2508 2506 2282 2498 2282 2280 2279 2508 2509 2499 2281 2500 2278 2276 2280 2284 2510 2502 2501 2500 2281 2507 2508 2499 2500 2511 2503 2502 2491 2501 2493 2509 2510 2501 2503 2494 2502 2497 2506 2489 2512 2505 2504 2512 2513 2505 2282 2279 2498 2497 2514 2506 2507 2515 2516 2514 2289 2506 2289 2283 2282 2517 2508 2516 2284 2507 2281 2288 2280 2283 2509 2518 2510 2507 2284 2515 2508 2507 2516 2519 2511 2510 2499 2509 2501 2509 2517 2518 2511 2502 2510 2505 2514 2497 2520 2513 2512 2520 2521 2513 2289 2282 2506 2505 2522 2514 2523 2515 2524 2522 2293 2514 2293 2290 2289 2525 2516 2523 2288 2515 2284 2283 2290 2291 2518 2517 2526 2524 2515 2288 2516 2515 2523 2518 2527 2519 2508 2517 2509 2517 2525 2526 2519 2510 2518 2513 2522 2505 2528 2521 2520 2528 2529 2521 2293 2289 2514 2513 2530 2522 2524 2531 2532 2530 2311 2522 2311 2292 2293 2532 2533 2523 2291 2524 2288 2290 2292 2294 2534 2526 2525 2531 2524 2291 2523 2524 2532 2518 2526 2527 2516 2525 2517 2525 2533 2534 2535 2527 2526 2521 2530 2513 2536 2529 2528 2536 2537 2529 2311 2293 2522 2530 2521 2538 2531 2539 2540 2538 2285 2530 2287 2311 2285 2540 2541 2532 2294 2531 2291 2292 2287 2298 2542 2534 2533 2531 2294 2539 2540 2532 2531 2543 2535 2534 2523 2533 2525 2541 2542 2533 2535 2526 2534 2529 2538 2521 2544 2537 2536 2544 2545 2537 2285 2311 2530 2529 2546 2538 2539 2312 2547 2538 2546 2301 2286 2285 2301 2548 2540 2547 2298 2539 2294 2315 2287 2286 2549 2542 2541 2539 2298 2312 2540 2539 2547 2550 2543 2542 2532 2541 2533 2541 2548 2549 2543 2534 2542 2537 2546 2529 2551 2545 2544 2551 2228 2545 2301 2285 2538 2552 2546 2537 2185 2315 2286 2546 2552 2296 2296 2295 2301 2553 2547 2314 2315 2312 2298 2286 2295 2185 2549 2548 2554 2313 2312 2315 2547 2312 2314 2542 2549 2550 2540 2548 2541 2548 2553 2554 2555 2550 2549 2545 2552 2537 2229 2228 2551 2556 2302 2300 2296 2301 2546 2552 2545 2557 2295 2297 2186 2308 2296 2552 2320 2187 2558 2322 2559 2314 2185 2313 2315 2295 2186 2185 2560 2554 2553 2313 2185 2187 2322 2314 2313 2554 2555 2549 2547 2553 2548 2553 2559 2560 2561 2555 2554 2228 2557 2545 2299 2230 2229 2306 2562 2308 2557 2308 2552 2228 2563 2557 2562 2564 2297 2306 2308 2557 2564 2558 2186 2297 2308 2562 2565 2322 2320 2186 2297 2564 2559 2566 2560 2187 2186 2558 2320 2322 2187 2567 2561 2560 2314 2559 2553 2565 2566 2559 2561 2554 2560 2230 2563 2228 2556 2300 2299 2568 2562 2305 2563 2306 2557 2569 2563 2230 2570 2564 2568 2304 2306 2563 2321 2558 2570 2305 2562 2306 2571 2318 2317 2568 2564 2562 2325 2566 2565 2564 2570 2558 2320 2558 2321 2572 2567 2566 2322 2565 2559 2565 2319 2325 2567 2560 2566 2300 2569 2230 2573 2302 2556 2304 2574 2575 2569 2304 2563 2300 2576 2569 2305 2575 2577 2569 2574 2304 2568 2577 2578 2304 2575 2305 2570 2578 2317 2305 2577 2568 2321 2317 2316 2570 2568 2578 2321 2570 2317 2566 2325 2572 2320 2319 2565 2319 2316 2323 2579 2572 2325 2302 2576 2300 2580 2303 2573 2222 2574 2576 2576 2574 2569 2576 2223 2222 2581 2575 2574 2574 2222 2581 2582 2577 2575 2575 2581 2582 2583 2578 2577 2577 2582 2583 2571 2317 2578 2578 2583 2571 2318 2326 2324 2323 2579 2325 2321 2316 2319 2316 2318 2324 2584 2579 2323 2573 2303 2302 2580 2309 2307 2581 2222 2585 2302 2223 2576 2223 2310 2221 2582 2581 2586 2222 2221 2585 2583 2582 2587 2581 2585 2586 2571 2583 2588 2582 2586 2587 2318 2571 2589 2583 2587 2588 2237 2240 2326 2588 2589 2571 2327 2584 2324 2589 2326 2318 2584 2323 2324 2580 2307 2303 2303 2310 2223 2217 2214 2310 2307 2217 2310 2214 2213 2221 2310 2214 2221 2213 2227 2585 2221 2213 2585 2227 2233 2586 2585 2227 2586 2233 2234 2587 2586 2233 2587 2234 2238 2588 2587 2234 2588 2238 2237 2589 2588 2238 2589 2237 2326 2589 2327 2324 2326 2590 2591 2592 2593 2594 2595 2596 2597 2590 2598 2599 2600 2601 2602 2596 2603 2604 2605 2596 2602 2597 2606 2607 2597 2607 2606 2604 2606 2605 2604 2603 2608 2609 2603 2605 2608 2610 2609 2611 2608 2611 2609 2612 2613 2614 2608 2600 2611 2615 2613 2616 2613 2615 2614 2617 2618 2619 2616 2618 2615 2599 2611 2600 2598 2620 2621 2598 2621 2599 2622 2623 2620 2621 2620 2623 2622 2624 2625 2625 2623 2622 2626 2624 2627 2628 2629 2627 2624 2626 2625 2629 2626 2627 2630 2628 2631 2628 2630 2629 2632 2633 2631 2630 2631 2633 2632 2634 2635 2635 2636 2637 2633 2632 2635 2636 2638 2639 2638 2635 2634 2640 2639 2641 2642 2641 2638 2643 2644 2640 2641 2645 2643 2644 2646 2647 2646 2643 2648 2649 2647 2650 2651 2650 2646 2652 2653 2654 2650 2655 2656 2657 2658 2659 2660 2654 2661 2662 2663 2664 2662 2665 2666 2667 2668 2669 2670 2664 2671 2672 2673 2674 2675 2676 2677 2678 2679 2680 2681 2682 2668 2683 2684 2685 2685 2686 2687 2688 2591 2607 2689 2690 2592 2591 2689 2592 2691 2692 2693 2680 2679 2694 2695 2696 2697 2698 2699 2672 2700 2701 2702 2703 2704 2705 2700 2702 2695 2706 2672 2707 2667 2708 2681 2669 2675 2709 2618 2617 2701 2710 2667 2709 2708 2670 2711 2670 2712 2713 2712 2708 2710 2714 2715 2662 2664 2713 2665 2716 2714 2666 2657 2717 2714 2658 2660 2718 2719 2657 2716 2720 2721 2660 2719 2720 2658 2722 2594 2652 2721 2722 2654 2593 2656 2723 2652 2593 2724 2649 2656 2595 2607 2591 2597 2590 2597 2591 2725 2726 2727 2728 2729 2730 2606 2602 2729 2728 2600 2608 2728 2605 2729 2611 2612 2610 2608 2605 2728 2613 2731 2616 2732 2619 2733 2610 2612 2614 2612 2611 2599 2619 2618 2616 2734 2731 2613 2731 2733 2616 2735 2619 2732 2619 2735 2617 2597 2602 2606 2727 2736 2601 2736 2727 2726 2606 2729 2605 2736 2730 2729 2737 2598 2600 2737 2728 2730 2599 2734 2612 2728 2737 2600 2731 2738 2733 2739 2732 2740 2612 2734 2613 2734 2599 2621 2616 2733 2619 2741 2738 2731 2732 2742 2735 2733 2738 2740 2743 2742 2732 2729 2602 2736 2601 2736 2602 2725 2744 2726 2730 2745 2737 2730 2726 2745 2746 2620 2598 2746 2737 2745 2621 2741 2734 2737 2746 2598 2738 2747 2740 2748 2739 2749 2734 2741 2731 2741 2621 2623 2733 2740 2732 2750 2747 2738 2732 2739 2743 2740 2747 2749 2751 2743 2739 2726 2730 2736 2752 2744 2725 2753 2754 2755 2756 2757 2758 2745 2744 2759 2760 2622 2620 2760 2746 2759 2623 2750 2741 2746 2760 2620 2747 2761 2749 2762 2748 2763 2741 2750 2738 2750 2623 2625 2740 2749 2739 2764 2761 2747 2739 2748 2751 2749 2761 2763 2765 2751 2748 2726 2744 2745 2753 2766 2752 2767 2768 2769 2745 2759 2746 2766 2757 2759 2756 2624 2622 2756 2760 2757 2625 2764 2750 2760 2756 2622 2761 2770 2763 2771 2762 2772 2750 2764 2747 2764 2625 2626 2749 2763 2748 2773 2770 2761 2748 2762 2765 2763 2770 2772 2774 2765 2762 2759 2744 2766 2752 2766 2744 2755 2754 2775 2759 2757 2760 2755 2758 2757 2776 2627 2624 2776 2756 2758 2626 2773 2764 2756 2776 2624 2770 2777 2772 2778 2771 2779 2764 2773 2761 2773 2626 2629 2763 2772 2762 2780 2777 2770 2762 2771 2774 2772 2777 2779 2781 2774 2771 2757 2766 2755 2753 2755 2766 2782 2775 2783 2758 2784 2776 2758 2775 2784 2785 2628 2627 2785 2776 2784 2629 2780 2773 2776 2785 2627 2777 2786 2779 2787 2778 2788 2773 2780 2770 2780 2629 2630 2772 2779 2771 2789 2786 2777 2771 2778 2781 2779 2786 2788 2790 2781 2778 2755 2775 2758 2754 2783 2775 2791 2782 2792 2793 2794 2795 2784 2782 2796 2797 2631 2628 2785 2784 2796 2630 2789 2780 2628 2785 2797 2786 2798 2788 2799 2787 2800 2780 2789 2777 2789 2630 2633 2779 2788 2778 2637 2798 2786 2778 2787 2790 2788 2798 2800 2801 2790 2787 2775 2782 2784 2783 2792 2782 2791 2767 2769 2785 2796 2797 2796 2791 2802 2803 2632 2631 2796 2802 2797 2633 2637 2789 2797 2803 2631 2798 2804 2800 2805 2799 2806 2789 2637 2786 2637 2633 2635 2788 2800 2787 2636 2804 2798 2787 2799 2801 2800 2804 2806 2807 2801 2799 2782 2791 2796 2792 2767 2791 2808 2809 2810 2797 2802 2803 2768 2811 2812 2813 2634 2632 2813 2803 2814 2642 2638 2634 2803 2813 2632 2804 2815 2806 2816 2805 2817 2637 2636 2798 2636 2635 2638 2800 2806 2799 2639 2815 2804 2799 2805 2807 2806 2815 2817 2818 2807 2805 2802 2769 2814 2769 2802 2791 2812 2811 2819 2802 2814 2803 2812 2793 2814 2795 2642 2634 2813 2814 2793 2645 2641 2642 2813 2795 2634 2815 2820 2817 2821 2816 2822 2636 2639 2804 2639 2638 2641 2806 2817 2805 2640 2820 2815 2805 2816 2818 2817 2820 2822 2823 2818 2816 2814 2769 2812 2768 2812 2769 2819 2824 2825 2813 2793 2795 2819 2794 2793 2826 2645 2642 2826 2795 2794 2648 2643 2645 2795 2826 2642 2827 2821 2822 2828 2821 2827 2639 2640 2815 2640 2641 2643 2817 2822 2816 2644 2829 2820 2816 2821 2823 2822 2829 2827 2830 2823 2821 2812 2819 2793 2811 2824 2819 2831 2825 2832 2833 2834 2835 2794 2825 2836 2837 2648 2645 2826 2794 2836 2651 2646 2648 2826 2837 2645 2838 2828 2827 2820 2829 2822 2640 2644 2820 2646 2644 2643 2828 2838 2839 2647 2840 2829 2821 2828 2830 2827 2840 2838 2841 2830 2828 2819 2825 2794 2824 2832 2825 2831 2842 2843 2826 2836 2837 2831 2844 2836 2845 2651 2648 2837 2836 2844 2655 2650 2651 2648 2837 2845 2846 2839 2838 2829 2840 2827 2644 2647 2829 2650 2647 2646 2839 2846 2847 2649 2848 2840 2828 2839 2841 2838 2848 2846 2849 2841 2839 2825 2831 2836 2832 2842 2831 2843 2850 2851 2837 2844 2845 2844 2843 2852 2853 2655 2651 2845 2844 2852 2723 2656 2655 2845 2853 2651 2854 2847 2846 2840 2848 2838 2647 2649 2840 2656 2649 2650 2847 2854 2855 2595 2856 2848 2839 2847 2849 2846 2856 2854 2857 2849 2847 2831 2843 2844 2842 2850 2843 2851 2858 2859 2845 2852 2853 2851 2860 2852 2861 2723 2655 2853 2852 2860 2724 2593 2723 2655 2853 2861 2862 2855 2854 2848 2856 2846 2649 2595 2848 2593 2595 2656 2855 2862 2863 2594 2864 2856 2847 2855 2857 2854 2864 2862 2865 2857 2855 2843 2851 2852 2850 2858 2851 2859 2808 2810 2853 2860 2861 2860 2859 2866 2867 2724 2723 2861 2860 2866 2653 2652 2724 2861 2867 2723 2868 2863 2862 2856 2864 2854 2595 2594 2856 2652 2594 2593 2863 2868 2869 2722 2870 2864 2855 2863 2865 2862 2870 2868 2871 2865 2863 2851 2859 2860 2858 2808 2859 2872 2873 2874 2861 2866 2867 2809 2873 2875 2876 2653 2724 2867 2866 2877 2661 2654 2653 2724 2867 2876 2878 2869 2868 2864 2870 2862 2594 2722 2864 2654 2722 2652 2879 2869 2880 2721 2881 2870 2863 2869 2871 2868 2881 2878 2879 2871 2869 2866 2810 2877 2810 2866 2859 2874 2882 2883 2867 2877 2876 2877 2875 2884 2661 2653 2885 2876 2877 2884 2718 2660 2661 2653 2876 2885 2886 2880 2878 2870 2881 2868 2722 2721 2870 2660 2721 2654 2887 2880 2888 2720 2889 2881 2889 2886 2878 2879 2880 2887 2869 2878 2880 2877 2810 2875 2809 2875 2810 2882 2890 2891 2876 2884 2885 2872 2833 2884 2718 2661 2835 2835 2885 2833 2659 2658 2718 2661 2885 2835 2892 2888 2886 2881 2889 2878 2721 2720 2881 2658 2720 2660 2893 2888 2894 2719 2895 2889 2895 2892 2886 2887 2888 2893 2880 2886 2888 2884 2875 2872 2873 2872 2875 2883 2882 2891 2884 2833 2885 2883 2834 2833 2659 2718 2896 2896 2835 2834 2717 2657 2659 2835 2896 2718 2897 2894 2892 2889 2895 2886 2720 2719 2889 2657 2719 2658 2898 2894 2899 2716 2900 2895 2900 2897 2892 2893 2894 2898 2888 2892 2894 2833 2872 2883 2874 2883 2872 2901 2902 2903 2834 2904 2896 2834 2891 2904 2717 2659 2905 2905 2896 2904 2715 2714 2717 2896 2905 2659 2906 2899 2897 2895 2900 2892 2719 2716 2895 2714 2716 2657 2907 2899 2908 2666 2909 2900 2909 2906 2897 2898 2899 2907 2894 2897 2899 2891 2834 2883 2901 2910 2890 2911 2902 2912 2913 2914 2915 2904 2910 2916 2715 2717 2917 2905 2904 2916 2663 2662 2715 2717 2905 2917 2918 2908 2906 2900 2909 2897 2716 2666 2900 2662 2666 2714 2919 2908 2920 2665 2921 2909 2921 2918 2906 2907 2908 2919 2899 2906 2908 2904 2891 2910 2890 2910 2891 2922 2923 2924 2905 2916 2917 2903 2913 2916 2663 2715 2915 2915 2917 2913 2671 2664 2663 2715 2917 2915 2925 2920 2918 2909 2921 2906 2666 2665 2909 2664 2665 2662 2926 2920 2927 2713 2928 2921 2928 2925 2918 2919 2920 2926 2908 2918 2920 2916 2910 2903 2901 2903 2910 2911 2912 2929 2916 2913 2917 2911 2914 2913 2671 2663 2930 2930 2915 2914 2711 2670 2671 2915 2930 2663 2931 2927 2925 2921 2928 2918 2665 2713 2921 2670 2713 2664 2932 2927 2933 2712 2934 2928 2934 2931 2925 2926 2927 2932 2920 2925 2927 2913 2903 2911 2902 2911 2903 2935 2936 2923 2937 2938 2939 2914 2929 2940 2941 2711 2671 2930 2914 2940 2942 2931 2934 2671 2930 2941 2943 2933 2931 2928 2934 2925 2713 2712 2928 2708 2712 2670 2944 2933 2945 2710 2942 2934 2942 2943 2931 2932 2933 2944 2927 2931 2933 2911 2929 2914 2912 2922 2929 2946 2947 2948 2930 2940 2941 2940 2924 2937 2939 2681 2711 2941 2940 2937 2949 2943 2942 2711 2941 2939 2708 2711 2681 2943 2950 2945 2712 2710 2934 2667 2710 2708 2951 2945 2952 2709 2949 2942 2949 2950 2943 2944 2945 2951 2933 2943 2945 2940 2929 2924 2922 2924 2929 2936 2935 2953 2941 2937 2939 2936 2938 2937 2678 2668 2954 2938 2682 2939 2955 2950 2949 2682 2681 2939 2681 2668 2667 2950 2956 2952 2710 2709 2942 2669 2709 2667 2957 2952 2958 2675 2955 2949 2955 2956 2950 2951 2952 2957 2945 2950 2952 2937 2924 2936 2923 2936 2924 2947 2953 2948 2682 2938 2959 2953 2959 2938 2678 2676 2669 2954 2682 2959 2706 2956 2955 2668 2682 2954 2678 2669 2668 2956 2707 2958 2709 2675 2949 2676 2675 2669 2960 2958 2961 2677 2706 2955 2706 2707 2956 2957 2958 2960 2952 2956 2958 2936 2953 2938 2935 2948 2953 2962 2963 2946 2686 2963 2962 2959 2947 2964 2680 2693 2676 2954 2959 2964 2693 2698 2677 2954 2679 2678 2678 2680 2676 2707 2674 2961 2675 2677 2955 2677 2676 2693 2965 2961 2966 2698 2672 2706 2672 2674 2707 2960 2961 2965 2958 2707 2961 2953 2947 2959 2946 2963 2947 2686 2962 2687 2954 2964 2679 2963 2967 2964 2693 2680 2691 2967 2694 2679 2698 2693 2692 2694 2691 2680 2968 2969 2673 2674 2969 2966 2677 2698 2706 2698 2692 2699 2970 2966 2971 2699 2673 2672 2673 2969 2674 2965 2966 2970 2961 2674 2966 2964 2947 2963 2972 2973 2974 2694 2975 2691 2964 2967 2679 2687 2683 2685 2691 2976 2692 2977 2975 2694 2692 2978 2699 2975 2976 2691 2699 2979 2673 2978 2692 2976 2969 2704 2971 2979 2699 2978 2980 2971 2703 2968 2673 2979 2968 2704 2969 2970 2971 2980 2966 2969 2971 2967 2963 2686 2967 2686 2977 2975 2973 2976 2967 2977 2694 2685 2981 2977 2976 2972 2978 2981 2973 2975 2978 2982 2979 2973 2972 2976 2979 2983 2968 2972 2982 2978 2984 2704 2968 2982 2983 2979 2985 2703 2697 2968 2983 2984 2984 2705 2704 2980 2703 2985 2971 2704 2703 2685 2977 2686 2684 2683 2690 2986 2982 2972 2977 2981 2975 2684 2987 2981 2988 2983 2982 2987 2974 2973 2989 2984 2983 2974 2986 2972 2990 2705 2984 2986 2988 2982 2991 2697 2705 2988 2989 2983 2992 2695 2991 2990 2984 2989 2991 2705 2990 2985 2697 2696 2703 2705 2697 2981 2685 2684 2689 2688 2987 2688 2993 2974 2981 2987 2973 2688 2974 2987 2993 2994 2986 2993 2986 2974 2994 2995 2988 2994 2988 2986 2995 2996 2989 2995 2989 2988 2996 2997 2990 2996 2990 2989 2997 2992 2991 2997 2991 2990 2700 2695 2992 2696 2695 2702 2697 2991 2695 2684 2690 2689 2987 2684 2689 2993 2607 2604 2591 2688 2689 2994 2604 2603 2607 2993 2688 2995 2603 2609 2604 2994 2993 2996 2609 2610 2603 2995 2994 2997 2610 2614 2609 2996 2995 2992 2614 2615 2610 2997 2996 2700 2615 2618 2614 2992 2997 2618 2701 2700 2615 2700 2992</p>
        </triangles>
        <triangles count="968" material="ID10">
          <input offset="0" semantic="VERTEX" source="#ID8"/>
          <p>0 1 2 3 4 5 6 0 7 8 1 9 10 6 11 9 12 13 14 15 12 16 17 15 18 19 10 20 21 22 19 23 24 25 26 27 24 28 29 30 31 32 33 34 35 36 37 38 5 39 40 41 42 43 44 45 46 47 48 49 50 51 48 52 53 42 53 54 49 55 56 46 57 55 51 38 58 59 60 58 41 61 62 37 45 63 3 64 65 39 66 64 35 67 26 68 32 69 68 70 33 71 70 34 33 71 72 73 74 25 29 22 17 20 35 34 66 64 66 65 39 65 40 39 5 4 4 3 63 63 45 44 44 46 56 56 55 57 57 51 50 50 48 47 47 49 54 54 53 52 42 53 43 41 43 60 58 60 59 38 59 36 37 36 61 62 61 75 30 75 31 62 75 30 32 31 69 68 69 67 26 67 27 26 25 74 74 29 28 28 24 23 23 19 18 18 10 11 11 6 7 7 0 2 2 1 8 8 9 13 12 9 14 15 14 16 17 16 20 22 21 72 71 73 70 72 21 73 186 187 188 189 190 187 187 190 191 187 186 192 187 192 189 188 187 193 194 195 196 197 198 194 194 198 199 195 194 200 194 196 197 200 194 201 202 203 204 204 205 206 204 206 207 204 207 208 204 208 202 204 209 205 210 211 212 213 214 212 212 214 210 213 212 215 212 216 217 215 212 217 218 219 220 221 219 218 222 223 218 224 225 218 218 225 222 218 220 224 226 227 228 229 230 226 226 230 231 227 226 232 226 228 229 232 226 233 234 235 236 237 238 239 240 241 239 242 237 243 241 244 245 246 247 243 245 248 249 250 251 252 253 249 254 255 256 257 258 253 259 260 261 262 263 264 265 266 267 268 269 270 271 272 273 274 275 276 277 275 278 279 280 269 281 281 277 282 283 284 273 283 285 278 286 287 271 288 272 289 287 290 266 291 292 268 262 288 293 294 295 261 263 296 291 297 264 298 236 295 299 300 235 301 250 252 247 302 258 303 304 300 302 255 305 256 305 306 307 298 257 297 255 257 298 264 297 265 263 265 296 291 296 292 291 268 267 267 266 290 290 287 286 286 271 270 270 269 280 280 281 282 282 277 276 276 275 279 279 278 285 283 278 284 273 284 274 272 274 289 288 289 293 262 293 260 261 260 294 295 294 299 236 299 234 235 234 301 235 300 304 304 302 303 303 258 259 259 253 254 254 249 248 248 245 244 244 241 240 240 239 238 238 237 242 243 237 246 247 246 250 252 251 306 305 307 256 306 251 307 376 377 378 378 377 379 380 381 378 378 381 376 382 383 378 378 383 380 427 428 429 429 428 430 431 432 429 429 432 427 433 434 429 429 434 431 435 436 437 438 439 437 437 439 435 440 441 437 437 441 438 442 440 437 443 444 445 445 444 446 447 448 445 445 448 443 449 450 445 445 450 447 451 452 453 454 455 453 453 455 451 456 457 453 453 457 454 458 456 453 459 460 461 461 460 462 463 464 461 461 464 459 465 466 461 461 466 463 615 616 617 618 619 620 621 622 623 621 623 624 625 622 626 622 621 626 627 625 628 625 626 628 629 627 630 627 628 630 631 629 632 629 630 632 633 631 634 631 632 634 635 633 636 633 634 636 637 635 638 635 636 638 639 637 640 637 638 640 619 639 620 639 640 620 641 618 642 619 618 641 643 642 644 641 642 643 645 644 646 643 644 645 647 646 648 645 646 647 649 648 650 647 648 649 651 650 652 649 650 651 653 652 654 651 652 653 655 654 656 653 654 655 657 656 658 655 656 657 659 658 660 657 658 659 661 660 662 659 660 661 663 662 664 661 662 663 665 664 666 663 664 665 667 666 668 665 666 667 669 668 670 667 668 669 671 670 672 669 670 671 673 672 674 671 672 673 675 674 676 673 674 675 677 676 678 675 676 677 679 678 680 677 678 679 681 680 682 679 680 681 683 682 684 681 682 683 685 684 686 683 684 685 687 686 688 685 686 687 689 688 615 687 688 689 689 615 617 621 624 616 617 616 624 1064 1065 1066 1067 1068 1069 1070 1071 1072 1073 1074 1071 1075 1070 1076 1075 1077 1066 1078 1065 1079 1080 1068 1081 1078 1082 1081 1083 1084 1085 1083 1086 1087 1088 1085 1089 1083 1085 1088 1090 1089 1091 1088 1089 1090 1092 1091 1093 1090 1091 1092 1094 1093 1095 1092 1093 1094 1096 1095 1097 1094 1095 1096 1098 1097 1099 1096 1097 1098 1100 1099 1101 1098 1099 1100 1102 1101 1103 1100 1101 1102 1104 1103 1105 1102 1103 1104 1106 1105 1107 1104 1105 1106 1108 1107 1109 1106 1107 1108 1110 1109 1111 1108 1109 1110 1112 1111 1113 1110 1111 1112 1114 1113 1115 1112 1113 1114 1116 1115 1117 1114 1115 1116 1118 1117 1119 1116 1117 1118 1120 1119 1121 1118 1119 1120 1073 1121 1074 1120 1121 1073 1071 1074 1072 1070 1072 1076 1075 1076 1077 1066 1077 1064 1065 1064 1079 1078 1079 1082 1081 1082 1080 1068 1080 1069 1122 1067 1123 1067 1069 1123 1124 1122 1125 1122 1123 1125 1126 1124 1127 1124 1125 1127 1128 1126 1129 1126 1127 1129 1130 1128 1131 1128 1129 1131 1132 1130 1133 1130 1131 1133 1134 1132 1135 1132 1133 1135 1136 1134 1137 1134 1135 1137 1086 1136 1138 1136 1137 1138 1083 1087 1084 1086 1138 1087 3222 3223 3224 3225 3226 3227 3223 3228 3229 3228 3223 3222 3230 3229 3231 3228 3231 3229 3232 3233 3230 3230 3231 3232 3233 3234 3235 3234 3233 3232 3236 3235 3237 3234 3237 3235 3238 3239 3236 3236 3237 3238 3239 3240 3241 3240 3239 3238 3242 3241 3243 3240 3243 3241 3244 3245 3242 3242 3243 3244 3222 3224 3246 3247 3248 3246 3246 3224 3247 3248 3249 3250 3249 3248 3247 3251 3250 3252 3249 3252 3250 3253 3254 3251 3251 3252 3253 3254 3255 3256 3255 3254 3253 3257 3256 3258 3255 3258 3256 3259 3260 3257 3257 3258 3259 3260 3261 3262 3261 3260 3259 3261 3227 3262 3262 3227 3226 3263 3264 3265 3266 3267 3268 3269 3270 3271 3272 3273 3274 3275 3276 3277 3278 3279 3280 3281 3282 3283 3284 3285 3286 3287 3288 3289 3290 3291 3288 3292 3293 3287 3287 3289 3292 3293 3294 3295 3294 3293 3292 3296 3295 3297 3294 3297 3295 3245 3244 3296 3296 3297 3245 3281 3291 3290 3288 3291 3289 3282 3284 3283 3290 3282 3281 3286 3285 3276 3283 3284 3286 3275 3277 3279 3276 3285 3277 3271 3278 3280 3278 3275 3279 3274 3270 3269 3269 3271 3280 3272 3263 3273 3274 3273 3270 3264 3267 3265 3272 3264 3263 3266 3268 3225 3265 3267 3266 3226 3225 3268 3298 3299 3300 3301 3302 3303 3299 3304 3305 3304 3299 3298 3306 3305 3307 3304 3307 3305 3308 3309 3306 3306 3307 3308 3309 3310 3311 3310 3309 3308 3312 3311 3313 3310 3313 3311 3314 3315 3312 3312 3313 3314 3315 3316 3317 3316 3315 3314 3318 3317 3319 3316 3319 3317 3320 3321 3318 3318 3319 3320 3298 3300 3322 3323 3324 3322 3322 3300 3323 3324 3325 3326 3325 3324 3323 3327 3326 3328 3325 3328 3326 3329 3330 3327 3327 3328 3329 3330 3331 3332 3331 3330 3329 3333 3332 3334 3331 3334 3332 3335 3336 3333 3333 3334 3335 3336 3337 3338 3337 3336 3335 3337 3303 3338 3338 3303 3302 3339 3340 3341 3342 3343 3344 3345 3346 3347 3348 3349 3350 3351 3352 3353 3354 3355 3356 3357 3358 3359 3360 3361 3362 3363 3364 3365 3366 3367 3364 3368 3369 3363 3363 3365 3368 3369 3370 3371 3370 3369 3368 3372 3371 3373 3370 3373 3371 3321 3320 3372 3372 3373 3321 3357 3367 3366 3364 3367 3365 3358 3360 3359 3366 3358 3357 3362 3361 3352 3359 3360 3362 3351 3353 3355 3352 3361 3353 3347 3354 3356 3354 3351 3355 3350 3346 3345 3345 3347 3356 3348 3339 3349 3350 3349 3346 3340 3343 3341 3348 3340 3339 3342 3344 3301 3341 3343 3342 3302 3301 3344 3450 3451 3452 3453 3452 3454 3451 3454 3452 3455 3456 3453 3453 3454 3455 3456 3457 3458 3457 3456 3455 3459 3458 3460 3457 3460 3458 3461 3462 3459 3459 3460 3461 3462 3463 3464 3463 3462 3461 3465 3464 3466 3463 3466 3464 3467 3468 3465 3465 3466 3467 3468 3469 3470 3469 3468 3467 3471 3470 3472 3469 3472 3470 3473 3474 3471 3471 3472 3473 3474 3475 3476 3475 3474 3473 3477 3476 3478 3475 3478 3476 3479 3480 3477 3477 3478 3479 3480 3481 3482 3481 3480 3479 3483 3482 3484 3481 3484 3482 3485 3486 3483 3483 3484 3485 3487 3486 3485 3487 3488 3486 3451 3450 3489 3490 3491 3489 3489 3450 3490 3491 3492 3493 3492 3491 3490 3494 3493 3495 3492 3495 3493 3496 3497 3494 3494 3495 3496 3497 3498 3499 3498 3497 3496 3500 3499 3501 3498 3501 3499 3502 3503 3500 3500 3501 3502 3503 3504 3505 3504 3503 3502 3506 3505 3507 3504 3507 3505 3508 3509 3506 3506 3507 3508 3509 3510 3511 3510 3509 3508 3512 3511 3513 3510 3513 3511 3514 3515 3512 3512 3513 3514 3515 3516 3517 3516 3515 3514 3518 3517 3519 3516 3519 3517 3520 3521 3518 3518 3519 3520 3521 3522 3523 3522 3521 3520 3522 3488 3523 3523 3488 3487 3524 3525 3526 3527 3526 3528 3525 3528 3526 3529 3530 3527 3527 3528 3529 3530 3531 3532 3531 3530 3529 3533 3532 3534 3531 3534 3532 3535 3536 3533 3533 3534 3535 3536 3537 3538 3537 3536 3535 3539 3538 3540 3537 3540 3538 3541 3542 3539 3539 3540 3541 3542 3543 3544 3543 3542 3541 3545 3544 3546 3543 3546 3544 3547 3548 3545 3545 3546 3547 3548 3549 3550 3549 3548 3547 3551 3550 3552 3549 3552 3550 3553 3554 3551 3551 3552 3553 3554 3555 3556 3555 3554 3553 3557 3556 3558 3555 3558 3556 3559 3560 3557 3557 3558 3559 3561 3560 3559 3561 3562 3560 3525 3524 3563 3564 3565 3563 3563 3524 3564 3565 3566 3567 3566 3565 3564 3568 3567 3569 3566 3569 3567 3570 3571 3568 3568 3569 3570 3571 3572 3573 3572 3571 3570 3574 3573 3575 3572 3575 3573 3576 3577 3574 3574 3575 3576 3577 3578 3579 3578 3577 3576 3580 3579 3581 3578 3581 3579 3582 3583 3580 3580 3581 3582 3583 3584 3585 3584 3583 3582 3586 3585 3587 3584 3587 3585 3588 3589 3586 3586 3587 3588 3589 3590 3591 3590 3589 3588 3592 3591 3593 3590 3593 3591 3594 3595 3592 3592 3593 3594 3595 3596 3597 3596 3595 3594 3596 3562 3597 3597 3562 3561 3598 3599 3600 3601 3602 3603 3604 3599 3605 3599 3604 3600 3606 3607 3605 3604 3605 3607 3606 3608 3609 3609 3607 3606 3610 3608 3611 3608 3610 3609 3612 3613 3611 3610 3611 3613 3612 3614 3615 3615 3613 3612 3616 3614 3617 3614 3616 3615 3618 3619 3617 3616 3617 3619 3618 3620 3621 3621 3619 3618 3598 3600 3622 3623 3598 3622 3623 3624 3625 3624 3623 3622 3626 3625 3627 3624 3627 3625 3628 3629 3626 3626 3627 3628 3629 3630 3631 3630 3629 3628 3632 3631 3633 3630 3633 3631 3634 3635 3632 3632 3633 3634 3635 3636 3637 3636 3635 3634 3638 3637 3602 3636 3602 3637 3639 3640 3641 3642 3643 3644 3645 3646 3647 3648 3649 3650 3651 3652 3653 3654 3655 3656 3657 3658 3659 3660 3661 3662 3663 3664 3665 3666 3665 3664 3663 3667 3668 3668 3664 3663 3669 3667 3670 3667 3669 3668 3621 3671 3670 3669 3670 3671 3620 3671 3621 3666 3658 3657 3666 3657 3665 3659 3660 3662 3658 3660 3659 3652 3661 3653 3662 3661 3652 3654 3651 3655 3651 3653 3655 3645 3647 3656 3647 3654 3656 3650 3649 3646 3650 3646 3645 3648 3640 3639 3648 3639 3649 3641 3643 3642 3640 3643 3641 3603 3644 3601 3642 3644 3603 3602 3601 3638 3672 3673 3674 3675 3676 3674 3672 3674 3676 3675 3677 3678 3678 3676 3675 3679 3677 3680 3677 3679 3678 3681 3682 3680 3679 3680 3682 3681 3683 3684 3684 3682 3681 3685 3683 3686 3683 3685 3684 3687 3688 3686 3685 3686 3688 3687 3689 3690 3690 3688 3687 3691 3689 3692 3689 3691 3690 3693 3694 3692 3691 3692 3694 3693 3695 3696 3696 3694 3693 3697 3695 3698 3695 3697 3696 3699 3700 3698 3697 3698 3700 3699 3701 3702 3702 3700 3699 3703 3701 3704 3701 3703 3702 3705 3706 3704 3703 3704 3706 3705 3707 3708 3708 3706 3705 3707 3709 3708 3707 3710 3709 3673 3672 3711 3712 3673 3711 3712 3713 3714 3713 3712 3711 3715 3714 3716 3713 3716 3714 3717 3718 3715 3715 3716 3717 3718 3719 3720 3719 3718 3717 3721 3720 3722 3719 3722 3720 3723 3724 3721 3721 3722 3723 3724 3725 3726 3725 3724 3723 3727 3726 3728 3725 3728 3726 3729 3730 3727 3727 3728 3729 3730 3731 3732 3731 3730 3729 3733 3732 3734 3731 3734 3732 3735 3736 3733 3733 3734 3735 3736 3737 3738 3737 3736 3735 3739 3738 3740 3737 3740 3738 3741 3742 3739 3739 3740 3741 3742 3743 3744 3743 3742 3741 3743 3709 3744 3744 3709 3710 3745 3746 3747 3748 3749 3750 3751 3752 3753 3754 3755 3756 3757 3758 3759 3760 3761 3762 3763 3764 3765 3766 3767 3768 3769 3770 3771 3772 3773 3774 3775 3776 3777 3778 3779 3780 3781 3782 3783 3784 3785 3786 3787 3788 3789 3790 3791 3792 3793 3794 3795 3796 3797 3798 3799 3800 3801 3802 3800 3803 3799 3804 3805 3804 3799 3801 3806 3807 3805 3805 3804 3806 3808 3807 3809 3806 3809 3807 3808 3810 3811 3810 3808 3809 3812 3813 3811 3811 3810 3812 3814 3813 3815 3812 3815 3813 3814 3816 3817 3816 3814 3815 3818 3750 3817 3817 3816 3818 3802 3803 3795 3818 3748 3750 3800 3802 3801 3796 3794 3793 3793 3795 3803 3788 3798 3797 3798 3794 3796 3787 3789 3792 3788 3797 3789 3791 3790 3781 3787 3792 3791 3782 3785 3783 3790 3782 3781 3786 3777 3784 3785 3784 3783 3778 3776 3775 3775 3777 3786 3770 3780 3779 3780 3776 3778 3769 3771 3774 3770 3779 3771 3773 3772 3763 3769 3774 3773 3764 3767 3765 3772 3764 3763 3768 3759 3766 3767 3766 3765 3760 3758 3757 3757 3759 3768 3752 3762 3761 3762 3758 3760 3751 3753 3754 3752 3761 3753 3756 3755 3747 3751 3754 3756 3745 3749 3746 3755 3745 3747 3748 3746 3749 3970 3971 3972 3973 3974 3975 3976 3977 3972 3972 3971 3976 3978 3977 3979 3976 3979 3977 3978 3980 3981 3980 3978 3979 3982 3983 3981 3981 3980 3982 3984 3983 3985 3982 3985 3983 3984 3986 3987 3986 3984 3985 3988 3989 3987 3987 3986 3988 3990 3989 3991 3988 3991 3989 3990 3992 3993 3992 3990 3991 3970 3994 3971 3994 3995 3996 3995 3994 3970 3997 3998 3996 3996 3995 3997 3999 3998 4000 3997 4000 3998 3999 4001 4002 4001 3999 4000 4003 4004 4002 4002 4001 4003 4005 4004 4006 4003 4006 4004 4005 4007 4008 4007 4005 4006 4009 3974 4008 4008 4007 4009 4009 3975 3974 4010 4011 4012 4013 4014 4015 4016 4017 4018 4019 4020 4021 4022 4023 4024 4025 4026 4027 4028 4029 4030 4031 4032 4033 4034 4035 4036 4037 4036 4038 4039 4034 4040 4034 4039 4035 4040 4041 4042 4042 4039 4040 4043 4044 4041 4042 4041 4044 3992 4043 3993 4043 3992 4044 4028 4037 4038 4036 4035 4038 4030 4029 4031 4037 4028 4030 4032 4024 4033 4029 4032 4031 4022 4027 4023 4024 4023 4033 4017 4026 4025 4025 4027 4022 4020 4016 4018 4016 4026 4017 4019 4021 4010 4020 4018 4021 4012 4011 4015 4019 4010 4012 4013 3973 4014 4011 4013 4015 3975 4014 3973</p>
        </triangles>
        <triangles count="1394" material="ID11">
          <input offset="0" semantic="VERTEX" source="#ID8"/>
          <p>76 77 78 79 80 81 79 81 82 83 84 80 81 80 84 85 83 86 83 85 84 86 87 88 88 85 86 89 90 91 88 87 92 93 94 95 96 97 98 99 100 101 102 103 104 105 106 107 108 109 110 111 108 112 112 104 111 108 111 109 105 103 102 102 104 112 107 103 105 99 101 106 101 107 106 94 100 95 100 99 95 96 93 97 94 93 96 98 76 78 97 76 98 77 89 91 77 91 78 87 90 92 92 90 89 113 114 115 116 117 118 119 120 121 122 123 124 125 126 127 128 129 130 128 131 132 130 131 128 133 123 132 128 132 123 134 123 135 123 133 135 123 136 124 123 134 136 137 115 122 123 122 115 138 115 139 115 137 139 115 140 113 115 138 140 141 118 114 115 114 118 142 118 143 118 141 143 118 144 116 118 142 144 120 118 145 117 145 118 146 120 147 120 145 147 120 148 121 120 146 148 126 120 149 119 149 120 150 126 151 126 149 151 125 152 126 126 150 127 128 126 153 152 153 126 154 128 155 128 153 155 129 128 154 156 157 158 159 157 156 158 160 156 161 162 163 164 162 161 163 165 161 166 167 168 169 167 166 168 170 166 171 172 173 174 172 171 173 175 171 176 177 178 179 177 176 178 180 176 181 182 183 184 182 181 183 185 181 308 309 310 311 312 313 313 314 311 312 315 316 315 312 311 317 316 318 315 318 316 319 320 317 317 318 319 320 309 308 309 320 319 321 322 323 310 324 325 326 327 328 329 330 331 332 333 334 335 336 337 338 339 340 341 342 343 343 344 345 336 345 344 345 341 343 337 336 344 338 335 339 339 335 337 329 331 340 340 331 338 334 333 330 329 334 330 332 328 327 333 332 327 326 321 323 326 328 321 324 322 325 324 323 322 325 308 310 346 347 348 347 346 349 347 350 348 351 352 353 352 351 354 352 355 353 356 357 358 357 356 359 357 360 358 361 362 363 362 361 364 362 365 363 366 367 368 367 366 369 367 370 368 371 372 373 372 371 374 372 375 373 384 385 386 387 388 389 390 391 392 393 394 395 396 397 398 399 400 401 399 402 403 401 402 399 404 395 403 399 403 395 405 395 406 395 404 406 395 407 393 395 405 407 408 390 394 395 394 390 409 390 410 390 408 410 390 411 391 390 409 411 412 389 392 390 392 389 413 389 414 389 412 414 389 415 387 389 413 415 384 389 416 388 416 389 417 384 418 384 416 418 384 419 385 384 417 419 397 384 420 386 420 384 421 397 422 397 420 422 396 423 397 397 421 398 399 397 424 423 424 397 425 399 426 399 424 426 400 399 425 467 468 469 470 471 472 473 474 475 469 476 477 478 479 473 480 481 482 483 484 485 486 487 488 489 490 478 491 492 493 494 495 489 496 497 498 499 500 501 502 503 470 504 505 506 507 508 509 510 511 512 513 514 515 516 515 517 518 513 519 520 516 521 522 519 509 507 523 524 525 520 510 511 526 527 503 528 523 496 498 472 529 526 505 499 530 531 532 506 531 533 498 497 493 492 533 493 533 497 534 535 491 536 494 537 538 539 537 500 538 540 475 468 467 472 471 496 470 503 471 528 503 502 524 523 528 508 507 524 522 509 508 518 519 522 514 513 518 517 515 514 521 516 517 510 520 521 510 512 525 511 527 512 526 529 527 505 504 529 506 532 504 531 530 532 499 501 530 500 540 501 538 537 540 536 537 539 495 494 536 490 489 495 479 478 490 474 473 479 468 475 474 477 467 469 480 477 476 481 483 482 481 480 476 484 486 485 481 484 483 488 487 534 485 486 488 491 535 492 534 487 535 541 542 543 544 545 546 547 543 548 549 541 550 551 547 552 553 554 555 556 557 558 559 560 561 562 551 563 564 565 566 567 562 568 569 570 571 572 573 574 544 575 576 577 578 579 580 581 582 583 584 585 586 587 588 589 587 590 586 591 592 593 590 594 592 595 581 596 597 580 585 598 594 599 600 584 576 597 601 570 602 545 603 579 600 574 604 605 578 606 604 607 569 571 608 573 609 564 607 571 610 611 565 567 612 613 608 614 613 564 566 607 553 550 554 569 602 570 602 546 545 546 575 544 576 601 544 597 596 601 580 582 596 581 595 582 592 591 595 586 588 591 587 589 588 590 593 589 594 598 593 594 583 585 583 599 584 599 603 600 603 577 579 577 606 578 606 605 604 605 572 574 572 609 573 609 614 608 613 612 608 567 568 612 562 563 568 551 552 563 547 548 552 543 542 548 541 549 542 550 553 549 554 556 555 557 559 558 554 557 556 561 560 610 558 559 561 565 611 566 610 560 611 690 691 692 693 694 695 696 697 695 698 699 700 701 702 697 703 704 705 706 707 702 708 709 710 707 711 712 713 714 715 712 716 691 717 718 719 720 721 722 723 724 725 726 727 728 729 730 731 732 733 734 735 736 737 738 739 740 739 741 742 743 744 734 745 743 738 741 746 747 748 733 749 750 746 736 737 751 752 748 727 726 728 753 754 731 755 751 693 700 699 756 753 724 757 725 758 717 759 718 719 760 717 761 758 722 720 690 762 719 763 760 763 764 714 759 730 729 759 729 718 730 755 731 755 752 751 752 735 737 735 750 736 750 747 746 747 742 741 742 740 739 740 745 738 745 744 743 744 732 734 732 749 733 749 727 748 728 754 726 753 756 754 724 723 756 725 757 723 758 761 757 722 721 761 720 762 721 690 692 762 691 716 692 712 711 716 707 706 711 702 701 706 697 696 701 695 694 696 693 699 694 703 698 700 704 709 705 703 705 698 710 713 708 704 710 709 715 714 764 708 713 715 763 714 760 765 766 767 768 769 770 768 771 772 773 774 770 775 776 771 777 778 774 779 775 780 781 782 778 780 783 784 785 786 782 767 787 783 788 789 790 791 792 765 793 794 795 796 797 798 799 800 801 802 803 804 805 806 807 808 809 810 809 811 812 813 814 815 816 810 817 818 812 819 820 821 822 805 818 806 823 824 807 825 826 827 828 798 795 829 800 830 801 831 832 794 828 795 833 794 793 788 834 831 835 789 836 791 833 837 838 836 786 829 839 823 828 796 798 813 815 817 793 837 833 837 792 791 792 766 765 766 787 767 787 784 783 784 779 780 779 776 775 776 772 771 772 769 768 769 773 770 773 777 774 777 781 778 781 785 782 785 838 786 838 835 836 835 790 789 790 834 788 834 832 831 832 799 801 799 830 800 830 839 829 839 824 823 824 805 807 818 819 806 812 811 819 809 808 811 810 816 808 817 815 816 802 814 813 803 820 804 802 804 814 821 827 822 803 821 820 826 825 797 822 827 826 798 797 825 988 989 990 991 992 993 994 995 992 996 997 993 998 999 995 996 1000 1001 1002 1003 999 1004 1005 1006 1007 1008 1003 1009 1010 1011 1012 989 1008 1013 1014 1015 1016 1017 1018 1019 1020 1021 1022 1023 1024 1025 1026 1027 1028 1029 1030 1031 1032 1033 1034 1035 1036 1037 1038 1035 1039 1028 1040 1039 1041 1036 1042 1043 1038 1044 1029 1045 1043 1046 1031 1047 1048 1033 1022 1044 1049 1050 1051 1024 1052 1048 1027 1053 996 1001 1051 1054 1021 1020 1055 1056 1013 1057 1014 1015 1058 1013 1056 1059 1017 1060 988 1016 1015 1061 1058 1061 1062 1063 1057 1026 1025 1057 1025 1014 1026 1052 1027 1048 1047 1027 1033 1032 1047 1031 1046 1032 1043 1042 1046 1038 1037 1042 1035 1034 1037 1036 1041 1034 1039 1040 1041 1028 1030 1040 1028 1045 1029 1045 1049 1044 1049 1023 1022 1023 1050 1024 1050 1054 1051 1054 1019 1021 1019 1055 1020 1055 1059 1056 1059 1018 1017 1018 1060 1016 988 990 1016 989 1012 990 1008 1007 1012 1003 1002 1007 999 998 1002 995 994 998 992 991 994 993 997 991 996 1053 997 1000 1005 1001 1006 1009 1004 1000 1006 1005 1011 1010 1062 1004 1009 1011 1061 1063 1058 1062 1010 1063 1139 1140 1141 1142 1143 1144 1143 1145 1146 1147 1148 1149 1145 1150 1151 1149 1152 1153 1150 1154 1155 1156 1157 1158 1154 1159 1160 1161 1162 1163 1159 1140 1164 1165 1166 1167 1141 1168 1169 1170 1171 1172 1173 1174 1175 1148 1147 1142 1176 1177 1178 1179 1180 1181 1182 1183 1184 1183 1185 1186 1187 1188 1178 1189 1187 1182 1185 1190 1191 1192 1193 1176 1194 1190 1180 1181 1195 1196 1174 1197 1192 1175 1198 1199 1195 1200 1201 1202 1166 1203 1204 1198 1171 1205 1172 1206 1165 1203 1166 1207 1168 1208 1209 1206 1207 1210 1211 1212 1167 1213 1165 1213 1167 1210 1200 1195 1202 1200 1202 1203 1196 1195 1201 1179 1181 1196 1194 1180 1179 1191 1190 1194 1186 1185 1191 1184 1183 1186 1189 1182 1184 1188 1187 1189 1176 1178 1188 1176 1193 1177 1192 1197 1193 1174 1173 1197 1175 1199 1173 1198 1204 1199 1171 1170 1204 1172 1205 1170 1206 1209 1205 1207 1208 1209 1168 1141 1208 1139 1141 1169 1164 1140 1139 1160 1159 1164 1155 1154 1160 1151 1150 1155 1146 1145 1151 1144 1143 1146 1148 1142 1144 1214 1147 1149 1152 1157 1153 1149 1153 1214 1158 1161 1156 1152 1158 1157 1163 1162 1211 1156 1161 1163 1210 1212 1213 1211 1162 1212 1215 1216 1217 1218 1219 1220 1221 1216 1222 1223 1215 1224 1225 1222 1226 1227 1228 1229 1230 1231 1232 1233 1234 1235 1236 1226 1237 1238 1239 1240 1241 1242 1237 1243 1244 1245 1246 1247 1248 1249 1220 1250 1251 1252 1253 1254 1255 1256 1257 1258 1259 1260 1261 1262 1263 1261 1264 1260 1265 1266 1267 1264 1268 1266 1269 1255 1270 1271 1254 1272 1268 1259 1273 1274 1257 1250 1271 1275 1243 1219 1276 1253 1277 1273 1251 1278 1279 1245 1244 1238 1280 1246 1281 1282 1245 1238 1283 1284 1239 1285 1241 1286 1286 1287 1288 1238 1240 1282 1223 1228 1227 1243 1276 1244 1219 1218 1276 1220 1249 1218 1250 1275 1249 1271 1270 1275 1254 1256 1270 1255 1269 1256 1266 1265 1269 1260 1262 1265 1261 1263 1262 1264 1267 1263 1268 1272 1267 1259 1258 1272 1257 1274 1258 1273 1277 1274 1253 1252 1277 1251 1279 1252 1278 1289 1279 1248 1247 1289 1248 1289 1278 1246 1280 1247 1281 1288 1287 1281 1287 1280 1288 1285 1286 1285 1242 1241 1242 1236 1237 1236 1225 1226 1225 1221 1222 1221 1217 1216 1217 1224 1215 1224 1228 1223 1229 1230 1227 1231 1233 1232 1229 1231 1230 1235 1234 1283 1232 1233 1235 1239 1284 1240 1283 1234 1284 1290 1291 1292 1293 1294 1295 1294 1296 1297 1298 1299 1300 1296 1301 1302 1300 1303 1304 1301 1305 1306 1307 1308 1309 1305 1310 1311 1312 1313 1314 1310 1291 1315 1316 1317 1318 1292 1319 1320 1321 1322 1323 1324 1325 1326 1299 1298 1293 1327 1328 1329 1330 1331 1332 1333 1334 1335 1334 1336 1337 1338 1339 1329 1340 1338 1333 1336 1341 1342 1343 1344 1327 1345 1341 1331 1332 1346 1347 1325 1348 1343 1326 1349 1350 1346 1351 1352 1353 1317 1354 1322 1355 1349 1356 1323 1357 1316 1354 1317 1358 1319 1359 1360 1357 1358 1361 1362 1363 1318 1364 1316 1364 1318 1361 1351 1346 1353 1351 1353 1354 1347 1346 1352 1330 1332 1347 1345 1331 1330 1342 1341 1345 1337 1336 1342 1335 1334 1337 1340 1333 1335 1339 1338 1340 1327 1329 1339 1327 1344 1328 1343 1348 1344 1325 1324 1348 1326 1350 1324 1349 1355 1350 1322 1321 1355 1323 1356 1321 1357 1360 1356 1358 1359 1360 1319 1292 1359 1290 1292 1320 1315 1291 1290 1311 1310 1315 1306 1305 1311 1302 1301 1306 1297 1296 1302 1295 1294 1297 1299 1293 1295 1365 1298 1300 1303 1308 1304 1300 1304 1365 1309 1312 1307 1303 1309 1308 1314 1313 1362 1307 1312 1314 1361 1363 1364 1362 1313 1363 2998 2999 3000 3001 3002 3003 2999 3004 3005 3004 2999 2998 3006 3005 3007 3004 3007 3005 3008 3009 3006 3006 3007 3008 3009 3010 3011 3010 3009 3008 3012 3011 3013 3010 3013 3011 3014 3015 3012 3012 3013 3014 3015 3016 3017 3016 3015 3014 3018 3017 3019 3016 3019 3017 3020 3021 3018 3018 3019 3020 2998 3000 3022 3023 3024 3022 3022 3000 3023 3024 3025 3026 3025 3024 3023 3027 3026 3028 3025 3028 3026 3029 3030 3027 3027 3028 3029 3030 3031 3032 3031 3030 3029 3033 3032 3034 3031 3034 3032 3035 3036 3033 3033 3034 3035 3036 3037 3038 3037 3036 3035 3037 3003 3038 3038 3003 3002 3039 3040 3041 3042 3043 3044 3045 3046 3047 3048 3049 3050 3051 3052 3053 3054 3055 3056 3057 3058 3059 3060 3061 3062 3063 3064 3065 3066 3067 3064 3068 3069 3063 3063 3065 3068 3069 3070 3071 3070 3069 3068 3072 3071 3073 3070 3073 3071 3021 3020 3072 3072 3073 3021 3057 3067 3066 3064 3067 3065 3058 3060 3059 3066 3058 3057 3062 3061 3052 3059 3060 3062 3051 3053 3055 3052 3061 3053 3047 3054 3056 3054 3051 3055 3050 3046 3045 3045 3047 3056 3048 3039 3049 3050 3049 3046 3040 3043 3041 3048 3040 3039 3042 3044 3001 3041 3043 3042 3002 3001 3044 3074 3075 3076 3077 3076 3078 3075 3078 3076 3079 3080 3077 3077 3078 3079 3080 3081 3082 3081 3080 3079 3083 3082 3084 3081 3084 3082 3085 3086 3083 3083 3084 3085 3086 3087 3088 3087 3086 3085 3089 3088 3090 3087 3090 3088 3091 3092 3089 3089 3090 3091 3092 3093 3094 3093 3092 3091 3095 3094 3096 3093 3096 3094 3097 3098 3095 3095 3096 3097 3098 3099 3100 3099 3098 3097 3101 3100 3102 3099 3102 3100 3103 3104 3101 3101 3102 3103 3104 3105 3106 3105 3104 3103 3107 3106 3108 3105 3108 3106 3109 3110 3107 3107 3108 3109 3111 3110 3109 3111 3112 3110 3075 3074 3113 3114 3115 3113 3113 3074 3114 3115 3116 3117 3116 3115 3114 3118 3117 3119 3116 3119 3117 3120 3121 3118 3118 3119 3120 3121 3122 3123 3122 3121 3120 3124 3123 3125 3122 3125 3123 3126 3127 3124 3124 3125 3126 3127 3128 3129 3128 3127 3126 3130 3129 3131 3128 3131 3129 3132 3133 3130 3130 3131 3132 3133 3134 3135 3134 3133 3132 3136 3135 3137 3134 3137 3135 3138 3139 3136 3136 3137 3138 3139 3140 3141 3140 3139 3138 3142 3141 3143 3140 3143 3141 3144 3145 3142 3142 3143 3144 3145 3146 3147 3146 3145 3144 3146 3112 3147 3147 3112 3111 3148 3149 3150 3151 3152 3153 3154 3155 3156 3157 3158 3159 3160 3161 3162 3163 3164 3165 3166 3167 3168 3169 3170 3171 3172 3173 3174 3175 3176 3177 3178 3179 3180 3181 3182 3183 3184 3185 3186 3187 3188 3189 3190 3191 3192 3193 3194 3195 3196 3197 3198 3199 3200 3201 3202 3203 3204 3205 3206 3207 3207 3201 3205 3208 3209 3206 3207 3206 3209 3210 3208 3211 3208 3210 3209 3211 3212 3213 3213 3210 3211 3214 3215 3212 3213 3212 3215 3216 3214 3217 3214 3216 3215 3217 3218 3219 3219 3216 3217 3220 3221 3218 3219 3218 3221 3149 3220 3150 3220 3149 3221 3200 3199 3204 3201 3200 3205 3194 3203 3202 3202 3204 3199 3197 3193 3195 3193 3203 3194 3196 3198 3187 3197 3195 3198 3189 3188 3190 3196 3187 3189 3191 3183 3192 3188 3191 3190 3181 3186 3182 3183 3182 3192 3176 3185 3184 3184 3186 3181 3179 3175 3177 3175 3185 3176 3178 3180 3169 3179 3177 3180 3171 3170 3172 3178 3169 3171 3173 3165 3174 3170 3173 3172 3163 3168 3164 3165 3164 3174 3158 3167 3166 3166 3168 3163 3161 3157 3159 3157 3167 3158 3160 3162 3151 3161 3159 3162 3153 3152 3156 3160 3151 3153 3154 3148 3155 3152 3154 3156 3150 3155 3148 3374 3375 3376 3377 3378 3379 3380 3381 3375 3376 3375 3381 3382 3380 3383 3380 3382 3381 3383 3384 3385 3385 3382 3383 3386 3387 3384 3385 3384 3387 3388 3386 3389 3386 3388 3387 3389 3390 3391 3391 3388 3389 3392 3393 3390 3391 3390 3393 3394 3392 3395 3392 3394 3393 3396 3394 3395 3396 3395 3397 3376 3398 3374 3399 3398 3400 3398 3399 3374 3400 3401 3402 3402 3399 3400 3403 3404 3401 3402 3401 3404 3405 3403 3406 3403 3405 3404 3406 3407 3408 3408 3405 3406 3409 3410 3407 3408 3407 3410 3411 3409 3412 3409 3411 3410 3412 3413 3414 3414 3411 3412 3414 3413 3379 3415 3416 3417 3413 3377 3379 3418 3419 3420 3421 3422 3423 3424 3425 3426 3427 3428 3429 3430 3431 3432 3433 3434 3435 3436 3437 3438 3439 3440 3441 3442 3443 3444 3436 3444 3443 3442 3445 3446 3445 3442 3444 3447 3448 3446 3446 3445 3447 3397 3448 3449 3447 3449 3448 3396 3397 3449 3438 3437 3440 3436 3443 3437 3439 3441 3432 3438 3440 3439 3430 3433 3431 3441 3430 3432 3434 3425 3435 3433 3435 3431 3429 3424 3426 3426 3425 3434 3418 3428 3427 3428 3424 3429 3420 3419 3422 3418 3427 3419 3421 3423 3415 3420 3422 3421 3416 3378 3417 3423 3416 3415 3377 3417 3378 3819 3820 3821 3822 3823 3824 3825 3820 3826 3820 3825 3821 3827 3828 3826 3825 3826 3828 3827 3829 3830 3830 3828 3827 3831 3829 3832 3829 3831 3830 3833 3834 3832 3831 3832 3834 3833 3835 3836 3836 3834 3833 3837 3835 3838 3835 3837 3836 3839 3840 3838 3837 3838 3840 3839 3841 3842 3842 3840 3839 3843 3844 3819 3819 3821 3843 3844 3845 3846 3845 3844 3843 3847 3846 3848 3845 3848 3846 3849 3850 3847 3847 3848 3849 3850 3851 3852 3851 3850 3849 3853 3852 3854 3851 3854 3852 3855 3856 3853 3853 3854 3855 3856 3857 3858 3857 3856 3855 3859 3858 3860 3857 3860 3858 3861 3862 3863 3859 3860 3822 3864 3865 3866 3867 3868 3869 3870 3871 3872 3873 3874 3875 3876 3877 3878 3879 3880 3881 3882 3883 3884 3885 3886 3887 3888 3889 3882 3882 3884 3888 3889 3890 3891 3890 3889 3888 3892 3891 3893 3890 3893 3891 3894 3841 3892 3892 3893 3894 3842 3841 3894 3883 3887 3884 3885 3877 3886 3883 3885 3887 3876 3878 3879 3886 3877 3876 3881 3880 3872 3879 3878 3880 3874 3871 3870 3871 3881 3872 3864 3873 3875 3875 3874 3870 3865 3869 3866 3864 3866 3873 3867 3861 3868 3865 3867 3869 3863 3862 3823 3868 3861 3863 3822 3824 3859 3823 3862 3824 3895 3896 3897 3896 3898 3899 3898 3896 3895 3900 3899 3901 3898 3901 3899 3902 3903 3900 3900 3901 3902 3903 3904 3905 3904 3903 3902 3906 3905 3907 3904 3907 3905 3908 3909 3906 3906 3907 3908 3909 3910 3911 3910 3909 3908 3912 3911 3913 3910 3913 3911 3914 3915 3912 3912 3913 3914 3914 3916 3915 3917 3916 3918 3916 3917 3915 3919 3920 3918 3917 3918 3920 3919 3921 3922 3922 3920 3919 3923 3921 3924 3921 3923 3922 3925 3926 3924 3923 3924 3926 3925 3927 3928 3928 3926 3925 3929 3927 3930 3927 3929 3928 3931 3932 3930 3929 3930 3932 3931 3933 3934 3934 3932 3931 3897 3935 3895 3936 3937 3935 3935 3897 3936 3937 3938 3939 3938 3937 3936 3940 3939 3941 3938 3941 3939 3942 3943 3940 3940 3941 3942 3943 3944 3945 3944 3943 3942 3946 3945 3947 3944 3947 3945 3948 3949 3946 3946 3947 3948 3949 3950 3951 3950 3949 3948 3952 3951 3953 3950 3953 3951 3954 3955 3952 3952 3953 3954 3955 3956 3957 3956 3955 3954 3958 3957 3959 3956 3959 3957 3960 3961 3958 3958 3959 3960 3961 3962 3963 3962 3961 3960 3964 3963 3965 3962 3965 3963 3966 3967 3964 3964 3965 3966 3967 3968 3969 3968 3967 3966 3968 3934 3969 3969 3934 3933 4045 4046 4047 4048 4046 4049 4046 4048 4047 4050 4051 4049 4048 4049 4051 4050 4052 4053 4053 4051 4050 4054 4052 4055 4052 4054 4053 4056 4057 4055 4054 4055 4057 4056 4058 4059 4059 4057 4056 4060 4058 4061 4058 4060 4059 4062 4063 4061 4060 4061 4063 4062 4064 4065 4065 4063 4062 4066 4064 4067 4064 4066 4065 4068 4069 4067 4066 4067 4069 4068 4070 4071 4071 4069 4068 4072 4070 4073 4070 4072 4071 4074 4075 4073 4072 4073 4075 4074 4076 4077 4077 4075 4074 4078 4076 4079 4076 4078 4077 4080 4081 4079 4078 4079 4081 4080 4082 4083 4083 4081 4080 4084 4085 4045 4045 4047 4084 4085 4086 4087 4086 4085 4084 4088 4087 4089 4086 4089 4087 4090 4091 4088 4088 4089 4090 4091 4092 4093 4092 4091 4090 4094 4093 4095 4092 4095 4093 4096 4097 4094 4094 4095 4096 4097 4098 4099 4098 4097 4096 4100 4099 4101 4098 4101 4099 4102 4103 4100 4100 4101 4102 4103 4104 4105 4104 4103 4102 4106 4105 4107 4104 4107 4105 4108 4109 4106 4106 4107 4108 4109 4110 4111 4110 4109 4108 4112 4111 4113 4110 4113 4111 4114 4115 4112 4112 4113 4114 4115 4116 4117 4116 4115 4114 4082 4117 4118 4116 4118 4117 4082 4118 4083 4119 4120 4121 4122 4123 4124 4125 4120 4126 4120 4125 4121 4127 4128 4126 4125 4126 4128 4127 4129 4130 4130 4128 4127 4131 4129 4132 4129 4131 4130 4133 4134 4132 4131 4132 4134 4133 4135 4136 4136 4134 4133 4137 4135 4138 4135 4137 4136 4139 4140 4138 4137 4138 4140 4139 4141 4142 4142 4140 4139 4119 4121 4143 4143 4144 4145 4145 4119 4143 4146 4144 4147 4144 4146 4145 4148 4149 4147 4146 4147 4149 4148 4150 4151 4151 4149 4148 4152 4150 4153 4150 4152 4151 4154 4155 4153 4152 4153 4155 4154 4156 4157 4157 4155 4154 4158 4156 4124 4156 4158 4157 4158 4124 4123 4159 4160 4161 4162 4163 4164 4165 4166 4167 4168 4169 4170 4171 4172 4173 4174 4175 4176 4177 4178 4179 4180 4181 4182 4183 4184 4185 4186 4187 4184 4188 4189 4183 4183 4185 4188 4189 4190 4191 4190 4189 4188 4192 4191 4193 4190 4193 4191 4142 4141 4192 4192 4193 4142 4177 4187 4186 4184 4187 4185 4178 4180 4179 4186 4178 4177 4182 4181 4172 4179 4180 4182 4171 4173 4175 4172 4181 4173 4167 4174 4176 4174 4171 4175 4170 4166 4165 4165 4167 4176 4168 4159 4169 4170 4169 4166 4160 4163 4161 4168 4160 4159 4162 4164 4122 4161 4163 4162 4123 4122 4164</p>
        </triangles>
      </mesh>
    </geometry>
  </library_geometries>

  <library_visual_scenes>
    <visual_scene id="ID1">
      <node id="ID2">
        <instance_geometry url="#ID3">
          <bind_material>
            <technique_common>
              <instance_material symbol="ID9" target="#ID9"/>
              <instance_material symbol="ID10" target="#ID10"/>
              <instance_material symbol="ID11" target="#ID11"/>
            </technique_common>
          </bind_material>
        </instance_geometry>
      </node>
    </visual_scene>
  </library_visual_scenes>

  <scene>
    <instance_visual_scene url="#ID1"/>
  </scene>

  <library_nodes/>

</COLLADA>
